$MeshFormat
2.2 0 8
$EndMeshFormat
$MeshVersion
2.3
$EndMeshVersion
$Nodes
2701
1 0.274498225972 0.000000000000 0.000000000000
2 0.264708654225 0.093388077136 0.000000000000
3 0.278827109611 0.116714608464 0.000000000000
4 0.420723308816 0.000000000000 0.000000000000
5 0.412868715937 0.049701832619 0.000000000000
6 0.478429891566 0.349151064584 0.000000000000
7 0.445005542398 0.376514457408 0.000000000000
8 0.457281857531 0.316523971936 0.000000000000
9 0.414892656386 0.375757901742 0.000000000000
10 0.078451610868 1.000000000000 0.000000000000
11 0.097865640463 0.898331384109 0.000000000000
12 0.194076551405 0.926909991936 0.000000000000
13 0.191481740283 0.875254144526 0.000000000000
14 0.413507041681 1.000000000000 0.000000000000
15 0.350334694096 0.843130260983 0.000000000000
16 0.307226186416 0.865686477698 0.000000000000
17 0.304826572028 1.000000000000 0.000000000000
18 0.296965923700 0.903390193574 0.000000000000
19 0.203291481016 0.761892720498 0.000000000000
20 0.260495988267 0.802788724792 0.000000000000
21 0.301410459860 0.727228003440 0.000000000000
22 0.157485444581 0.796864754881 0.000000000000
23 0.185351536709 0.826060930444 0.000000000000
24 0.751065928722 0.448011130714 0.000000000000
25 0.723319271171 0.469028715638 0.000000000000
26 0.777477244581 0.552872371544 0.000000000000
27 0.755433152327 0.543818334675 0.000000000000
28 0.000000000000 0.130595862094 0.000000000000
29 0.092678041584 0.122889672150 0.000000000000
30 0.070080695433 0.262884848773 0.000000000000
31 0.000000000000 0.247399595587 0.000000000000
32 0.059163272227 0.270894099947 0.000000000000
33 0.788721978679 0.608692522819 0.000000000000
34 0.869234608361 0.719501762076 0.000000000000
35 0.904939490049 0.672431705918 0.000000000000
36 0.863429737714 0.643684156875 0.000000000000
37 0.697514380166 0.685956803825 0.000000000000
38 0.730100575199 0.739084672738 0.000000000000
39 1.000000000000 0.516474640274 0.000000000000
40 0.957790950690 0.523066444717 0.000000000000
41 1.000000000000 0.700727000399 0.000000000000
42 0.655997996921 0.465800136908 0.000000000000
43 0.629645818799 0.451128560419 0.000000000000
44 0.653770246545 0.555640051037 0.000000000000
45 0.640494625484 0.569707553119 0.000000000000
46 0.562200528831 0.547156110968 0.000000000000
47 0.390674847955 0.792606284451 0.000000000000
48 0.906336171118 0.311213671487 0.000000000000
49 1.000000000000 0.335854762334 0.000000000000
50 0.920809879416 0.338756029280 0.000000000000
51 1.000000000000 0.286363746627 0.000000000000
52 0.922718728897 0.241999248319 0.000000000000
53 0.164844466410 0.184058780786 0.000000000000
54 0.158802738815 0.222106252253 0.000000000000
55 0.125394629378 0.116298003293 0.000000000000
56 0.531993116091 0.677355238492 0.000000000000
57 0.590018469174 0.713050012563 0.000000000000
58 0.672747142093 0.679327945315 0.000000000000
59 0.256593020553 0.465056457990 0.000000000000
60 0.309727576619 0.409222101182 0.000000000000
61 0.393203695166 0.449210084987 0.000000000000
62 0.399704138946 0.484021038129 0.000000000000
63 0.404102567808 0.471673726185 0.000000000000
64 0.250201157614 0.556779004179 0.000000000000
65 0.266328266990 0.582746270786 0.000000000000
66 0.475088946521 0.572701074915 0.000000000000
67 0.489935906415 0.464674921403 0.000000000000
68 0.507976429711 0.461810716091 0.000000000000
69 1.000000000000 0.773065183211 0.000000000000
70 0.883498066461 0.809121271469 0.000000000000
71 0.866441832389 0.763784295976 0.000000000000
72 0.423504595869 0.543561824614 0.000000000000
73 0.148949403371 0.000000000000 0.000000000000
74 0.227562217276 0.091579438286 0.000000000000
75 0.121288028282 0.000000000000 0.000000000000
76 0.402225018713 0.287804747842 0.000000000000
77 0.325041099888 0.315564238783 0.000000000000
78 0.369696868427 0.319056171046 0.000000000000
79 0.398979538236 0.186042957550 0.000000000000
80 0.326048757536 0.193418695848 0.000000000000
81 0.549795723455 0.396262277826 0.000000000000
82 0.707213639828 1.000000000000 0.000000000000
83 0.707080179136 0.987316587867 0.000000000000
84 0.612916138144 0.903728490194 0.000000000000
85 0.496303496429 1.000000000000 0.000000000000
86 0.523068751608 0.948509657906 0.000000000000
87 1.000000000000 0.931580676183 0.000000000000
88 0.877536996273 0.877379951211 0.000000000000
89 0.892502349863 0.492421981115 0.000000000000
90 0.862132172703 0.462202917580 0.000000000000
91 0.472361701976 0.627820875622 0.000000000000
92 0.496339226756 0.680183081974 0.000000000000
93 0.256351880056 0.234118460580 0.000000000000
94 0.232583206861 0.331288219362 0.000000000000
95 0.286907670243 0.345249240042 0.000000000000
96 0.310326588994 0.186156997116 0.000000000000
97 0.693443370714 0.218850262897 0.000000000000
98 0.735774889469 0.168366784909 0.000000000000
99 0.694649354443 0.303527466892 0.000000000000
100 0.803171183325 0.184217314057 0.000000000000
101 0.721156180095 0.327655299098 0.000000000000
102 0.805833921515 0.296486304934 0.000000000000
103 0.837575954915 0.214429880472 0.000000000000
104 0.877356309730 0.203221222675 0.000000000000
105 0.677077708436 0.461062057066 0.000000000000
106 0.692146994116 0.468015097094 0.000000000000
107 0.724474988521 0.368673710047 0.000000000000
108 0.765635354772 0.427236047720 0.000000000000
109 0.715009513425 0.540549579756 0.000000000000
110 0.603271822454 0.411247435859 0.000000000000
111 0.283745841673 0.149997636888 0.000000000000
112 0.435076076021 0.167194078479 0.000000000000
113 0.718068596102 0.341720059623 0.000000000000
114 1.000000000000 0.000000000000 0.000000000000
115 1.000000000000 0.086024680470 0.000000000000
116 0.868227358410 0.000000000000 0.000000000000
117 0.893424522777 0.042634471176 0.000000000000
118 0.806258465205 0.793230696280 0.000000000000
119 0.821344161320 0.857511135190 0.000000000000
120 0.843725054598 0.886689162096 0.000000000000
121 0.399696476579 0.609986024557 0.000000000000
122 0.362310961062 0.635015199543 0.000000000000
123 0.000000000000 1.000000000000 0.000000000000
124 0.000000000000 0.768570874136 0.000000000000
125 0.049759543586 0.772276482455 0.000000000000
126 0.291933694321 0.853393669702 0.000000000000
127 0.458488794710 0.303538617514 0.000000000000
128 0.559802206673 0.326520679367 0.000000000000
129 0.581485360631 0.280349587414 0.000000000000
130 0.495336378244 0.194690713790 0.000000000000
131 0.556317146383 0.208301632857 0.000000000000
132 1.000000000000 0.145720431961 0.000000000000
133 0.894949244813 0.179076180753 0.000000000000
134 0.732570046825 0.767196827053 0.000000000000
135 0.722861908863 0.801939082594 0.000000000000
136 0.829092855789 1.000000000000 0.000000000000
137 0.785671317639 0.925562193213 0.000000000000
138 0.802137709661 0.925528457484 0.000000000000
139 0.402604414452 0.775020328979 0.000000000000
140 0.318058066774 0.707875960439 0.000000000000
141 0.858067027258 0.372122232994 0.000000000000
142 0.073279423232 0.634739015047 0.000000000000
143 0.101563729243 0.584863894040 0.000000000000
144 0.140448876184 0.640127789796 0.000000000000
145 0.122950900603 0.695101337030 0.000000000000
146 0.584459323652 0.750130806986 0.000000000000
147 0.475020395408 0.829933930659 0.000000000000
148 0.693705911621 0.847043694527 0.000000000000
149 0.449953248447 0.000000000000 0.000000000000
150 0.525997855785 0.075844470231 0.000000000000
151 0.471226853557 0.178632280968 0.000000000000
152 0.213899927530 0.334340829709 0.000000000000
153 1.000000000000 0.381179526317 0.000000000000
154 0.866444817842 0.441669269171 0.000000000000
155 0.090326210875 0.761187080160 0.000000000000
156 0.301676032657 0.658497486711 0.000000000000
157 0.214962877770 0.695702970176 0.000000000000
158 0.634681434021 0.869719464564 0.000000000000
159 0.000000000000 0.412624273565 0.000000000000
160 0.073243794695 0.313906515528 0.000000000000
161 0.126504981136 0.444430870315 0.000000000000
162 0.161143592859 0.384292611155 0.000000000000
163 0.556454477414 0.075207344421 0.000000000000
164 0.612510823133 0.130273504494 0.000000000000
165 0.586483000218 0.180335248787 0.000000000000
166 0.576435400544 0.000000000000 0.000000000000
167 0.610698889725 0.000000000000 0.000000000000
168 0.655798477460 0.102451930707 0.000000000000
169 0.000000000000 0.650954880722 0.000000000000
170 0.000000000000 0.549558496131 0.000000000000
171 0.086815346224 0.542602209908 0.000000000000
172 1.000000000000 1.000000000000 0.000000000000
173 0.120167577725 0.715781247675 0.000000000000
174 0.280562742513 1.000000000000 0.000000000000
175 0.684218642574 0.101142152143 0.000000000000
176 0.804291317089 0.000000000000 0.000000000000
177 0.772149590129 0.000000000000 0.000000000000
178 0.000000000000 0.000000000000 0.000000000000
179 0.127255397964 0.509073082719 0.000000000000
180 0.298869073113 0.000000000000 0.000000000000
181 0.323239920253 0.000000000000 0.000000000000
182 0.347610767394 0.000000000000 0.000000000000
183 0.371981614535 0.000000000000 0.000000000000
184 0.396352461675 0.000000000000 0.000000000000
185 0.272050833035 0.023347019284 0.000000000000
186 0.269603440099 0.046694038568 0.000000000000
187 0.267156047162 0.070041057852 0.000000000000
188 0.271767881918 0.105051342800 0.000000000000
189 0.301167377332 0.105545812490 0.000000000000
190 0.323507645053 0.094377016516 0.000000000000
191 0.345847912774 0.083208220541 0.000000000000
192 0.368188180495 0.072039424567 0.000000000000
193 0.390528448216 0.060870628593 0.000000000000
194 0.416796012376 0.024850916309 0.000000000000
195 0.461717716982 0.362832760996 0.000000000000
196 0.467855874548 0.332837518260 0.000000000000
197 0.443152123816 0.336268615205 0.000000000000
198 0.429022390101 0.356013258473 0.000000000000
199 0.429949099392 0.376136179575 0.000000000000
200 0.093982834544 0.918665107287 0.000000000000
201 0.090100028625 0.938998830465 0.000000000000
202 0.086217222706 0.959332553644 0.000000000000
203 0.082334416787 0.979666276822 0.000000000000
204 0.097722434291 0.987818331989 0.000000000000
205 0.116993257714 0.975636663979 0.000000000000
206 0.136264081136 0.963454995968 0.000000000000
207 0.155534904559 0.951273327957 0.000000000000
208 0.174805727982 0.939091659947 0.000000000000
209 0.193211614364 0.909691376133 0.000000000000
210 0.192346677324 0.892472760329 0.000000000000
211 0.168077715328 0.881023454422 0.000000000000
212 0.144673690373 0.886792764317 0.000000000000
213 0.121269665418 0.892562074213 0.000000000000
214 0.391770947750 1.000000000000 0.000000000000
215 0.370034853820 1.000000000000 0.000000000000
216 0.348298759889 1.000000000000 0.000000000000
217 0.326562665959 1.000000000000 0.000000000000
218 0.404482420597 0.977590037283 0.000000000000
219 0.395457799514 0.955180074567 0.000000000000
220 0.386433178430 0.932770111850 0.000000000000
221 0.377408557347 0.910360149133 0.000000000000
222 0.368383936263 0.887950186416 0.000000000000
223 0.359359315180 0.865540223700 0.000000000000
224 0.328780440256 0.854408369341 0.000000000000
225 0.302096055058 0.884538335636 0.000000000000
226 0.298931085782 0.927542645181 0.000000000000
227 0.300896247864 0.951695096787 0.000000000000
228 0.302861409946 0.975847548393 0.000000000000
229 0.270724606165 0.783898544454 0.000000000000
230 0.280953224063 0.765008364116 0.000000000000
231 0.291181841962 0.746118183778 0.000000000000
232 0.281786664091 0.734160946852 0.000000000000
233 0.262162868322 0.741093890263 0.000000000000
234 0.242539072554 0.748026833675 0.000000000000
235 0.222915276785 0.754959777086 0.000000000000
236 0.188022802204 0.773550065292 0.000000000000
237 0.172754123393 0.785207410087 0.000000000000
238 0.171418490645 0.811462842662 0.000000000000
239 0.204137649599 0.820242879031 0.000000000000
240 0.222923762488 0.814424827618 0.000000000000
241 0.241709875377 0.808606776205 0.000000000000
242 0.737192599946 0.458519923176 0.000000000000
243 0.731347741460 0.487726120397 0.000000000000
244 0.739376211749 0.506423525156 0.000000000000
245 0.747404682038 0.525120929916 0.000000000000
246 0.772194981409 0.531900123378 0.000000000000
247 0.766912718237 0.510927875212 0.000000000000
248 0.761630455066 0.489955627046 0.000000000000
249 0.756348191894 0.468983378880 0.000000000000
250 0.000000000000 0.224038848888 0.000000000000
251 0.000000000000 0.200678102190 0.000000000000
252 0.000000000000 0.177317355491 0.000000000000
253 0.000000000000 0.153956608793 0.000000000000
254 0.073846919791 0.239552319336 0.000000000000
255 0.077613144150 0.216219789899 0.000000000000
256 0.081379368508 0.192887260462 0.000000000000
257 0.085145592867 0.169554731024 0.000000000000
258 0.088911817225 0.146222201587 0.000000000000
259 0.069508531188 0.124816219636 0.000000000000
260 0.046339020792 0.126742767122 0.000000000000
261 0.023169510396 0.128669314608 0.000000000000
262 0.019721090742 0.255231097040 0.000000000000
263 0.039442181485 0.263062598494 0.000000000000
264 0.881136235590 0.703811743357 0.000000000000
265 0.893037862820 0.688121724637 0.000000000000
266 0.884184613881 0.658057931397 0.000000000000
267 0.844752797955 0.634936248361 0.000000000000
268 0.826075858196 0.626188339847 0.000000000000
269 0.807398918438 0.617440431333 0.000000000000
270 0.770480458976 0.624145379020 0.000000000000
271 0.752238939274 0.639598235221 0.000000000000
272 0.733997419571 0.655051091423 0.000000000000
273 0.715755899869 0.670503947624 0.000000000000
274 0.708376445177 0.703666093463 0.000000000000
275 0.719238510188 0.721375383100 0.000000000000
276 0.753289580726 0.735820854294 0.000000000000
277 0.776478586253 0.732557035851 0.000000000000
278 0.799667591780 0.729293217407 0.000000000000
279 0.822856597307 0.726029398963 0.000000000000
280 0.846045602834 0.722765580520 0.000000000000
281 1.000000000000 0.539506185290 0.000000000000
282 1.000000000000 0.562537730305 0.000000000000
283 1.000000000000 0.585569275321 0.000000000000
284 1.000000000000 0.608600820337 0.000000000000
285 1.000000000000 0.631632365352 0.000000000000
286 1.000000000000 0.654663910368 0.000000000000
287 1.000000000000 0.677695455383 0.000000000000
288 0.978895475345 0.519770542496 0.000000000000
289 0.950240742027 0.544404339174 0.000000000000
290 0.942690533364 0.565742233632 0.000000000000
291 0.935140324701 0.587080128089 0.000000000000
292 0.927590116038 0.608418022546 0.000000000000
293 0.920039907375 0.629755917003 0.000000000000
294 0.912489698712 0.651093811461 0.000000000000
295 0.928704617537 0.679505529538 0.000000000000
296 0.952469745024 0.686579353159 0.000000000000
297 0.976234872512 0.693653176779 0.000000000000
298 0.654327184139 0.533180072505 0.000000000000
299 0.654884121733 0.510720093972 0.000000000000
300 0.655441059327 0.488260115440 0.000000000000
301 0.642821907860 0.458464348663 0.000000000000
302 0.616156760805 0.470334070529 0.000000000000
303 0.602667702812 0.489539580639 0.000000000000
304 0.589178644818 0.508745090748 0.000000000000
305 0.575689586825 0.527950600858 0.000000000000
306 0.581774052994 0.552793971506 0.000000000000
307 0.601347577158 0.558431832043 0.000000000000
308 0.620921101321 0.564069692581 0.000000000000
309 0.410970131267 0.976956253828 0.000000000000
310 0.408433220853 0.953912507656 0.000000000000
311 0.405896310439 0.930868761484 0.000000000000
312 0.403359400025 0.907825015312 0.000000000000
313 0.400822489611 0.884781269139 0.000000000000
314 0.398285579197 0.861737522967 0.000000000000
315 0.395748668783 0.838693776795 0.000000000000
316 0.393211758369 0.815650030623 0.000000000000
317 0.377228130002 0.809447609962 0.000000000000
318 0.363781412049 0.826288935472 0.000000000000
319 1.000000000000 0.311109254480 0.000000000000
320 0.913573025267 0.324984850384 0.000000000000
321 0.940607409562 0.338030712543 0.000000000000
322 0.960404939708 0.337305395807 0.000000000000
323 0.980202469854 0.336580079071 0.000000000000
324 0.980679682224 0.275272622050 0.000000000000
325 0.961359364449 0.264181497473 0.000000000000
326 0.942039046673 0.253090372896 0.000000000000
327 0.917257876304 0.265070722708 0.000000000000
328 0.911797023711 0.288142197098 0.000000000000
329 0.092261206278 0.252690199643 0.000000000000
330 0.114441717124 0.242495550513 0.000000000000
331 0.136622227969 0.232300901383 0.000000000000
332 0.161823602613 0.203082516519 0.000000000000
333 0.154982007152 0.167118586413 0.000000000000
334 0.145119547894 0.150178392040 0.000000000000
335 0.135257088636 0.133238197666 0.000000000000
336 0.109036335481 0.119593837722 0.000000000000
337 0.557165960041 0.568855965555 0.000000000000
338 0.552131391251 0.590555820143 0.000000000000
339 0.547096822461 0.612255674730 0.000000000000
340 0.542062253671 0.633955529317 0.000000000000
341 0.537027684881 0.655655383905 0.000000000000
342 0.551334900452 0.689253496516 0.000000000000
343 0.570676684813 0.701151754539 0.000000000000
344 0.610700637404 0.704619495751 0.000000000000
345 0.631382805634 0.696188978939 0.000000000000
346 0.652064973863 0.687758462127 0.000000000000
347 0.666296638771 0.657403866876 0.000000000000
348 0.659846135449 0.635479788437 0.000000000000
349 0.653395632128 0.613555709997 0.000000000000
350 0.646945128806 0.591631631558 0.000000000000
351 0.372334665529 0.439213089036 0.000000000000
352 0.351465635893 0.429216093084 0.000000000000
353 0.330596606256 0.419219097133 0.000000000000
354 0.296443937603 0.423180690384 0.000000000000
355 0.283160298586 0.437139279586 0.000000000000
356 0.269876659569 0.451097868788 0.000000000000
357 0.254995054818 0.487987094537 0.000000000000
358 0.253397089084 0.510917731085 0.000000000000
359 0.251799123349 0.533848367632 0.000000000000
360 0.258264712302 0.569762637483 0.000000000000
361 0.285381962984 0.568642666121 0.000000000000
362 0.304435658977 0.554539061455 0.000000000000
363 0.323489354971 0.540435456790 0.000000000000
364 0.342543050965 0.526331852125 0.000000000000
365 0.361596746959 0.512228247460 0.000000000000
366 0.380650442952 0.498124642794 0.000000000000
367 0.496866842098 0.566314833928 0.000000000000
368 0.518644737676 0.559928592941 0.000000000000
369 0.540422633254 0.553542351955 0.000000000000
370 0.548644504051 0.525819762249 0.000000000000
371 0.535088479271 0.504483413529 0.000000000000
372 0.521532454491 0.483147064810 0.000000000000
373 0.486966514436 0.486280152105 0.000000000000
374 0.483997122457 0.507885382808 0.000000000000
375 0.481027730479 0.529490613510 0.000000000000
376 0.478058338500 0.551095844213 0.000000000000
377 1.000000000000 0.724839728003 0.000000000000
378 1.000000000000 0.748952455607 0.000000000000
379 0.867838220375 0.741643029026 0.000000000000
380 0.874969949425 0.786452783722 0.000000000000
381 0.906798453169 0.801910053817 0.000000000000
382 0.930098839877 0.794698836166 0.000000000000
383 0.953399226584 0.787487618514 0.000000000000
384 0.976699613292 0.780276400863 0.000000000000
385 0.440699379420 0.553274908048 0.000000000000
386 0.457894162970 0.562987991481 0.000000000000
387 0.468477571763 0.466424622598 0.000000000000
388 0.447019237112 0.468174323794 0.000000000000
389 0.425560902460 0.469924024989 0.000000000000
390 0.407637624587 0.503867966957 0.000000000000
391 0.415571110228 0.523714895786 0.000000000000
392 0.135118715826 0.000000000000 0.000000000000
393 0.211839654495 0.073263550629 0.000000000000
394 0.196117091714 0.054947662972 0.000000000000
395 0.180394528933 0.036631775314 0.000000000000
396 0.164671966152 0.018315887657 0.000000000000
397 0.122109348501 0.023259600659 0.000000000000
398 0.122930668720 0.046519201317 0.000000000000
399 0.123751988940 0.069778801976 0.000000000000
400 0.124573309159 0.093038402634 0.000000000000
401 0.145828146958 0.111354290292 0.000000000000
402 0.166261664537 0.106410577290 0.000000000000
403 0.186695182117 0.101466864289 0.000000000000
404 0.207128699696 0.096523151287 0.000000000000
405 0.347368984158 0.317310204915 0.000000000000
406 0.385960943570 0.303430459444 0.000000000000
407 0.401575922618 0.267452389784 0.000000000000
408 0.400926826522 0.247100031725 0.000000000000
409 0.400277730427 0.226747673667 0.000000000000
410 0.399628634331 0.206395315608 0.000000000000
411 0.374669278003 0.188501536983 0.000000000000
412 0.350359017769 0.190960116415 0.000000000000
413 0.325847226006 0.217847804435 0.000000000000
414 0.325645694477 0.242276913022 0.000000000000
415 0.325444162947 0.266706021609 0.000000000000
416 0.325242631418 0.291135130196 0.000000000000
417 0.465963578609 0.380464021492 0.000000000000
418 0.486921614821 0.384413585575 0.000000000000
419 0.507879651032 0.388363149659 0.000000000000
420 0.528837687244 0.392312713742 0.000000000000
421 0.531954265483 0.384484474515 0.000000000000
422 0.514112807511 0.372706671205 0.000000000000
423 0.496271349538 0.360928867895 0.000000000000
424 0.683779179450 1.000000000000 0.000000000000
425 0.660344719073 1.000000000000 0.000000000000
426 0.636910258695 1.000000000000 0.000000000000
427 0.613475798317 1.000000000000 0.000000000000
428 0.590041337940 1.000000000000 0.000000000000
429 0.566606877562 1.000000000000 0.000000000000
430 0.543172417184 1.000000000000 0.000000000000
431 0.519737956807 1.000000000000 0.000000000000
432 0.688247370938 0.970598968332 0.000000000000
433 0.669414562739 0.953881348798 0.000000000000
434 0.650581754541 0.937163729263 0.000000000000
435 0.631748946342 0.920446109729 0.000000000000
436 0.590454291510 0.914923782122 0.000000000000
437 0.567992444876 0.926119074050 0.000000000000
438 0.545530598242 0.937314365978 0.000000000000
439 0.514146999882 0.965673105271 0.000000000000
440 0.505225248155 0.982836552635 0.000000000000
441 0.174059167891 0.000000000000 0.000000000000
442 0.199168932411 0.000000000000 0.000000000000
443 0.224278696932 0.000000000000 0.000000000000
444 0.249388461452 0.000000000000 0.000000000000
445 0.246135435751 0.092483757711 0.000000000000
446 1.000000000000 0.795710253636 0.000000000000
447 1.000000000000 0.818355324060 0.000000000000
448 1.000000000000 0.841000394485 0.000000000000
449 1.000000000000 0.863645464909 0.000000000000
450 1.000000000000 0.886290535334 0.000000000000
451 1.000000000000 0.908935605758 0.000000000000
452 0.881511043065 0.831874164716 0.000000000000
453 0.879524019669 0.854627057964 0.000000000000
454 0.897947496894 0.886413405373 0.000000000000
455 0.918357997515 0.895446859535 0.000000000000
456 0.938768498136 0.904480313697 0.000000000000
457 0.959178998758 0.913513767859 0.000000000000
458 0.979589499379 0.922547222021 0.000000000000
459 0.781225489280 0.571479088636 0.000000000000
460 0.784973733980 0.590085805727 0.000000000000
461 0.867582968021 0.622075274624 0.000000000000
462 0.871736198328 0.600466392372 0.000000000000
463 0.875889428635 0.578857510121 0.000000000000
464 0.880042658942 0.557248627869 0.000000000000
465 0.884195889249 0.535639745618 0.000000000000
466 0.888349119556 0.514030863366 0.000000000000
467 0.877317261283 0.477312449348 0.000000000000
468 0.845201187079 0.480336808373 0.000000000000
469 0.828270201454 0.498470699166 0.000000000000
470 0.811339215830 0.516604589958 0.000000000000
471 0.794408230205 0.534738480751 0.000000000000
472 0.474179865006 0.591074341817 0.000000000000
473 0.473270783491 0.609447608720 0.000000000000
474 0.480354210236 0.645274944406 0.000000000000
475 0.488346718496 0.662729013190 0.000000000000
476 0.514166171423 0.678769160233 0.000000000000
477 0.250409711757 0.258410900276 0.000000000000
478 0.244467543459 0.282703339971 0.000000000000
479 0.238525375160 0.306995779666 0.000000000000
480 0.250691361322 0.335941892922 0.000000000000
481 0.268799515782 0.340595566482 0.000000000000
482 0.305974385066 0.330406739412 0.000000000000
483 0.292335019348 0.202144151604 0.000000000000
484 0.274343449702 0.218131306092 0.000000000000
485 0.780705752040 0.178933804341 0.000000000000
486 0.758240320754 0.173650294625 0.000000000000
487 0.721664383217 0.185194610905 0.000000000000
488 0.707553876966 0.202022436901 0.000000000000
489 0.693744866646 0.240019563896 0.000000000000
490 0.694046362579 0.261188864894 0.000000000000
491 0.694347858511 0.282358165893 0.000000000000
492 0.707902767269 0.315591382995 0.000000000000
493 0.742325615450 0.319863050557 0.000000000000
494 0.763495050805 0.312070802016 0.000000000000
495 0.784664486160 0.304278553475 0.000000000000
496 0.813769429865 0.275972198818 0.000000000000
497 0.821704938215 0.255458092703 0.000000000000
498 0.829640446565 0.234943986588 0.000000000000
499 0.820373569120 0.199323597264 0.000000000000
500 0.825934371436 0.299431778245 0.000000000000
501 0.846034821356 0.302377251555 0.000000000000
502 0.866135271277 0.305322724866 0.000000000000
503 0.886235721197 0.308268198176 0.000000000000
504 0.907597922508 0.229073239771 0.000000000000
505 0.892477116119 0.216147231223 0.000000000000
506 0.857466132323 0.208825551574 0.000000000000
507 0.707733132644 0.468521906366 0.000000000000
508 0.751915232688 0.407715268496 0.000000000000
509 0.738195110605 0.388194489271 0.000000000000
510 0.714995532504 0.387151379451 0.000000000000
511 0.705516076487 0.405629048855 0.000000000000
512 0.696036620470 0.424106718258 0.000000000000
513 0.686557164453 0.442584387662 0.000000000000
514 0.735221332876 0.542183957216 0.000000000000
515 0.694596424465 0.545579736850 0.000000000000
516 0.674183335505 0.550609893943 0.000000000000
517 0.699767833886 0.492193257981 0.000000000000
518 0.707388673655 0.516371418869 0.000000000000
519 0.539340900019 0.412649387392 0.000000000000
520 0.528886076583 0.429036496958 0.000000000000
521 0.518431253147 0.445423606525 0.000000000000
522 0.616458820627 0.431187998139 0.000000000000
523 0.585446456121 0.406252383181 0.000000000000
524 0.567621089788 0.401257330504 0.000000000000
525 0.281286475642 0.133356122676 0.000000000000
526 0.297036215333 0.168077317002 0.000000000000
527 0.417027807129 0.176618518015 0.000000000000
528 0.430634604004 0.143695629307 0.000000000000
529 0.426193131987 0.120197180135 0.000000000000
530 0.421751659971 0.096698730963 0.000000000000
531 0.417310187954 0.073200281791 0.000000000000
532 0.721271792311 0.355196884835 0.000000000000
533 0.698935800494 0.353307955662 0.000000000000
534 0.679803004886 0.364895851702 0.000000000000
535 0.660670209278 0.376483747741 0.000000000000
536 0.641537413670 0.388071643780 0.000000000000
537 0.622404618062 0.399659539820 0.000000000000
538 1.000000000000 0.021506170117 0.000000000000
539 1.000000000000 0.043012340235 0.000000000000
540 1.000000000000 0.064518510353 0.000000000000
541 0.890189465342 0.000000000000 0.000000000000
542 0.912151572273 0.000000000000 0.000000000000
543 0.934113679205 0.000000000000 0.000000000000
544 0.956075786137 0.000000000000 0.000000000000
545 0.978037893068 0.000000000000 0.000000000000
546 0.880825940593 0.021317235588 0.000000000000
547 0.914739618222 0.051312513035 0.000000000000
548 0.936054713666 0.059990554894 0.000000000000
549 0.957369809111 0.068668596752 0.000000000000
550 0.978684904555 0.077346638611 0.000000000000
551 0.846380709994 0.773599762744 0.000000000000
552 0.826319587600 0.783415229512 0.000000000000
553 0.811287030577 0.814657509250 0.000000000000
554 0.816315595948 0.836084322220 0.000000000000
555 0.832534607959 0.872100148643 0.000000000000
556 0.860631025435 0.882034556653 0.000000000000
557 0.448139960177 0.621875925267 0.000000000000
558 0.423918218378 0.615930974912 0.000000000000
559 0.381003718820 0.622500612050 0.000000000000
560 0.384649005344 0.642543179948 0.000000000000
561 0.406987049627 0.650071160353 0.000000000000
562 0.429325093909 0.657599140759 0.000000000000
563 0.451663138191 0.665127121164 0.000000000000
564 0.474001182474 0.672655101569 0.000000000000
565 0.188624741463 0.177246552006 0.000000000000
566 0.212405016515 0.170434323227 0.000000000000
567 0.236185291568 0.163622094447 0.000000000000
568 0.259965566620 0.156809865668 0.000000000000
569 0.000000000000 0.976857087414 0.000000000000
570 0.000000000000 0.953714174827 0.000000000000
571 0.000000000000 0.930571262241 0.000000000000
572 0.000000000000 0.907428349654 0.000000000000
573 0.000000000000 0.884285437068 0.000000000000
574 0.000000000000 0.861142524482 0.000000000000
575 0.000000000000 0.837999611895 0.000000000000
576 0.000000000000 0.814856699309 0.000000000000
577 0.000000000000 0.791713786722 0.000000000000
578 0.058838708151 1.000000000000 0.000000000000
579 0.039225805434 1.000000000000 0.000000000000
580 0.019612902717 1.000000000000 0.000000000000
581 0.089847957650 0.877322233833 0.000000000000
582 0.081830274837 0.856313083558 0.000000000000
583 0.073812592024 0.835303933282 0.000000000000
584 0.065794909212 0.814294783006 0.000000000000
585 0.057777226399 0.793285632731 0.000000000000
586 0.024879771793 0.770423678296 0.000000000000
587 0.281454458970 0.836525354732 0.000000000000
588 0.270975223618 0.819657039762 0.000000000000
589 0.188416638496 0.850657537485 0.000000000000
590 0.211572131091 0.870882049561 0.000000000000
591 0.231662521898 0.866509954596 0.000000000000
592 0.251752912706 0.862137859632 0.000000000000
593 0.271843303513 0.857765764667 0.000000000000
594 0.478751477103 0.308135029885 0.000000000000
595 0.499014159495 0.312731442255 0.000000000000
596 0.519276841888 0.317327854626 0.000000000000
597 0.539539524280 0.321924266996 0.000000000000
598 0.570643783652 0.303435133390 0.000000000000
599 0.575193307069 0.262337598775 0.000000000000
600 0.568901253507 0.244325610136 0.000000000000
601 0.562609199945 0.226313621496 0.000000000000
602 0.535990223670 0.203764659835 0.000000000000
603 0.515663300957 0.199227686812 0.000000000000
604 0.487966861537 0.216460294535 0.000000000000
605 0.480597344830 0.238229875280 0.000000000000
606 0.473227828124 0.259999456024 0.000000000000
607 0.465858311417 0.281769036769 0.000000000000
608 1.000000000000 0.169160984405 0.000000000000
609 1.000000000000 0.192601536850 0.000000000000
610 1.000000000000 0.216042089294 0.000000000000
611 1.000000000000 0.239482641738 0.000000000000
612 1.000000000000 0.262923194183 0.000000000000
613 0.978989848963 0.152391581719 0.000000000000
614 0.957979697925 0.159062731478 0.000000000000
615 0.936969546888 0.165733881236 0.000000000000
616 0.915959395850 0.172405030995 0.000000000000
617 0.886152777271 0.191148701714 0.000000000000
618 0.787836360610 0.786722228973 0.000000000000
619 0.769414256015 0.780213761666 0.000000000000
620 0.750992151420 0.773705294360 0.000000000000
621 0.727715977844 0.784567954824 0.000000000000
622 0.742558359354 0.813053493113 0.000000000000
623 0.762254809846 0.824167903632 0.000000000000
624 0.781951260337 0.835282314152 0.000000000000
625 0.801647710829 0.846396724671 0.000000000000
626 0.398625935471 0.430847039176 0.000000000000
627 0.404048175776 0.412483993365 0.000000000000
628 0.409470416081 0.394120947553 0.000000000000
629 0.399827393733 0.356857324843 0.000000000000
630 0.384762131080 0.337956747945 0.000000000000
631 0.294514305702 0.366573527089 0.000000000000
632 0.302120941160 0.387897814135 0.000000000000
633 0.804717012597 1.000000000000 0.000000000000
634 0.780341169405 1.000000000000 0.000000000000
635 0.755965326212 1.000000000000 0.000000000000
636 0.731589483020 1.000000000000 0.000000000000
637 0.822354069257 0.981382114371 0.000000000000
638 0.815615282725 0.962764228742 0.000000000000
639 0.808876496193 0.944146343113 0.000000000000
640 0.766023533013 0.941000791876 0.000000000000
641 0.746375748387 0.956439390540 0.000000000000
642 0.726727963762 0.971877989203 0.000000000000
643 0.439734202711 0.298293994290 0.000000000000
644 0.420979610712 0.293049371066 0.000000000000
645 0.385695144916 0.761591455271 0.000000000000
646 0.368785875381 0.748162581563 0.000000000000
647 0.351876605845 0.734733707855 0.000000000000
648 0.334967336310 0.721304834147 0.000000000000
649 0.818892197951 0.315395286949 0.000000000000
650 0.831950474387 0.334304268964 0.000000000000
651 0.845008750822 0.353213250979 0.000000000000
652 0.878981311311 0.361000165089 0.000000000000
653 0.899895595363 0.349878097185 0.000000000000
654 0.092135627239 0.601488934376 0.000000000000
655 0.082707525236 0.618113974711 0.000000000000
656 0.085697292575 0.649829595543 0.000000000000
657 0.098115161917 0.664920176038 0.000000000000
658 0.110533031260 0.680010756534 0.000000000000
659 0.128783559130 0.676776821285 0.000000000000
660 0.134616217657 0.658452305541 0.000000000000
661 0.127487160537 0.621706491211 0.000000000000
662 0.114525444890 0.603285192625 0.000000000000
663 0.480716758039 0.695989289808 0.000000000000
664 0.465094289321 0.711795497642 0.000000000000
665 0.449471820604 0.727601705477 0.000000000000
666 0.433849351887 0.743407913311 0.000000000000
667 0.418226883169 0.759214121145 0.000000000000
668 0.420708409691 0.788748729399 0.000000000000
669 0.438812404930 0.802477129819 0.000000000000
670 0.456916400169 0.816205530239 0.000000000000
671 0.493260216782 0.816633410047 0.000000000000
672 0.511500038156 0.803332889435 0.000000000000
673 0.529739859530 0.790032368822 0.000000000000
674 0.547979680904 0.776731848210 0.000000000000
675 0.566219502278 0.763431327598 0.000000000000
676 0.587238896413 0.731590409775 0.000000000000
677 0.713143243116 0.816973953238 0.000000000000
678 0.703424577368 0.832008823883 0.000000000000
679 0.712098992825 0.862747394264 0.000000000000
680 0.730492074028 0.878451094001 0.000000000000
681 0.748885155232 0.894154793739 0.000000000000
682 0.767278236435 0.909858493476 0.000000000000
683 0.816000157973 0.912582025688 0.000000000000
684 0.829862606286 0.899635593892 0.000000000000
685 0.435338278631 0.000000000000 0.000000000000
686 0.510788934317 0.060675576185 0.000000000000
687 0.495580012850 0.045506682139 0.000000000000
688 0.480371091382 0.030337788092 0.000000000000
689 0.465162169915 0.015168894046 0.000000000000
690 0.453151464789 0.172913179724 0.000000000000
691 0.482181054003 0.158074718821 0.000000000000
692 0.493135254448 0.137517156673 0.000000000000
693 0.504089454894 0.116959594526 0.000000000000
694 0.515043655339 0.096402032378 0.000000000000
695 0.553131217861 0.373015078340 0.000000000000
696 0.556466712267 0.349767878853 0.000000000000
697 0.672016555681 0.298891890996 0.000000000000
698 0.649383756918 0.294256315101 0.000000000000
699 0.626750958156 0.289620739205 0.000000000000
700 0.604118159393 0.284985163310 0.000000000000
701 0.475604382742 1.000000000000 0.000000000000
702 0.454905269055 1.000000000000 0.000000000000
703 0.434206155368 1.000000000000 0.000000000000
704 0.515060692241 0.928747036698 0.000000000000
705 0.507052632875 0.908984415490 0.000000000000
706 0.499044573508 0.889221794283 0.000000000000
707 0.491036514141 0.869459173075 0.000000000000
708 0.483028454775 0.849696551867 0.000000000000
709 0.231964594746 0.231115408498 0.000000000000
710 0.207577309436 0.228112356417 0.000000000000
711 0.183190024125 0.225109304335 0.000000000000
712 0.169822176558 0.244553167744 0.000000000000
713 0.180841614301 0.267000083235 0.000000000000
714 0.191861052044 0.289446998727 0.000000000000
715 0.202880489787 0.311893914218 0.000000000000
716 1.000000000000 0.358517144325 0.000000000000
717 0.860859624119 0.395304578386 0.000000000000
718 0.863652220981 0.418486923779 0.000000000000
719 0.888704014868 0.431587645362 0.000000000000
720 0.910963211895 0.421506021553 0.000000000000
721 0.933222408921 0.411424397744 0.000000000000
722 0.955481605947 0.401342773935 0.000000000000
723 0.977740802974 0.391261150126 0.000000000000
724 1.000000000000 0.403728711976 0.000000000000
725 1.000000000000 0.426277897636 0.000000000000
726 1.000000000000 0.448827083296 0.000000000000
727 1.000000000000 0.471376268955 0.000000000000
728 1.000000000000 0.493925454614 0.000000000000
729 0.914265216805 0.502636802316 0.000000000000
730 0.936028083748 0.512851623516 0.000000000000
731 0.135099033346 0.784972196641 0.000000000000
732 0.112712622110 0.773079638400 0.000000000000
733 0.070042877230 0.766731781308 0.000000000000
734 0.483281615901 0.186661497379 0.000000000000
735 0.407632516342 0.587844624576 0.000000000000
736 0.415568556106 0.565703224595 0.000000000000
737 0.275165208407 0.601684074767 0.000000000000
738 0.284002149824 0.620621878749 0.000000000000
739 0.292839091240 0.639559682730 0.000000000000
740 0.321887675459 0.650670057655 0.000000000000
741 0.342099318260 0.642842628599 0.000000000000
742 0.211072412185 0.717766220283 0.000000000000
743 0.207181946601 0.739829470391 0.000000000000
744 0.312597388735 0.691416469196 0.000000000000
745 0.307136710696 0.674956977954 0.000000000000
746 0.279997743935 0.667798857577 0.000000000000
747 0.258319455213 0.677100228443 0.000000000000
748 0.236641166492 0.686401599310 0.000000000000
749 0.626311082293 0.849788021634 0.000000000000
750 0.617940730565 0.829856578705 0.000000000000
751 0.609570378837 0.809925135775 0.000000000000
752 0.601200027108 0.789993692845 0.000000000000
753 0.592829675380 0.770062249916 0.000000000000
754 0.623798786083 0.886723977379 0.000000000000
755 0.058595035756 0.333650067135 0.000000000000
756 0.043946276817 0.353393618743 0.000000000000
757 0.029297517878 0.373137170350 0.000000000000
758 0.014648758939 0.392880721958 0.000000000000
759 0.021084163523 0.417925373023 0.000000000000
760 0.042168327045 0.423226472482 0.000000000000
761 0.063252490568 0.428527571940 0.000000000000
762 0.084336654091 0.433828671398 0.000000000000
763 0.105420817613 0.439129770857 0.000000000000
764 0.138051185044 0.424384783928 0.000000000000
765 0.149597388951 0.404338697542 0.000000000000
766 0.143563633226 0.370215392030 0.000000000000
767 0.125983673593 0.356138172904 0.000000000000
768 0.108403713961 0.342060953779 0.000000000000
769 0.090823754328 0.327983734653 0.000000000000
770 0.571400073301 0.194318440822 0.000000000000
771 0.595158941190 0.163648000689 0.000000000000
772 0.603834882161 0.146960752592 0.000000000000
773 0.598496736703 0.116506964476 0.000000000000
774 0.584482650273 0.102740424457 0.000000000000
775 0.570468563844 0.088973884439 0.000000000000
776 0.541226166599 0.075525907326 0.000000000000
777 0.593567145134 0.000000000000 0.000000000000
778 0.571440169762 0.018801836105 0.000000000000
779 0.566444938979 0.037603672210 0.000000000000
780 0.561449708196 0.056405508316 0.000000000000
781 0.626940041242 0.120999646565 0.000000000000
782 0.641369259351 0.111725788636 0.000000000000
783 0.646778559913 0.081961544566 0.000000000000
784 0.637758642366 0.061471158424 0.000000000000
785 0.628738724819 0.040980772283 0.000000000000
786 0.619718807272 0.020490386141 0.000000000000
787 0.000000000000 0.630675603804 0.000000000000
788 0.000000000000 0.610396326886 0.000000000000
789 0.000000000000 0.590117049967 0.000000000000
790 0.000000000000 0.569837773049 0.000000000000
791 0.024426474411 0.645549592164 0.000000000000
792 0.048852948821 0.640144303605 0.000000000000
793 0.094189537734 0.563733051974 0.000000000000
794 0.065111509668 0.544341281464 0.000000000000
795 0.043407673112 0.546080353019 0.000000000000
796 0.021703836556 0.547819424575 0.000000000000
797 0.672051296615 0.211147260075 0.000000000000
798 0.650659222516 0.203444257253 0.000000000000
799 0.629267148416 0.195741254431 0.000000000000
800 0.607875074317 0.188038251609 0.000000000000
801 1.000000000000 0.954387117455 0.000000000000
802 1.000000000000 0.977193558728 0.000000000000
803 0.975584693684 1.000000000000 0.000000000000
804 0.951169387368 1.000000000000 0.000000000000
805 0.926754081052 1.000000000000 0.000000000000
806 0.902338774737 1.000000000000 0.000000000000
807 0.877923468421 1.000000000000 0.000000000000
808 0.853508162105 1.000000000000 0.000000000000
809 0.842832809117 0.455209543608 0.000000000000
810 0.823533445531 0.448216169636 0.000000000000
811 0.804234081944 0.441222795664 0.000000000000
812 0.784934718358 0.434229421692 0.000000000000
813 0.471033607130 0.000000000000 0.000000000000
814 0.492113965813 0.000000000000 0.000000000000
815 0.513194324495 0.000000000000 0.000000000000
816 0.534274683178 0.000000000000 0.000000000000
817 0.555355041861 0.000000000000 0.000000000000
818 0.066203533461 0.292400307737 0.000000000000
819 0.178729037749 0.367642017340 0.000000000000
820 0.196314482640 0.350991423524 0.000000000000
821 0.000000000000 0.745047675453 0.000000000000
822 0.000000000000 0.721524476770 0.000000000000
823 0.000000000000 0.698001278088 0.000000000000
824 0.000000000000 0.674478079405 0.000000000000
825 0.100273333158 0.746051802665 0.000000000000
826 0.110220455442 0.730916525170 0.000000000000
827 0.211373789627 0.941527993549 0.000000000000
828 0.228671027848 0.956145995162 0.000000000000
829 0.245968266070 0.970763996774 0.000000000000
830 0.263265504291 0.985381998387 0.000000000000
831 0.275869087017 0.897762983764 0.000000000000
832 0.254772250333 0.892135773955 0.000000000000
833 0.233675413650 0.886508564145 0.000000000000
834 0.212578576966 0.880881354336 0.000000000000
835 0.722885827745 0.151560626718 0.000000000000
836 0.709996766022 0.134754468526 0.000000000000
837 0.697107704298 0.117948310335 0.000000000000
838 0.670008560017 0.101797041425 0.000000000000
839 1.000000000000 0.105923264300 0.000000000000
840 1.000000000000 0.125821848131 0.000000000000
841 0.893678643116 0.065374756106 0.000000000000
842 0.893932763456 0.088115041035 0.000000000000
843 0.894186883795 0.110855325964 0.000000000000
844 0.894441004134 0.133595610894 0.000000000000
845 0.894695124474 0.156335895824 0.000000000000
846 0.654356259888 0.862160874552 0.000000000000
847 0.674031085754 0.854602284539 0.000000000000
848 0.731335311012 0.753140749896 0.000000000000
849 0.788220453609 0.000000000000 0.000000000000
850 0.803311200046 0.161190149800 0.000000000000
851 0.803451216766 0.138162985543 0.000000000000
852 0.803591233487 0.115135821286 0.000000000000
853 0.803731250207 0.092108657029 0.000000000000
854 0.803871266927 0.069081492771 0.000000000000
855 0.804011283648 0.046054328514 0.000000000000
856 0.804151300369 0.023027164257 0.000000000000
857 0.757494432203 0.016857025357 0.000000000000
858 0.742839274277 0.033714050714 0.000000000000
859 0.728184116351 0.050571076071 0.000000000000
860 0.713528958426 0.067428101429 0.000000000000
861 0.698873800500 0.084285126786 0.000000000000
862 0.000000000000 0.108829885078 0.000000000000
863 0.000000000000 0.087063908063 0.000000000000
864 0.000000000000 0.065297931047 0.000000000000
865 0.000000000000 0.043531954031 0.000000000000
866 0.000000000000 0.021765977016 0.000000000000
867 0.024257605656 0.000000000000 0.000000000000
868 0.048515211313 0.000000000000 0.000000000000
869 0.072772816969 0.000000000000 0.000000000000
870 0.097030422626 0.000000000000 0.000000000000
871 0.147746357906 0.517024069629 0.000000000000
872 0.168237317847 0.524975056539 0.000000000000
873 0.188728277789 0.532926043449 0.000000000000
874 0.209219237731 0.540877030359 0.000000000000
875 0.229710197672 0.548828017269 0.000000000000
876 0.237503135014 0.448903688623 0.000000000000
877 0.218413249475 0.432750919256 0.000000000000
878 0.199323363937 0.416598149889 0.000000000000
879 0.180233478398 0.400445380522 0.000000000000
880 0.126755120079 0.465978274450 0.000000000000
881 0.127005259021 0.487525678584 0.000000000000
882 0.000000000000 0.389020748140 0.000000000000
883 0.000000000000 0.365417222714 0.000000000000
884 0.000000000000 0.341813697289 0.000000000000
885 0.000000000000 0.318210171863 0.000000000000
886 0.000000000000 0.294606646438 0.000000000000
887 0.000000000000 0.271003121012 0.000000000000
888 0.825603330863 0.000000000000 0.000000000000
889 0.846915344636 0.000000000000 0.000000000000
890 0.258105950108 1.000000000000 0.000000000000
891 0.235649157703 1.000000000000 0.000000000000
892 0.213192365298 1.000000000000 0.000000000000
893 0.190735572893 1.000000000000 0.000000000000
894 0.168278780488 1.000000000000 0.000000000000
895 0.145821988083 1.000000000000 0.000000000000
896 0.123365195678 1.000000000000 0.000000000000
897 0.100908403273 1.000000000000 0.000000000000
898 0.143866402736 0.710761678300 0.000000000000
899 0.167565227747 0.705742108926 0.000000000000
900 0.191264052759 0.700722539551 0.000000000000
901 0.245348368522 0.592309857288 0.000000000000
902 0.224368470055 0.601873443789 0.000000000000
903 0.203388571587 0.611437030291 0.000000000000
904 0.182408673119 0.621000616793 0.000000000000
905 0.161428774652 0.630564203294 0.000000000000
906 0.000000000000 0.526736125703 0.000000000000
907 0.000000000000 0.503913755276 0.000000000000
908 0.000000000000 0.481091384848 0.000000000000
909 0.000000000000 0.458269014420 0.000000000000
910 0.000000000000 0.435446643993 0.000000000000
911 0.100295363471 0.531425834178 0.000000000000
912 0.113775380717 0.520249458449 0.000000000000
913 0.633763275497 0.000000000000 0.000000000000
914 0.656827661269 0.000000000000 0.000000000000
915 0.679892047041 0.000000000000 0.000000000000
916 0.702956432813 0.000000000000 0.000000000000
917 0.726020818585 0.000000000000 0.000000000000
918 0.749085204357 0.000000000000 0.000000000000
919 0.369603386168 0.038531007589 0.000000000000
920 0.375981866906 0.017968142346 0.000000000000
921 0.348283391037 0.019322617054 0.000000000000
922 0.349646580108 0.041971982378 0.000000000000
923 0.359491549042 0.059065587448 0.000000000000
924 0.309878161080 0.068943522982 0.000000000000
925 0.333134786529 0.057772261056 0.000000000000
926 0.308546035497 0.042933039530 0.000000000000
927 0.317161472897 0.019884455889 0.000000000000
928 0.292988897667 0.020825730757 0.000000000000
929 0.331041520073 0.036225348270 0.000000000000
930 0.286807745490 0.038789869842 0.000000000000
931 0.288483622334 0.056865373310 0.000000000000
932 0.288910304679 0.073790711086 0.000000000000
933 0.281944215741 0.093090568319 0.000000000000
934 0.301072135263 0.087102368401 0.000000000000
935 0.393688481698 0.031987087713 0.000000000000
936 0.326786794605 0.074079675048 0.000000000000
937 0.445288785448 0.359812640336 0.000000000000
938 0.458232033490 0.347244023549 0.000000000000
939 0.127146869790 0.929592476302 0.000000000000
940 0.159873268601 0.904599891888 0.000000000000
941 0.112827483401 0.951742307626 0.000000000000
942 0.136140128999 0.909167477447 0.000000000000
943 0.152843272602 0.928226325588 0.000000000000
944 0.113917727971 0.912936694804 0.000000000000
945 0.175445859151 0.918391750859 0.000000000000
946 0.177864719950 0.901831259660 0.000000000000
947 0.107705661846 0.931101228827 0.000000000000
948 0.100123059989 0.970282408227 0.000000000000
949 0.137954401047 0.944795402001 0.000000000000
950 0.357265173256 0.982320515560 0.000000000000
951 0.381208911311 0.979900990137 0.000000000000
952 0.366797654077 0.961382805343 0.000000000000
953 0.355903319678 0.903703889118 0.000000000000
954 0.351224381120 0.885947476436 0.000000000000
955 0.333418713386 0.896661606035 0.000000000000
956 0.338686261416 0.876422766242 0.000000000000
957 0.322299083167 0.968772275661 0.000000000000
958 0.319274502763 0.985838273888 0.000000000000
959 0.340009364225 0.984148473794 0.000000000000
960 0.330933526626 0.932975839197 0.000000000000
961 0.341812666567 0.919649197009 0.000000000000
962 0.318215390644 0.917014964047 0.000000000000
963 0.326760161750 0.950039154645 0.000000000000
964 0.313683085849 0.899619379886 0.000000000000
965 0.350642491051 0.942455771700 0.000000000000
966 0.343992813103 0.965065104990 0.000000000000
967 0.372218736217 0.943374375083 0.000000000000
968 0.361762558016 0.925083111954 0.000000000000
969 0.320648457137 0.879556155699 0.000000000000
970 0.311796808688 0.939270839535 0.000000000000
971 0.220216621181 0.784821051729 0.000000000000
972 0.222337518236 0.771124099809 0.000000000000
973 0.207082963399 0.780725751398 0.000000000000
974 0.256985923143 0.773603071545 0.000000000000
975 0.259765826581 0.757224586166 0.000000000000
976 0.241945912281 0.763906841843 0.000000000000
977 0.213429467180 0.798659587373 0.000000000000
978 0.231015916905 0.797436031269 0.000000000000
979 0.195199890636 0.794306983716 0.000000000000
980 0.238572855120 0.780438456471 0.000000000000
981 0.249953114648 0.791141636222 0.000000000000
982 0.274007959002 0.751708515508 0.000000000000
983 0.185772338196 0.807456209188 0.000000000000
984 0.738396356515 0.474605228029 0.000000000000
985 0.746226344638 0.492409776633 0.000000000000
986 0.046542636281 0.234743220894 0.000000000000
987 0.056118830165 0.249634233068 0.000000000000
988 0.061017797405 0.231040381627 0.000000000000
989 0.048676730161 0.191767147621 0.000000000000
990 0.050967456640 0.215052344917 0.000000000000
991 0.065215401579 0.197332724738 0.000000000000
992 0.031829527961 0.203831678983 0.000000000000
993 0.032169250259 0.180959080388 0.000000000000
994 0.065389983654 0.179930484855 0.000000000000
995 0.025876958972 0.230431470532 0.000000000000
996 0.017434904824 0.214276936378 0.000000000000
997 0.048089016567 0.170789418687 0.000000000000
998 0.015851866909 0.190503094059 0.000000000000
999 0.017712888280 0.168618298440 0.000000000000
1000 0.033973440386 0.163017791576 0.000000000000
1001 0.068515894908 0.138283317369 0.000000000000
1002 0.047515497553 0.150427937456 0.000000000000
1003 0.066142461105 0.158601106261 0.000000000000
1004 0.038350953114 0.247511470002 0.000000000000
1005 0.024101479630 0.146004082870 0.000000000000
1006 0.841554272823 0.670304355126 0.000000000000
1007 0.862353699138 0.670192485687 0.000000000000
1008 0.849395635142 0.655166481483 0.000000000000
1009 0.736384884027 0.681218103413 0.000000000000
1010 0.751205209348 0.664207532781 0.000000000000
1011 0.807366024563 0.680686142605 0.000000000000
1012 0.788776377885 0.663030328103 0.000000000000
1013 0.782229091079 0.690609196162 0.000000000000
1014 0.802912041530 0.706742051337 0.000000000000
1015 0.719856752596 0.695884136328 0.000000000000
1016 0.755623626595 0.689077426298 0.000000000000
1017 0.741870396181 0.712584486024 0.000000000000
1018 0.811330276050 0.654779112099 0.000000000000
1019 0.790740248861 0.641856878436 0.000000000000
1020 0.765877046781 0.711637302048 0.000000000000
1021 0.849266402288 0.686420001721 0.000000000000
1022 0.866240943626 0.694396705734 0.000000000000
1023 0.769638220709 0.670623241107 0.000000000000
1024 0.769920694850 0.650173344682 0.000000000000
1025 0.832839052070 0.654432680854 0.000000000000
1026 0.820018048199 0.700677918417 0.000000000000
1027 0.836944971953 0.704444346417 0.000000000000
1028 0.830010605565 0.685487653449 0.000000000000
1029 0.825087417148 0.641016729270 0.000000000000
1030 0.824913913303 0.670393158782 0.000000000000
1031 0.810387803704 0.633821720320 0.000000000000
1032 0.853472575525 0.705285525433 0.000000000000
1033 0.881982140857 0.681168716133 0.000000000000
1034 0.793545881732 0.625191386386 0.000000000000
1035 0.785334896066 0.713156436150 0.000000000000
1036 0.948330835752 0.608174676493 0.000000000000
1037 0.939349778974 0.623885330563 0.000000000000
1038 0.959998434342 0.628689064642 0.000000000000
1039 0.942241092164 0.641917653612 0.000000000000
1040 0.979523664322 0.645328753740 0.000000000000
1041 0.981620294390 0.620959768893 0.000000000000
1042 0.966765859586 0.609292545210 0.000000000000
1043 0.925931174022 0.656315771946 0.000000000000
1044 0.947172238294 0.663190014143 0.000000000000
1045 0.960890456530 0.649958296002 0.000000000000
1046 0.980988428059 0.576570875633 0.000000000000
1047 0.977882239462 0.554362597182 0.000000000000
1048 0.963102384926 0.566934430588 0.000000000000
1049 0.960793213113 0.589053559929 0.000000000000
1050 0.984511799897 0.667819219662 0.000000000000
1051 0.966800462653 0.667754802042 0.000000000000
1052 0.972961881505 0.536222021772 0.000000000000
1053 0.983086520333 0.599585656094 0.000000000000
1054 0.620270164342 0.528676791092 0.000000000000
1055 0.627869380452 0.503057167685 0.000000000000
1056 0.598504428085 0.534295023813 0.000000000000
1057 0.635961940052 0.478939818490 0.000000000000
1058 0.634752077205 0.545693707424 0.000000000000
1059 0.609775173808 0.509556593478 0.000000000000
1060 0.639281891901 0.520088489008 0.000000000000
1061 0.615159069622 0.546233409391 0.000000000000
1062 0.630205454865 0.465624308914 0.000000000000
1063 0.620739568526 0.486879835494 0.000000000000
1064 0.643588423537 0.499203101372 0.000000000000
1065 0.375602300102 0.848906992749 0.000000000000
1066 0.379765040416 0.832491356134 0.000000000000
1067 0.389115523479 0.897570709136 0.000000000000
1068 0.381941390996 0.874466873190 0.000000000000
1069 0.928588931142 0.320183047837 0.000000000000
1070 0.928220326973 0.298813291209 0.000000000000
1071 0.984668420059 0.320866985815 0.000000000000
1072 0.980081105736 0.299849359560 0.000000000000
1073 0.947800966739 0.286014798367 0.000000000000
1074 0.929007659287 0.280883238849 0.000000000000
1075 0.945803517878 0.306560450007 0.000000000000
1076 0.939492982691 0.269848126059 0.000000000000
1077 0.965163142096 0.318010093980 0.000000000000
1078 0.944772187780 0.322922329949 0.000000000000
1079 0.961068724526 0.300060849411 0.000000000000
1080 0.966197968735 0.285075825372 0.000000000000
1081 0.104032772200 0.183140419274 0.000000000000
1082 0.146050892328 0.185893719872 0.000000000000
1083 0.123389790601 0.147034793498 0.000000000000
1084 0.118604837550 0.217659067613 0.000000000000
1085 0.141247823379 0.208581068859 0.000000000000
1086 0.124338152007 0.192882305124 0.000000000000
1087 0.105868036876 0.158616679143 0.000000000000
1088 0.130016783492 0.170339476465 0.000000000000
1089 0.095945895234 0.229056983239 0.000000000000
1090 0.106617684121 0.137540084568 0.000000000000
1091 0.098907546513 0.205724972428 0.000000000000
1092 0.119939105643 0.130740983349 0.000000000000
1093 0.555243019388 0.669491192589 0.000000000000
1094 0.573069040547 0.679606994215 0.000000000000
1095 0.591323238227 0.666412681773 0.000000000000
1096 0.589659747092 0.691100465350 0.000000000000
1097 0.605465570265 0.681838818510 0.000000000000
1098 0.623152251467 0.680668179195 0.000000000000
1099 0.646602835566 0.673762537590 0.000000000000
1100 0.631707082282 0.661192828641 0.000000000000
1101 0.562637820697 0.634562226748 0.000000000000
1102 0.553947683773 0.649620406520 0.000000000000
1103 0.613054578710 0.666406415766 0.000000000000
1104 0.628364387226 0.601372993474 0.000000000000
1105 0.628149344794 0.582652585284 0.000000000000
1106 0.608005435615 0.585282942389 0.000000000000
1107 0.607719695075 0.610973445553 0.000000000000
1108 0.586328443198 0.601135994274 0.000000000000
1109 0.571287176099 0.584895415179 0.000000000000
1110 0.566126379438 0.602588263172 0.000000000000
1111 0.573338395562 0.618389576345 0.000000000000
1112 0.591941017381 0.620270753389 0.000000000000
1113 0.625971087019 0.624141645959 0.000000000000
1114 0.605626209308 0.632956090856 0.000000000000
1115 0.585899890365 0.639524545440 0.000000000000
1116 0.620647814084 0.646826048582 0.000000000000
1117 0.640072784302 0.639165587275 0.000000000000
1118 0.573481878883 0.653627627100 0.000000000000
1119 0.602950672496 0.650452861872 0.000000000000
1120 0.588799773888 0.579940421370 0.000000000000
1121 0.648868954854 0.653797502036 0.000000000000
1122 0.577095844835 0.565345619437 0.000000000000
1123 0.289433195788 0.454697196931 0.000000000000
1124 0.338843965142 0.503177329819 0.000000000000
1125 0.273498748613 0.500258824148 0.000000000000
1126 0.332974339403 0.440589693801 0.000000000000
1127 0.387142422374 0.473636094058 0.000000000000
1128 0.369938930299 0.478399396492 0.000000000000
1129 0.301748427049 0.530986274356 0.000000000000
1130 0.266597864977 0.544251975064 0.000000000000
1131 0.275430508808 0.479644755964 0.000000000000
1132 0.295690819804 0.487999209807 0.000000000000
1133 0.319712391283 0.517641442006 0.000000000000
1134 0.318420932701 0.493899598109 0.000000000000
1135 0.335541300944 0.481264195730 0.000000000000
1136 0.315919476990 0.474929241734 0.000000000000
1137 0.352976824466 0.450230137899 0.000000000000
1138 0.275364572787 0.525121113759 0.000000000000
1139 0.299857557335 0.439264105933 0.000000000000
1140 0.294750980271 0.510398462580 0.000000000000
1141 0.371268487262 0.460192204277 0.000000000000
1142 0.314304610443 0.427961631189 0.000000000000
1143 0.334228678632 0.461803237321 0.000000000000
1144 0.297627122920 0.471558806236 0.000000000000
1145 0.312049283073 0.452971987592 0.000000000000
1146 0.284172547345 0.547513254200 0.000000000000
1147 0.356430962005 0.490609705914 0.000000000000
1148 0.353397530601 0.470416479605 0.000000000000
1149 0.270407776914 0.561566690104 0.000000000000
1150 0.276744344939 0.463698719988 0.000000000000
1151 0.522998681087 0.538379143505 0.000000000000
1152 0.524588044250 0.520189062118 0.000000000000
1153 0.504253864543 0.525313903794 0.000000000000
1154 0.501438302747 0.545481187976 0.000000000000
1155 0.511841403106 0.504484933109 0.000000000000
1156 0.500374971769 0.484713861721 0.000000000000
1157 0.907306860246 0.728108732474 0.000000000000
1158 0.899695568152 0.708072587870 0.000000000000
1159 0.886606646652 0.728136591060 0.000000000000
1160 0.969191678374 0.761366241638 0.000000000000
1161 0.985995147810 0.759933091124 0.000000000000
1162 0.980134885442 0.719065971660 0.000000000000
1163 0.958554315971 0.718713402682 0.000000000000
1164 0.933208836386 0.696520834137 0.000000000000
1165 0.912840419487 0.691657377819 0.000000000000
1166 0.918004245412 0.709423727127 0.000000000000
1167 0.963601512218 0.739184237580 0.000000000000
1168 0.952320314462 0.759228508451 0.000000000000
1169 0.938558944970 0.717715570159 0.000000000000
1170 0.951805342973 0.702636467383 0.000000000000
1171 0.940990338403 0.740024992735 0.000000000000
1172 0.934418818012 0.768079452997 0.000000000000
1173 0.923969881797 0.728660331159 0.000000000000
1174 0.916807770902 0.750244239983 0.000000000000
1175 0.899477540185 0.766090207560 0.000000000000
1176 0.912896418067 0.776792522334 0.000000000000
1177 0.898757048559 0.744114917648 0.000000000000
1178 0.884816395654 0.753916897390 0.000000000000
1179 0.983134255880 0.742087593293 0.000000000000
1180 0.889777086291 0.779732343511 0.000000000000
1181 0.423593672027 0.489416121040 0.000000000000
1182 0.424776254123 0.509547396457 0.000000000000
1183 0.467389082873 0.478362119789 0.000000000000
1184 0.445369442594 0.485582990111 0.000000000000
1185 0.466565824788 0.499035708730 0.000000000000
1186 0.443150844280 0.531800342735 0.000000000000
1187 0.429818148160 0.523442020383 0.000000000000
1188 0.461453638255 0.540662744204 0.000000000000
1189 0.442087936302 0.508585642325 0.000000000000
1190 0.461341367483 0.521274916842 0.000000000000
1191 0.177452154524 0.058174085706 0.000000000000
1192 0.157944464204 0.042792394907 0.000000000000
1193 0.160044881831 0.067561942955 0.000000000000
1194 0.137481319996 0.039233719528 0.000000000000
1195 0.141107563236 0.057655586209 0.000000000000
1196 0.144249931278 0.022112676371 0.000000000000
1197 0.144935723388 0.099343920027 0.000000000000
1198 0.163064534568 0.088914790085 0.000000000000
1199 0.144492055727 0.080047456569 0.000000000000
1200 0.175957700022 0.078657979753 0.000000000000
1201 0.192531747071 0.077172215731 0.000000000000
1202 0.134343085445 0.009074455475 0.000000000000
1203 0.338728669150 0.282795796762 0.000000000000
1204 0.342354158546 0.298765800659 0.000000000000
1205 0.355601313239 0.284126599794 0.000000000000
1206 0.345961463519 0.211976122781 0.000000000000
1207 0.360377302931 0.225178696351 0.000000000000
1208 0.366390887463 0.209457315162 0.000000000000
1209 0.364773372548 0.246596405058 0.000000000000
1210 0.347272773346 0.262847124533 0.000000000000
1211 0.369266016242 0.269467161046 0.000000000000
1212 0.383343729392 0.256582742737 0.000000000000
1213 0.380274786810 0.231945673152 0.000000000000
1214 0.344979638804 0.234453844363 0.000000000000
1215 0.362142253421 0.301662833507 0.000000000000
1216 0.371886857830 0.287371639950 0.000000000000
1217 0.385709748061 0.278684856801 0.000000000000
1218 0.386703475745 0.208181745292 0.000000000000
1219 0.480620471267 0.365200868249 0.000000000000
1220 0.528847778554 0.971962370120 0.000000000000
1221 0.529146531228 0.987796602472 0.000000000000
1222 0.630088452629 0.985695056229 0.000000000000
1223 0.650832891601 0.982335055137 0.000000000000
1224 0.634144114733 0.969705577750 0.000000000000
1225 0.578319677636 0.966788734384 0.000000000000
1226 0.552749783274 0.962774128224 0.000000000000
1227 0.571971449420 0.982570858561 0.000000000000
1228 0.548749139537 0.984183993230 0.000000000000
1229 0.572760555373 0.948088474565 0.000000000000
1230 0.593216530619 0.936702980541 0.000000000000
1231 0.676409511552 0.985306240306 0.000000000000
1232 0.668172729114 0.971586830499 0.000000000000
1233 0.652412584367 0.961284545161 0.000000000000
1234 0.598754297593 0.958831564211 0.000000000000
1235 0.595361764672 0.981678199150 0.000000000000
1236 0.609691246119 0.925752311731 0.000000000000
1237 0.614619239483 0.941656554759 0.000000000000
1238 0.615079199800 0.976434648258 0.000000000000
1239 0.620331408236 0.959854522478 0.000000000000
1240 0.633973007990 0.948351839865 0.000000000000
1241 0.235607074653 0.078990696526 0.000000000000
1242 0.251017546232 0.078755054271 0.000000000000
1243 0.241480519298 0.058871682338 0.000000000000
1244 0.199573357645 0.029312403601 0.000000000000
1245 0.216369404829 0.046159008527 0.000000000000
1246 0.218096119887 0.022292104034 0.000000000000
1247 0.238076641696 0.020014564059 0.000000000000
1248 0.249141301099 0.038803404320 0.000000000000
1249 0.258793150559 0.021476504372 0.000000000000
1250 0.231109685811 0.038266648014 0.000000000000
1251 0.187294067887 0.015843871528 0.000000000000
1252 0.982007408530 0.899913594305 0.000000000000
1253 0.967848560589 0.888324814908 0.000000000000
1254 0.910308287335 0.849291001442 0.000000000000
1255 0.904513259875 0.826619859407 0.000000000000
1256 0.895202219931 0.840628229158 0.000000000000
1257 0.985427391980 0.879869620276 0.000000000000
1258 0.973261583333 0.866455243905 0.000000000000
1259 0.925510839338 0.837712346327 0.000000000000
1260 0.949927336938 0.893712554853 0.000000000000
1261 0.957288643891 0.876484108326 0.000000000000
1262 0.936915781143 0.880715276299 0.000000000000
1263 0.928763909826 0.815801948917 0.000000000000
1264 0.946099554044 0.828106438835 0.000000000000
1265 0.944180652434 0.847006392774 0.000000000000
1266 0.966327710792 0.843328856711 0.000000000000
1267 0.951269335764 0.862426584804 0.000000000000
1268 0.947574129908 0.806274225746 0.000000000000
1269 0.980372706331 0.812525295751 0.000000000000
1270 0.987528574794 0.796794602184 0.000000000000
1271 0.968099129141 0.800835155580 0.000000000000
1272 0.895800798217 0.862855011938 0.000000000000
1273 0.964344850477 0.820696893413 0.000000000000
1274 0.912797066187 0.871849570907 0.000000000000
1275 0.929641642886 0.860569630885 0.000000000000
1276 0.984669440314 0.851107257399 0.000000000000
1277 0.982202667269 0.829211467377 0.000000000000
1278 0.800196468112 0.577685641891 0.000000000000
1279 0.859382960885 0.565530545437 0.000000000000
1280 0.823218097253 0.606637686725 0.000000000000
1281 0.835509118737 0.522200308223 0.000000000000
1282 0.862850607091 0.522455817611 0.000000000000
1283 0.854657670472 0.604418982580 0.000000000000
1284 0.804646697660 0.597626808348 0.000000000000
1285 0.819837557978 0.585209730451 0.000000000000
1286 0.816185261293 0.564041436644 0.000000000000
1287 0.837483063852 0.571333163170 0.000000000000
1288 0.831987303333 0.549420557057 0.000000000000
1289 0.872309950262 0.499449648831 0.000000000000
1290 0.856233214502 0.585698229474 0.000000000000
1291 0.797411107191 0.557214786859 0.000000000000
1292 0.862854663139 0.546001388080 0.000000000000
1293 0.850985511351 0.501197197211 0.000000000000
1294 0.838249964838 0.593582783163 0.000000000000
1295 0.814473372765 0.540703359915 0.000000000000
1296 0.847052942679 0.539029058656 0.000000000000
1297 0.841881796018 0.616069136599 0.000000000000
1298 0.861772003483 0.484269901061 0.000000000000
1299 0.847006653094 0.555085485849 0.000000000000
1300 0.524659577510 0.650143743315 0.000000000000
1301 0.509723757386 0.665257669801 0.000000000000
1302 0.524313121045 0.626274152823 0.000000000000
1303 0.502837531986 0.642364485553 0.000000000000
1304 0.503543727237 0.616865334500 0.000000000000
1305 0.527007076550 0.600428221899 0.000000000000
1306 0.507239978093 0.598487155513 0.000000000000
1307 0.485510480185 0.617704407810 0.000000000000
1308 0.488921560420 0.630006200777 0.000000000000
1309 0.535728062991 0.575981596827 0.000000000000
1310 0.518996432769 0.582577818754 0.000000000000
1311 0.488975824330 0.602789517895 0.000000000000
1312 0.506361891977 0.578061254811 0.000000000000
1313 0.490061469251 0.582997872921 0.000000000000
1314 0.301645340776 0.224784600987 0.000000000000
1315 0.311743777835 0.204710360976 0.000000000000
1316 0.277199784183 0.241986966099 0.000000000000
1317 0.303877208557 0.252136350518 0.000000000000
1318 0.305085827392 0.275029967195 0.000000000000
1319 0.300478643575 0.299825618762 0.000000000000
1320 0.288242441564 0.262033634197 0.000000000000
1321 0.287221132586 0.279181608880 0.000000000000
1322 0.269977052096 0.269047896889 0.000000000000
1323 0.274126099114 0.307349785850 0.000000000000
1324 0.257659726748 0.301717362356 0.000000000000
1325 0.257819463987 0.321140453386 0.000000000000
1326 0.282350962919 0.324094567065 0.000000000000
1327 0.272321699596 0.289970935451 0.000000000000
1328 0.757483338405 0.243372355529 0.000000000000
1329 0.735381657131 0.275687328662 0.000000000000
1330 0.792003451950 0.227952640893 0.000000000000
1331 0.753845975351 0.208333287505 0.000000000000
1332 0.780464639244 0.269481208251 0.000000000000
1333 0.725798582843 0.234696886722 0.000000000000
1334 0.719596746843 0.290330972838 0.000000000000
1335 0.719910803676 0.257806588680 0.000000000000
1336 0.777348793506 0.208965063849 0.000000000000
1337 0.796564307455 0.250807528569 0.000000000000
1338 0.759199964638 0.284516101879 0.000000000000
1339 0.758005682533 0.262050337478 0.000000000000
1340 0.723599600905 0.308917610033 0.000000000000
1341 0.729762707478 0.209510972495 0.000000000000
1342 0.813790278321 0.220051897533 0.000000000000
1343 0.740599772629 0.298564310997 0.000000000000
1344 0.739604804454 0.249666532128 0.000000000000
1345 0.768435813122 0.227124537514 0.000000000000
1346 0.798953438767 0.205719779565 0.000000000000
1347 0.743350265092 0.189652273613 0.000000000000
1348 0.775822129936 0.247734524553 0.000000000000
1349 0.745343321117 0.227248900042 0.000000000000
1350 0.712073889443 0.274024987465 0.000000000000
1351 0.794060077588 0.283298737967 0.000000000000
1352 0.766754077188 0.192223814621 0.000000000000
1353 0.711059256623 0.222780912567 0.000000000000
1354 0.810740684501 0.237842829257 0.000000000000
1355 0.710131599898 0.242752704644 0.000000000000
1356 0.778202231436 0.287626495248 0.000000000000
1357 0.801344986713 0.266701871495 0.000000000000
1358 0.787033356382 0.193808163794 0.000000000000
1359 0.707951717407 0.300792534855 0.000000000000
1360 0.888843267541 0.235705237956 0.000000000000
1361 0.858516055870 0.286020658523 0.000000000000
1362 0.842897423450 0.252366381000 0.000000000000
1363 0.894531876617 0.272798041340 0.000000000000
1364 0.836560804219 0.278506071725 0.000000000000
1365 0.851250687290 0.229738359046 0.000000000000
1366 0.865747444936 0.247530569539 0.000000000000
1367 0.872174061694 0.222927060614 0.000000000000
1368 0.878693541473 0.289371668585 0.000000000000
1369 0.872201648058 0.269811301049 0.000000000000
1370 0.902820111529 0.249511339870 0.000000000000
1371 0.884043539683 0.254808020523 0.000000000000
1372 0.853195501016 0.268153365114 0.000000000000
1373 0.895518866823 0.293958755337 0.000000000000
1374 0.698961198305 0.455830938921 0.000000000000
1375 0.718410870352 0.455833890967 0.000000000000
1376 0.711841319830 0.438968294370 0.000000000000
1377 0.736333620427 0.427894862537 0.000000000000
1378 0.730968867855 0.445845620353 0.000000000000
1379 0.715620602130 0.420681648751 0.000000000000
1380 0.727287943417 0.406806029527 0.000000000000
1381 0.676002146391 0.599810785529 0.000000000000
1382 0.659882435090 0.587314373020 0.000000000000
1383 0.662978168518 0.570212344524 0.000000000000
1384 0.752493094484 0.618737455930 0.000000000000
1385 0.764869008224 0.600444971721 0.000000000000
1386 0.742536582008 0.602764517459 0.000000000000
1387 0.750613395359 0.582510983586 0.000000000000
1388 0.768929101272 0.576361654428 0.000000000000
1389 0.671353969607 0.619599989458 0.000000000000
1390 0.681326597245 0.637800791285 0.000000000000
1391 0.689420157484 0.617404917158 0.000000000000
1392 0.699614304931 0.633415725155 0.000000000000
1393 0.731694031187 0.584757824512 0.000000000000
1394 0.700691139378 0.602723340940 0.000000000000
1395 0.694503661482 0.587119496667 0.000000000000
1396 0.679478909210 0.578968213395 0.000000000000
1397 0.732340483938 0.626734176229 0.000000000000
1398 0.721746910568 0.605126221723 0.000000000000
1399 0.710440945839 0.621661986855 0.000000000000
1400 0.712033014501 0.585216637705 0.000000000000
1401 0.694464099767 0.651891833975 0.000000000000
1402 0.714435525654 0.643209793474 0.000000000000
1403 0.738820189467 0.566912929813 0.000000000000
1404 0.689355632134 0.669016879439 0.000000000000
1405 0.683346415770 0.562962139757 0.000000000000
1406 0.722156451447 0.564335178227 0.000000000000
1407 0.700160627186 0.566390140337 0.000000000000
1408 0.754415736208 0.560776705358 0.000000000000
1409 0.716015478126 0.483659725166 0.000000000000
1410 0.727051637536 0.521913006060 0.000000000000
1411 0.720157929402 0.501381175605 0.000000000000
1412 0.582168053650 0.452474124741 0.000000000000
1413 0.579751306985 0.474578498481 0.000000000000
1414 0.597362561722 0.468017594870 0.000000000000
1415 0.558375368633 0.462790422594 0.000000000000
1416 0.583768797310 0.426305245201 0.000000000000
1417 0.570976973908 0.416931945255 0.000000000000
1418 0.562282456422 0.436079592960 0.000000000000
1419 0.555918824838 0.415483370071 0.000000000000
1420 0.543632565100 0.488869102291 0.000000000000
1421 0.560962302857 0.503847993250 0.000000000000
1422 0.559866674114 0.482066657276 0.000000000000
1423 0.545495806043 0.429719685636 0.000000000000
1424 0.539273370764 0.448852356955 0.000000000000
1425 0.525028870669 0.462657976572 0.000000000000
1426 0.540712914768 0.470800382589 0.000000000000
1427 0.606667612670 0.453015141845 0.000000000000
1428 0.598467021303 0.434845989211 0.000000000000
1429 0.578067480980 0.492582610768 0.000000000000
1430 0.415055540897 0.156538622822 0.000000000000
1431 0.402020449110 0.167729472320 0.000000000000
1432 0.350181390760 0.147610811134 0.000000000000
1433 0.329678256415 0.139141133186 0.000000000000
1434 0.330958671344 0.155111304578 0.000000000000
1435 0.330055232895 0.176977708254 0.000000000000
1436 0.345265724059 0.168157817196 0.000000000000
1437 0.343336732460 0.109106125457 0.000000000000
1438 0.325108668560 0.117987291009 0.000000000000
1439 0.342882389568 0.130238718688 0.000000000000
1440 0.364234586524 0.169739833883 0.000000000000
1441 0.385036184373 0.168552710628 0.000000000000
1442 0.374143541039 0.149447403507 0.000000000000
1443 0.363105416972 0.124522918807 0.000000000000
1444 0.386271124867 0.131255021223 0.000000000000
1445 0.406901615009 0.134137425119 0.000000000000
1446 0.402115845768 0.115392453844 0.000000000000
1447 0.380623294006 0.107156706915 0.000000000000
1448 0.310079610480 0.129514939206 0.000000000000
1449 0.293978350329 0.121778125647 0.000000000000
1450 0.364384442437 0.096632566132 0.000000000000
1451 0.394003174913 0.150894552583 0.000000000000
1452 0.400425275108 0.095490951042 0.000000000000
1453 0.404681567517 0.076620737585 0.000000000000
1454 0.385205117914 0.083762000504 0.000000000000
1455 0.296667357670 0.142194487748 0.000000000000
1456 0.313877652565 0.150442785069 0.000000000000
1457 0.317372637670 0.168061318371 0.000000000000
1458 0.663742385875 0.449449834350 0.000000000000
1459 0.650006558861 0.438892685875 0.000000000000
1460 0.639494503551 0.407189235461 0.000000000000
1461 0.636155723538 0.426785217208 0.000000000000
1462 0.657176108174 0.416587003157 0.000000000000
1463 0.660465212778 0.399046542804 0.000000000000
1464 0.697430964813 0.383388621822 0.000000000000
1465 0.706152013921 0.368769067253 0.000000000000
1466 0.624152531213 0.415725820195 0.000000000000
1467 0.680243684775 0.413542744537 0.000000000000
1468 0.670196834522 0.431292815578 0.000000000000
1469 0.680688194218 0.390497760713 0.000000000000
1470 0.968222419035 0.017357199372 0.000000000000
1471 0.931801398836 0.038144269314 0.000000000000
1472 0.976677859137 0.052684610505 0.000000000000
1473 0.902849838438 0.019406171602 0.000000000000
1474 0.952043141049 0.045522401370 0.000000000000
1475 0.947425819023 0.021992757464 0.000000000000
1476 0.982334701984 0.030878446194 0.000000000000
1477 0.924064310232 0.018963230211 0.000000000000
1478 0.983847600860 0.016034064706 0.000000000000
1479 0.913375937701 0.034092131068 0.000000000000
1480 0.965340788045 0.033687082981 0.000000000000
1481 0.828828821133 0.824771712632 0.000000000000
1482 0.841474431819 0.855127948343 0.000000000000
1483 0.850281348297 0.796152682700 0.000000000000
1484 0.861474232748 0.843223137186 0.000000000000
1485 0.863793372814 0.822012222295 0.000000000000
1486 0.860576675592 0.861781524980 0.000000000000
1487 0.844565954681 0.834717305866 0.000000000000
1488 0.828389268944 0.804392782451 0.000000000000
1489 0.848065390048 0.871659000025 0.000000000000
1490 0.828897400855 0.844435025783 0.000000000000
1491 0.847310622327 0.814277477450 0.000000000000
1492 0.866954807684 0.804134904064 0.000000000000
1493 0.469011857904 0.657758773857 0.000000000000
1494 0.450694040122 0.643007688956 0.000000000000
1495 0.403863749351 0.629655248034 0.000000000000
1496 0.427124691808 0.636385088620 0.000000000000
1497 0.162900870099 0.150620296437 0.000000000000
1498 0.266059240981 0.119429549631 0.000000000000
1499 0.218210932239 0.111245162918 0.000000000000
1500 0.242036125872 0.141350325244 0.000000000000
1501 0.182124027616 0.120420127808 0.000000000000
1502 0.196210084667 0.155397055959 0.000000000000
1503 0.219246666800 0.148483189511 0.000000000000
1504 0.203345215187 0.131169678314 0.000000000000
1505 0.158107178421 0.130168280673 0.000000000000
1506 0.255882509771 0.106510699370 0.000000000000
1507 0.248234676608 0.123054643417 0.000000000000
1508 0.261016738318 0.134679086253 0.000000000000
1509 0.237076254445 0.108982448264 0.000000000000
1510 0.226846484173 0.128594061618 0.000000000000
1511 0.174735093846 0.162479885876 0.000000000000
1512 0.179570411639 0.141709220845 0.000000000000
1513 0.199500811371 0.112164996923 0.000000000000
1514 0.271755307015 0.143267172147 0.000000000000
1515 0.676312594585 0.530268330816 0.000000000000
1516 0.695265824970 0.529015129306 0.000000000000
1517 0.684618701491 0.512505060390 0.000000000000
1518 0.674093168381 0.496462132086 0.000000000000
1519 0.675754126844 0.478632132763 0.000000000000
1520 0.058682423341 0.882306455878 0.000000000000
1521 0.078601616612 0.897102991586 0.000000000000
1522 0.073941585633 0.874140075819 0.000000000000
1523 0.026833991937 0.788525410363 0.000000000000
1524 0.040114149951 0.799683819751 0.000000000000
1525 0.047931632538 0.980947663521 0.000000000000
1526 0.067545288618 0.985914811523 0.000000000000
1527 0.065230701986 0.969078519173 0.000000000000
1528 0.045665112854 0.959137688826 0.000000000000
1529 0.061890716906 0.949215015062 0.000000000000
1530 0.032696960498 0.967712406555 0.000000000000
1531 0.029295681741 0.983912523510 0.000000000000
1532 0.022202507040 0.880621091563 0.000000000000
1533 0.020564581738 0.855167622827 0.000000000000
1534 0.053225384809 0.832735506382 0.000000000000
1535 0.060745655728 0.857655614240 0.000000000000
1536 0.055856266104 0.907412961771 0.000000000000
1537 0.075108203775 0.921310800690 0.000000000000
1538 0.016497796213 0.968928342095 0.000000000000
1539 0.024094579143 0.945635814824 0.000000000000
1540 0.032013112031 0.903371094063 0.000000000000
1541 0.015881414065 0.900605035608 0.000000000000
1542 0.018248539849 0.918628212708 0.000000000000
1543 0.042146089380 0.942236711782 0.000000000000
1544 0.018834748248 0.831458570838 0.000000000000
1545 0.042387809503 0.888801543952 0.000000000000
1546 0.050226434811 0.813238815042 0.000000000000
1547 0.057851616846 0.926444314091 0.000000000000
1548 0.074233557668 0.939060302854 0.000000000000
1549 0.037502135622 0.924157718776 0.000000000000
1550 0.012899558704 0.985738043714 0.000000000000
1551 0.040561606326 0.868725547910 0.000000000000
1552 0.019416494647 0.808529284302 0.000000000000
1553 0.036671208328 0.822247293613 0.000000000000
1554 0.038210037795 0.847837765074 0.000000000000
1555 0.205022624914 0.841359171042 0.000000000000
1556 0.217771139075 0.831563029343 0.000000000000
1557 0.252431954140 0.823812472575 0.000000000000
1558 0.234618266599 0.831280020924 0.000000000000
1559 0.247673064409 0.841567809967 0.000000000000
1560 0.236931416191 0.850236630376 0.000000000000
1561 0.222886654516 0.848748600386 0.000000000000
1562 0.262688486226 0.840244383556 0.000000000000
1563 0.555018144582 0.259371703886 0.000000000000
1564 0.512658975624 0.298648425439 0.000000000000
1565 0.501688511669 0.231367996716 0.000000000000
1566 0.485802934697 0.276748262723 0.000000000000
1567 0.558883493959 0.283314498524 0.000000000000
1568 0.539312079841 0.272820151435 0.000000000000
1569 0.536588733718 0.252961729180 0.000000000000
1570 0.520184431718 0.264335764326 0.000000000000
1571 0.541349567792 0.291014909976 0.000000000000
1572 0.522096181919 0.221683637594 0.000000000000
1573 0.543864333430 0.222756705403 0.000000000000
1574 0.498174306750 0.256053690385 0.000000000000
1575 0.550037288525 0.240293131950 0.000000000000
1576 0.518662371957 0.243738706633 0.000000000000
1577 0.524042283048 0.282759214804 0.000000000000
1578 0.494489089477 0.294520657157 0.000000000000
1579 0.505892003552 0.278844335806 0.000000000000
1580 0.551394358799 0.306939098632 0.000000000000
1581 0.533961863070 0.236213250565 0.000000000000
1582 0.505272866222 0.213401381269 0.000000000000
1583 0.531881073325 0.306682575866 0.000000000000
1584 0.478724992142 0.291812557968 0.000000000000
1585 0.941577617384 0.230829218996 0.000000000000
1586 0.954344365771 0.177413420994 0.000000000000
1587 0.903654245917 0.191471411389 0.000000000000
1588 0.922963188211 0.193220897063 0.000000000000
1589 0.980083553700 0.228243871808 0.000000000000
1590 0.978098874020 0.184515508239 0.000000000000
1591 0.980131729789 0.205704662060 0.000000000000
1592 0.960583800204 0.218905750536 0.000000000000
1593 0.960938890973 0.241247489182 0.000000000000
1594 0.938914885823 0.209693412074 0.000000000000
1595 0.980510248558 0.251891886072 0.000000000000
1596 0.911577184436 0.209361918050 0.000000000000
1597 0.924477267810 0.224191407442 0.000000000000
1598 0.958740130233 0.198093318492 0.000000000000
1599 0.941194441574 0.191686009884 0.000000000000
1600 0.894243526695 0.202270097010 0.000000000000
1601 0.932203715756 0.180039192938 0.000000000000
1602 0.973882557336 0.168508845367 0.000000000000
1603 0.786976514711 0.811254678930 0.000000000000
1604 0.765825867382 0.801434509081 0.000000000000
1605 0.745914903756 0.793194988173 0.000000000000
1606 0.799635622480 0.828735109845 0.000000000000
1607 0.323835008703 0.346999007314 0.000000000000
1608 0.307295398618 0.351506642746 0.000000000000
1609 0.315851215555 0.366028171245 0.000000000000
1610 0.329553847500 0.330397578316 0.000000000000
1611 0.355458950595 0.409293898613 0.000000000000
1612 0.368620774230 0.419612707164 0.000000000000
1613 0.376210518796 0.404318126859 0.000000000000
1614 0.386605866055 0.422716106371 0.000000000000
1615 0.363728751018 0.387958949710 0.000000000000
1616 0.345549759684 0.341707701158 0.000000000000
1617 0.389651449969 0.382999425908 0.000000000000
1618 0.342131417378 0.395438417728 0.000000000000
1619 0.370233126784 0.358655012763 0.000000000000
1620 0.393197286987 0.403327717889 0.000000000000
1621 0.348687005552 0.377048864805 0.000000000000
1622 0.363522177394 0.334937164686 0.000000000000
1623 0.338785405114 0.361947246158 0.000000000000
1624 0.323761404053 0.399108239639 0.000000000000
1625 0.328556234035 0.381244790026 0.000000000000
1626 0.794892183434 0.977527593835 0.000000000000
1627 0.797966773908 0.959608294195 0.000000000000
1628 0.789645777480 0.943645180732 0.000000000000
1629 0.744297418562 0.981837237616 0.000000000000
1630 0.776879284746 0.959594252878 0.000000000000
1631 0.766371692256 0.979344266091 0.000000000000
1632 0.428494359177 0.314494118289 0.000000000000
1633 0.445430267577 0.313823863495 0.000000000000
1634 0.409436931725 0.311203860599 0.000000000000
1635 0.412233018523 0.334325005079 0.000000000000
1636 0.392441725026 0.321377315871 0.000000000000
1637 0.290397876532 0.818247644634 0.000000000000
1638 0.355689458893 0.807699866215 0.000000000000
1639 0.302580209632 0.764146418996 0.000000000000
1640 0.348823217725 0.755782990297 0.000000000000
1641 0.329744293436 0.831892680271 0.000000000000
1642 0.311141084026 0.843237229137 0.000000000000
1643 0.310715952999 0.820527379244 0.000000000000
1644 0.333153479928 0.809014264476 0.000000000000
1645 0.312428687245 0.799510934800 0.000000000000
1646 0.330441733773 0.788019236501 0.000000000000
1647 0.290850159743 0.796201160413 0.000000000000
1648 0.366288599933 0.789382881669 0.000000000000
1649 0.332524270499 0.741965169884 0.000000000000
1650 0.326577767493 0.764650048692 0.000000000000
1651 0.366321462841 0.768217406221 0.000000000000
1652 0.312072435755 0.745799022517 0.000000000000
1653 0.347530834209 0.776451623829 0.000000000000
1654 0.309158589727 0.781875696104 0.000000000000
1655 0.346396026358 0.823052022270 0.000000000000
1656 0.319806513839 0.728834598085 0.000000000000
1657 0.291201821469 0.778368991219 0.000000000000
1658 0.382316894019 0.777363671318 0.000000000000
1659 0.276326854089 0.804643198285 0.000000000000
1660 0.297049423362 0.833876531145 0.000000000000
1661 0.346675385661 0.793400238238 0.000000000000
1662 0.301098169130 0.808621779773 0.000000000000
1663 0.870341497890 0.324928760716 0.000000000000
1664 0.864588894067 0.346319685697 0.000000000000
1665 0.883631413158 0.336442089855 0.000000000000
1666 0.834212070124 0.313884156492 0.000000000000
1667 0.851181682846 0.325764299896 0.000000000000
1668 0.901746967586 0.328257156061 0.000000000000
1669 0.103172314249 0.646568090090 0.000000000000
1670 0.104751427265 0.624172529656 0.000000000000
1671 0.116914324250 0.662908346453 0.000000000000
1672 0.121231720024 0.642322592125 0.000000000000
1673 0.089921596511 0.634684641009 0.000000000000
1674 0.511680510129 0.787227222449 0.000000000000
1675 0.523803521377 0.771273013431 0.000000000000
1676 0.503192951569 0.769751423264 0.000000000000
1677 0.492273847098 0.752656181996 0.000000000000
1678 0.487233448184 0.767941572223 0.000000000000
1679 0.554807816356 0.749668455088 0.000000000000
1680 0.571059334338 0.744065146289 0.000000000000
1681 0.553327910072 0.707257694357 0.000000000000
1682 0.537189524333 0.700783455489 0.000000000000
1683 0.541633107687 0.719416872254 0.000000000000
1684 0.534571813979 0.752863243404 0.000000000000
1685 0.511279258781 0.752800326889 0.000000000000
1686 0.543967339057 0.735854972061 0.000000000000
1687 0.523774729328 0.732262096891 0.000000000000
1688 0.526489915755 0.715278821756 0.000000000000
1689 0.499818785693 0.734249502006 0.000000000000
1690 0.507866789829 0.716169298606 0.000000000000
1691 0.488116197465 0.715884052155 0.000000000000
1692 0.466441684744 0.774156594062 0.000000000000
1693 0.476685714127 0.755575038951 0.000000000000
1694 0.458094599841 0.749567068030 0.000000000000
1695 0.492363217421 0.788911213132 0.000000000000
1696 0.475432924236 0.735619228646 0.000000000000
1697 0.445350490059 0.763536230551 0.000000000000
1698 0.498981058638 0.701203323905 0.000000000000
1699 0.442314805722 0.781956259591 0.000000000000
1700 0.455400119080 0.794171609879 0.000000000000
1701 0.565049227579 0.725064192969 0.000000000000
1702 0.473233672267 0.803335381336 0.000000000000
1703 0.427175725830 0.768647263839 0.000000000000
1704 0.516146543261 0.695677482922 0.000000000000
1705 0.759454381575 0.841508972943 0.000000000000
1706 0.748074248721 0.857875752749 0.000000000000
1707 0.770420704407 0.858129980528 0.000000000000
1708 0.790871749797 0.861688193152 0.000000000000
1709 0.811658788540 0.896652843228 0.000000000000
1710 0.791203282035 0.903365746020 0.000000000000
1711 0.757825433080 0.876756274781 0.000000000000
1712 0.799996359589 0.883411521766 0.000000000000
1713 0.811325506497 0.867567449316 0.000000000000
1714 0.821558449489 0.884296972471 0.000000000000
1715 0.769016213066 0.892695295120 0.000000000000
1716 0.779888957060 0.879341168520 0.000000000000
1717 0.717307246976 0.843233134320 0.000000000000
1718 0.729838471206 0.854682256176 0.000000000000
1719 0.740414428033 0.837725938062 0.000000000000
1720 0.723284960618 0.824155737535 0.000000000000
1721 0.493224595415 0.097714776349 0.000000000000
1722 0.473755457101 0.052218392475 0.000000000000
1723 0.440150708046 0.081774567518 0.000000000000
1724 0.448040354345 0.129312995280 0.000000000000
1725 0.446520383302 0.018650898011 0.000000000000
1726 0.436219129057 0.036188139207 0.000000000000
1727 0.449746158899 0.152252298551 0.000000000000
1728 0.444480230497 0.105505978637 0.000000000000
1729 0.460898201179 0.090644042430 0.000000000000
1730 0.469967237958 0.139226607843 0.000000000000
1731 0.464114041900 0.114242385156 0.000000000000
1732 0.457300816630 0.068377911476 0.000000000000
1733 0.478839352866 0.078507707440 0.000000000000
1734 0.458938886834 0.033884001973 0.000000000000
1735 0.502668964970 0.078601008861 0.000000000000
1736 0.435909107978 0.059997105436 0.000000000000
1737 0.431119422436 0.015937990706 0.000000000000
1738 0.465254553841 0.160219817181 0.000000000000
1739 0.492326544421 0.063101873420 0.000000000000
1740 0.484756422386 0.119125357180 0.000000000000
1741 0.451605090244 0.050739900005 0.000000000000
1742 0.475335957881 0.100066727815 0.000000000000
1743 0.509372416585 0.329973823950 0.000000000000
1744 0.496577061257 0.338153876498 0.000000000000
1745 0.512210409713 0.347817514263 0.000000000000
1746 0.525632610104 0.333914867836 0.000000000000
1747 0.542218647624 0.336098198062 0.000000000000
1748 0.531340377216 0.351086198390 0.000000000000
1749 0.484164140643 0.328320546042 0.000000000000
1750 0.537401076074 0.366212060120 0.000000000000
1751 0.627889086003 0.316044032883 0.000000000000
1752 0.609843934671 0.301372016217 0.000000000000
1753 0.610663206172 0.322875773436 0.000000000000
1754 0.661169364969 0.314301557024 0.000000000000
1755 0.642739508120 0.309153346056 0.000000000000
1756 0.684855471876 0.320453658217 0.000000000000
1757 0.683412269233 0.342725795058 0.000000000000
1758 0.702624711547 0.334678353310 0.000000000000
1759 0.669186279805 0.331818247733 0.000000000000
1760 0.664887284611 0.350126777114 0.000000000000
1761 0.593072391732 0.305994566186 0.000000000000
1762 0.586858082330 0.376370007478 0.000000000000
1763 0.593978109679 0.355015878490 0.000000000000
1764 0.572729923557 0.362838110250 0.000000000000
1765 0.648504374555 0.331544086066 0.000000000000
1766 0.604219396389 0.373849229481 0.000000000000
1767 0.620113173532 0.379999918308 0.000000000000
1768 0.600420331458 0.390962978300 0.000000000000
1769 0.616159846606 0.360124367322 0.000000000000
1770 0.635843457127 0.366611817243 0.000000000000
1771 0.594674375849 0.330291303668 0.000000000000
1772 0.609666868288 0.341854476516 0.000000000000
1773 0.628832522805 0.341698234113 0.000000000000
1774 0.580077730992 0.318652948998 0.000000000000
1775 0.577758251800 0.338689892592 0.000000000000
1776 0.581706625421 0.391802525042 0.000000000000
1777 0.568094107474 0.383751323307 0.000000000000
1778 0.647747569908 0.353292934382 0.000000000000
1779 0.435732134669 0.969315736932 0.000000000000
1780 0.428765906166 0.985824946429 0.000000000000
1781 0.449614495014 0.982770541521 0.000000000000
1782 0.483971828136 0.983255587145 0.000000000000
1783 0.491187447151 0.965004731401 0.000000000000
1784 0.506467400196 0.950471620115 0.000000000000
1785 0.427468250251 0.938105073521 0.000000000000
1786 0.425170819683 0.957698165388 0.000000000000
1787 0.443250361376 0.950201255006 0.000000000000
1788 0.487581936588 0.923556266027 0.000000000000
1789 0.483148839720 0.903668876224 0.000000000000
1790 0.464894107640 0.919191379568 0.000000000000
1791 0.466582089517 0.941459964247 0.000000000000
1792 0.448728064207 0.932412861108 0.000000000000
1793 0.443598402840 0.916572687464 0.000000000000
1794 0.437649103409 0.896681066410 0.000000000000
1795 0.422841211490 0.914527379820 0.000000000000
1796 0.460009680041 0.898518364356 0.000000000000
1797 0.470687973504 0.863161403749 0.000000000000
1798 0.449886265838 0.856164578839 0.000000000000
1799 0.456014243843 0.878560038627 0.000000000000
1800 0.470354652727 0.973219868812 0.000000000000
1801 0.474730686106 0.957892680405 0.000000000000
1802 0.456621095940 0.962443258830 0.000000000000
1803 0.462632165969 0.840941889918 0.000000000000
1804 0.476857798633 0.883514178825 0.000000000000
1805 0.466002364016 0.987952413570 0.000000000000
1806 0.432171274674 0.871739689624 0.000000000000
1807 0.431379628253 0.849367492681 0.000000000000
1808 0.415465883517 0.855172411177 0.000000000000
1809 0.419391287183 0.835350739481 0.000000000000
1810 0.440253506123 0.830489344156 0.000000000000
1811 0.422096032387 0.813136188883 0.000000000000
1812 0.418984934818 0.892086994109 0.000000000000
1813 0.406100864185 0.800987536101 0.000000000000
1814 0.407309722210 0.820763654339 0.000000000000
1815 0.415818863042 0.874145245524 0.000000000000
1816 0.490268375300 0.944522049815 0.000000000000
1817 0.219779289855 0.294187380593 0.000000000000
1818 0.227893152751 0.271586130487 0.000000000000
1819 0.205294678167 0.271016824147 0.000000000000
1820 0.219381492169 0.251364712649 0.000000000000
1821 0.193149506157 0.247946656067 0.000000000000
1822 0.221533657839 0.315741224710 0.000000000000
1823 0.917604973576 0.362514207193 0.000000000000
1824 0.939313656800 0.358879638122 0.000000000000
1825 0.909140109310 0.383081141118 0.000000000000
1826 0.896653957214 0.366079291218 0.000000000000
1827 0.882349150359 0.379104777459 0.000000000000
1828 0.912866243222 0.401657816128 0.000000000000
1829 0.929137321857 0.395446128551 0.000000000000
1830 0.890392872940 0.397041255948 0.000000000000
1831 0.897016969042 0.412179285525 0.000000000000
1832 0.880125140390 0.410919937800 0.000000000000
1833 0.959110930949 0.355466869912 0.000000000000
1834 0.979346777457 0.369940314928 0.000000000000
1835 0.975813023594 0.351561960809 0.000000000000
1836 0.959179778560 0.377083197248 0.000000000000
1837 0.934976241008 0.379724514361 0.000000000000
1838 0.907919061042 0.447440919413 0.000000000000
1839 0.927476598275 0.434480773675 0.000000000000
1840 0.904568036699 0.474225350969 0.000000000000
1841 0.932746520700 0.484526653106 0.000000000000
1842 0.886513368755 0.457399543847 0.000000000000
1843 0.925089463859 0.458969277525 0.000000000000
1844 0.950073266669 0.498918881410 0.000000000000
1845 0.952353591540 0.480161534477 0.000000000000
1846 0.946847985578 0.463923101526 0.000000000000
1847 0.940767395419 0.447314438773 0.000000000000
1848 0.947600553017 0.427329417004 0.000000000000
1849 0.966003795221 0.487989471569 0.000000000000
1850 0.966965200138 0.467294810396 0.000000000000
1851 0.982927012044 0.479414078994 0.000000000000
1852 0.983727435299 0.458375979062 0.000000000000
1853 0.982256530345 0.436107331417 0.000000000000
1854 0.980161417650 0.413810014492 0.000000000000
1855 0.965489566634 0.424142221865 0.000000000000
1856 0.982384136666 0.500720468380 0.000000000000
1857 0.966478537385 0.506748622332 0.000000000000
1858 0.963165742905 0.445271896035 0.000000000000
1859 0.113734701523 0.843224703943 0.000000000000
1860 0.091562597554 0.839691809576 0.000000000000
1861 0.098983526242 0.862161340719 0.000000000000
1862 0.135004956044 0.803001217468 0.000000000000
1863 0.114151422945 0.798710237561 0.000000000000
1864 0.122029994996 0.820551918117 0.000000000000
1865 0.096756420878 0.803052877626 0.000000000000
1866 0.102626049785 0.820804470224 0.000000000000
1867 0.134967359739 0.854440798188 0.000000000000
1868 0.117995544390 0.867696369669 0.000000000000
1869 0.149095464327 0.840182368054 0.000000000000
1870 0.130545623287 0.835473916411 0.000000000000
1871 0.168675994083 0.843831702775 0.000000000000
1872 0.162466373295 0.823042564794 0.000000000000
1873 0.154518477591 0.865453771938 0.000000000000
1874 0.142771309427 0.819852789947 0.000000000000
1875 0.083748455705 0.815822424776 0.000000000000
1876 0.134339103653 0.873824159502 0.000000000000
1877 0.104678909766 0.879965141449 0.000000000000
1878 0.073836685223 0.779248013699 0.000000000000
1879 0.080283369797 0.796497761087 0.000000000000
1880 0.094830883454 0.785509344454 0.000000000000
1881 0.174855482223 0.864210340370 0.000000000000
1882 0.274326471736 0.192066254875 0.000000000000
1883 0.290052699189 0.184055855069 0.000000000000
1884 0.276870862397 0.171456635994 0.000000000000
1885 0.210131939413 0.191797730109 0.000000000000
1886 0.198007518336 0.206125669363 0.000000000000
1887 0.220654096354 0.212004745978 0.000000000000
1888 0.232803466775 0.190743396765 0.000000000000
1889 0.255810959196 0.178055286903 0.000000000000
1890 0.256545840582 0.198554293585 0.000000000000
1891 0.245443888036 0.214111268583 0.000000000000
1892 0.177866998697 0.202483327319 0.000000000000
1893 0.466127664736 0.187931723380 0.000000000000
1894 0.472722441736 0.203439377868 0.000000000000
1895 0.432550827695 0.278227716018 0.000000000000
1896 0.449465552890 0.286997889621 0.000000000000
1897 0.452156333503 0.268828745104 0.000000000000
1898 0.435483375581 0.258316996722 0.000000000000
1899 0.456957769545 0.248796782927 0.000000000000
1900 0.439627489651 0.234947054820 0.000000000000
1901 0.460654245968 0.232458569575 0.000000000000
1902 0.416152948693 0.267915907501 0.000000000000
1903 0.419329059011 0.243460099353 0.000000000000
1904 0.423577986952 0.222862352180 0.000000000000
1905 0.429375381593 0.204705282879 0.000000000000
1906 0.416127632416 0.194727196842 0.000000000000
1907 0.413391787349 0.211658271665 0.000000000000
1908 0.450255947696 0.198012280961 0.000000000000
1909 0.439466473682 0.215655730696 0.000000000000
1910 0.455545032087 0.217833164109 0.000000000000
1911 0.470543593791 0.222485970732 0.000000000000
1912 0.433432461664 0.185315864943 0.000000000000
1913 0.401835882615 0.548077602578 0.000000000000
1914 0.385812304765 0.572686216631 0.000000000000
1915 0.290991800961 0.590013162583 0.000000000000
1916 0.298179568474 0.610482691395 0.000000000000
1917 0.365193405187 0.564665352052 0.000000000000
1918 0.378202283205 0.549827015782 0.000000000000
1919 0.351314023967 0.548684881563 0.000000000000
1920 0.367243806754 0.531298988934 0.000000000000
1921 0.392356445516 0.532972438059 0.000000000000
1922 0.345208228797 0.571404117294 0.000000000000
1923 0.330529422947 0.557671651245 0.000000000000
1924 0.340474203678 0.595121116122 0.000000000000
1925 0.338405289391 0.619694071606 0.000000000000
1926 0.363056694370 0.612854691759 0.000000000000
1927 0.316143975713 0.598291896051 0.000000000000
1928 0.316614592539 0.618624315632 0.000000000000
1929 0.328137280112 0.635108653538 0.000000000000
1930 0.382947672995 0.598454652650 0.000000000000
1931 0.360484327093 0.584855746325 0.000000000000
1932 0.323590552218 0.575876536425 0.000000000000
1933 0.306190912901 0.633366395201 0.000000000000
1934 0.395561675357 0.510075080057 0.000000000000
1935 0.377450289914 0.517749498616 0.000000000000
1936 0.304751823196 0.578231376381 0.000000000000
1937 0.270973533590 0.700741303895 0.000000000000
1938 0.248446952839 0.697529993123 0.000000000000
1939 0.256633132490 0.712758915786 0.000000000000
1940 0.234790148416 0.710270611752 0.000000000000
1941 0.279582683486 0.684358308537 0.000000000000
1942 0.295902638529 0.678895397524 0.000000000000
1943 0.294425271664 0.696344285167 0.000000000000
1944 0.289437319221 0.714778271004 0.000000000000
1945 0.248947140555 0.728642464778 0.000000000000
1946 0.226827356582 0.733092118807 0.000000000000
1947 0.269969920221 0.722319125208 0.000000000000
1948 0.555214598200 0.855052012840 0.000000000000
1949 0.568271557401 0.813013955889 0.000000000000
1950 0.587609425679 0.875547924918 0.000000000000
1951 0.543757024174 0.891638851751 0.000000000000
1952 0.522028538525 0.841652031476 0.000000000000
1953 0.587011987820 0.842169575377 0.000000000000
1954 0.535211575285 0.827451090045 0.000000000000
1955 0.523678531856 0.875721964887 0.000000000000
1956 0.575040619073 0.789256207032 0.000000000000
1957 0.570944809575 0.896542624506 0.000000000000
1958 0.609997987610 0.867231861670 0.000000000000
1959 0.528114560706 0.910776381102 0.000000000000
1960 0.588990978778 0.819576267588 0.000000000000
1961 0.563733262666 0.874988623589 0.000000000000
1962 0.555218952664 0.832696110035 0.000000000000
1963 0.550033826947 0.798380361194 0.000000000000
1964 0.515085074126 0.822466918453 0.000000000000
1965 0.544248517670 0.872180035508 0.000000000000
1966 0.604480922763 0.885253330863 0.000000000000
1967 0.500653400914 0.839125293105 0.000000000000
1968 0.606361143525 0.847481021954 0.000000000000
1969 0.576887887046 0.859078997515 0.000000000000
1970 0.548015762657 0.915038546241 0.000000000000
1971 0.520198561900 0.894646929103 0.000000000000
1972 0.539753502099 0.843213496927 0.000000000000
1973 0.508680645287 0.861831490014 0.000000000000
1974 0.573359460652 0.830811736719 0.000000000000
1975 0.587995855569 0.802438688876 0.000000000000
1976 0.589435577328 0.893597923259 0.000000000000
1977 0.593573686336 0.858301876287 0.000000000000
1978 0.531093845822 0.859216240238 0.000000000000
1979 0.601722615360 0.830259103739 0.000000000000
1980 0.532147490620 0.809384103091 0.000000000000
1981 0.531755138369 0.927839980059 0.000000000000
1982 0.569182246442 0.844893277068 0.000000000000
1983 0.548176680583 0.816185124051 0.000000000000
1984 0.119549181081 0.376120694607 0.000000000000
1985 0.134994008796 0.390286790929 0.000000000000
1986 0.067253905576 0.355024851861 0.000000000000
1987 0.051041937629 0.368066701547 0.000000000000
1988 0.066920414063 0.375473199687 0.000000000000
1989 0.076025134916 0.336445060292 0.000000000000
1990 0.088819992194 0.348289962483 0.000000000000
1991 0.105844221896 0.361749357326 0.000000000000
1992 0.084569222485 0.366475816985 0.000000000000
1993 0.077151950200 0.413595455285 0.000000000000
1994 0.068059088318 0.393540430033 0.000000000000
1995 0.055202290830 0.407165163275 0.000000000000
1996 0.050033408057 0.386189310651 0.000000000000
1997 0.089100618534 0.400668621492 0.000000000000
1998 0.080564922311 0.383542087048 0.000000000000
1999 0.119498423415 0.426464662397 0.000000000000
2000 0.102960558856 0.417842273570 0.000000000000
2001 0.110230469237 0.396610123066 0.000000000000
2002 0.099075161517 0.380994642183 0.000000000000
2003 0.035937880073 0.399660329534 0.000000000000
2004 0.125879787425 0.410143227177 0.000000000000
2005 0.576464224501 0.163325679966 0.000000000000
2006 0.563572715948 0.106883470015 0.000000000000
2007 0.530835998929 0.183574578680 0.000000000000
2008 0.515352654732 0.132921008342 0.000000000000
2009 0.497680578439 0.179321608613 0.000000000000
2010 0.551727840642 0.090728915185 0.000000000000
2011 0.544757225288 0.108909592108 0.000000000000
2012 0.555706355098 0.126293568164 0.000000000000
2013 0.578381516725 0.125309662182 0.000000000000
2014 0.567265163556 0.143784321521 0.000000000000
2015 0.548596341705 0.145592722876 0.000000000000
2016 0.550739972578 0.189418229891 0.000000000000
2017 0.544160325409 0.167306850316 0.000000000000
2018 0.524151906887 0.165240677407 0.000000000000
2019 0.536735633499 0.128785270748 0.000000000000
2020 0.585327243225 0.147937361640 0.000000000000
2021 0.504614633217 0.158137150833 0.000000000000
2022 0.534087128870 0.091909415841 0.000000000000
2023 0.595710240389 0.133397649077 0.000000000000
2024 0.560430922325 0.159607915331 0.000000000000
2025 0.513475167624 0.177795818519 0.000000000000
2026 0.565300119346 0.176850780315 0.000000000000
2027 0.525010958770 0.112647818990 0.000000000000
2028 0.485089397633 0.172275337407 0.000000000000
2029 0.529753032739 0.147662459880 0.000000000000
2030 0.505538856316 0.187758956934 0.000000000000
2031 0.588969306864 0.083691736592 0.000000000000
2032 0.628158453418 0.106885222561 0.000000000000
2033 0.579571367923 0.051864575036 0.000000000000
2034 0.613379763162 0.059019818332 0.000000000000
2035 0.606946486584 0.037036061122 0.000000000000
2036 0.627214513395 0.078154201463 0.000000000000
2037 0.599485884812 0.018992723141 0.000000000000
2038 0.575107605513 0.070190741718 0.000000000000
2039 0.601535584109 0.097673965801 0.000000000000
2040 0.584932257049 0.032450863469 0.000000000000
2041 0.593198294380 0.065364459605 0.000000000000
2042 0.606710391071 0.078604318741 0.000000000000
2043 0.585172171460 0.014049084543 0.000000000000
2044 0.613619441422 0.113048715538 0.000000000000
2045 0.639666288894 0.096107787771 0.000000000000
2046 0.595655132968 0.049599160561 0.000000000000
2047 0.618814017048 0.094266519038 0.000000000000
2048 0.072636094868 0.601342245762 0.000000000000
2049 0.017625928033 0.600626938794 0.000000000000
2050 0.055489111214 0.564070045351 0.000000000000
2051 0.056912580227 0.619237406447 0.000000000000
2052 0.052294544919 0.598384663895 0.000000000000
2053 0.083373117607 0.583314720924 0.000000000000
2054 0.035150791598 0.609782853852 0.000000000000
2055 0.034033763139 0.566505202163 0.000000000000
2056 0.017562368981 0.579977411508 0.000000000000
2057 0.017533372622 0.620485742177 0.000000000000
2058 0.034023507836 0.590117049967 0.000000000000
2059 0.074954869521 0.564113948660 0.000000000000
2060 0.048456199276 0.580738715037 0.000000000000
2061 0.064533989568 0.581994056605 0.000000000000
2062 0.015161129572 0.563133611960 0.000000000000
2063 0.034586457574 0.628414024800 0.000000000000
2064 0.574915862412 0.211923756236 0.000000000000
2065 0.593169565772 0.216013085436 0.000000000000
2066 0.588381314763 0.198750341488 0.000000000000
2067 0.606693033138 0.203698116884 0.000000000000
2068 0.672961524175 0.235021909722 0.000000000000
2069 0.636777894920 0.222092736680 0.000000000000
2070 0.622058762633 0.245544259255 0.000000000000
2071 0.647614052412 0.245136679432 0.000000000000
2072 0.656946193725 0.222630635141 0.000000000000
2073 0.581178028049 0.230905017100 0.000000000000
2074 0.600665974315 0.236596455266 0.000000000000
2075 0.586806312341 0.250257574029 0.000000000000
2076 0.617960488402 0.268636583833 0.000000000000
2077 0.633176010143 0.264114747041 0.000000000000
2078 0.590581612316 0.267488026868 0.000000000000
2079 0.603698551567 0.258918010427 0.000000000000
2080 0.651495788069 0.271635474101 0.000000000000
2081 0.665493316914 0.254770598878 0.000000000000
2082 0.614772063199 0.219947651325 0.000000000000
2083 0.682185425526 0.283252604621 0.000000000000
2084 0.674005490871 0.268708614200 0.000000000000
2085 0.664046931072 0.284840624850 0.000000000000
2086 0.681316515628 0.253504350714 0.000000000000
2087 0.822412181968 0.931457182760 0.000000000000
2088 0.835800547495 0.919506978270 0.000000000000
2089 0.977755810959 0.949969233382 0.000000000000
2090 0.954947467435 0.939340306083 0.000000000000
2091 0.899257592118 0.912310377581 0.000000000000
2092 0.881983390331 0.900564139532 0.000000000000
2093 0.879963670866 0.919529664090 0.000000000000
2094 0.864183706701 0.899980089075 0.000000000000
2095 0.833713005508 0.975100473123 0.000000000000
2096 0.848903752530 0.966592189690 0.000000000000
2097 0.837163998219 0.956810346743 0.000000000000
2098 0.849148074527 0.983053959190 0.000000000000
2099 0.841082529341 0.939703917334 0.000000000000
2100 0.825525643836 0.946817645791 0.000000000000
2101 0.908493159531 0.935450686453 0.000000000000
2102 0.928278804554 0.939706296612 0.000000000000
2103 0.917988055722 0.915629683342 0.000000000000
2104 0.915109620785 0.956712035892 0.000000000000
2105 0.898706966615 0.951998071030 0.000000000000
2106 0.959547404007 0.965828817442 0.000000000000
2107 0.943588965668 0.981768310242 0.000000000000
2108 0.966319112168 0.984414593275 0.000000000000
2109 0.937881540771 0.961529052756 0.000000000000
2110 0.899776508641 0.970917375103 0.000000000000
2111 0.919862268645 0.978837397977 0.000000000000
2112 0.847854209032 0.908425692990 0.000000000000
2113 0.881764406301 0.980786459102 0.000000000000
2114 0.880877015111 0.957170286830 0.000000000000
2115 0.865142891848 0.986511361862 0.000000000000
2116 0.864527779050 0.970119730816 0.000000000000
2117 0.890126970422 0.935723815001 0.000000000000
2118 0.857591600370 0.925237456955 0.000000000000
2119 0.858143775043 0.949883626133 0.000000000000
2120 0.873463418288 0.937883804020 0.000000000000
2121 0.939728349063 0.923566039784 0.000000000000
2122 0.982743860117 0.975970474326 0.000000000000
2123 0.780109746534 0.494170332537 0.000000000000
2124 0.791339667445 0.476514385285 0.000000000000
2125 0.774902072440 0.472460521684 0.000000000000
2126 0.801683814398 0.496624722194 0.000000000000
2127 0.807369780697 0.462642104243 0.000000000000
2128 0.789383538657 0.455192772298 0.000000000000
2129 0.811264872728 0.480822648136 0.000000000000
2130 0.787779182398 0.513165678081 0.000000000000
2131 0.770600835043 0.449946634058 0.000000000000
2132 0.826412049434 0.470949662194 0.000000000000
2133 0.545397593563 0.045258770520 0.000000000000
2134 0.523994639999 0.018217176919 0.000000000000
2135 0.532568783142 0.060857704492 0.000000000000
2136 0.522349458562 0.045895968958 0.000000000000
2137 0.548118985676 0.021408659480 0.000000000000
2138 0.500697771255 0.022202104032 0.000000000000
2139 0.481875721099 0.013541757234 0.000000000000
2140 0.547751732862 0.062765464687 0.000000000000
2141 0.534489808928 0.031652635945 0.000000000000
2142 0.515271618572 0.031424444465 0.000000000000
2143 0.102018439141 0.317064321161 0.000000000000
2144 0.119736225195 0.331707317128 0.000000000000
2145 0.125128295219 0.311588275264 0.000000000000
2146 0.088141537893 0.276539017951 0.000000000000
2147 0.107729235479 0.294990953970 0.000000000000
2148 0.112833170600 0.278060172344 0.000000000000
2149 0.089064055109 0.297212497804 0.000000000000
2150 0.168818940939 0.305202958103 0.000000000000
2151 0.177926871980 0.325270387231 0.000000000000
2152 0.187070461726 0.312938979910 0.000000000000
2153 0.161570972670 0.357730319511 0.000000000000
2154 0.146109568368 0.348902544989 0.000000000000
2155 0.131308037414 0.266110379852 0.000000000000
2156 0.107797134560 0.263179063389 0.000000000000
2157 0.137147001383 0.331684867488 0.000000000000
2158 0.146215622922 0.310006971882 0.000000000000
2159 0.159708623001 0.331765922764 0.000000000000
2160 0.149805507105 0.285232388422 0.000000000000
2161 0.169144446827 0.281759069427 0.000000000000
2162 0.129189898883 0.289481454967 0.000000000000
2163 0.155612175019 0.263055811484 0.000000000000
2164 0.144434845483 0.245103677205 0.000000000000
2165 0.193864953417 0.332880646586 0.000000000000
2166 0.180171380815 0.343563428791 0.000000000000
2167 0.014953232513 0.745627969464 0.000000000000
2168 0.039743832682 0.746040028357 0.000000000000
2169 0.060598879477 0.753013414227 0.000000000000
2170 0.014580292317 0.683781360898 0.000000000000
2171 0.018269631523 0.702829275079 0.000000000000
2172 0.029746075533 0.687514889693 0.000000000000
2173 0.025095790602 0.722161083770 0.000000000000
2174 0.040195630688 0.703992561254 0.000000000000
2175 0.045146270933 0.721639108571 0.000000000000
2176 0.079037614688 0.744911140874 0.000000000000
2177 0.095198923385 0.725111176988 0.000000000000
2178 0.076243050588 0.727967183037 0.000000000000
2179 0.060580028104 0.734315547733 0.000000000000
2180 0.082163843574 0.710487201647 0.000000000000
2181 0.062710519643 0.712322411368 0.000000000000
2182 0.067466353744 0.676688745459 0.000000000000
2183 0.059956960755 0.693473779883 0.000000000000
2184 0.077354936105 0.694845142210 0.000000000000
2185 0.046698671457 0.680027976952 0.000000000000
2186 0.089005675840 0.681022544424 0.000000000000
2187 0.029435598684 0.670501176870 0.000000000000
2188 0.047380556688 0.661275380037 0.000000000000
2189 0.067403293011 0.654740485173 0.000000000000
2190 0.013781521636 0.664857861383 0.000000000000
2191 0.098286587901 0.699663137885 0.000000000000
2192 0.081632756369 0.665611654735 0.000000000000
2193 0.235012270714 0.908799774854 0.000000000000
2194 0.260811959696 0.914572302664 0.000000000000
2195 0.243733732080 0.923519014500 0.000000000000
2196 0.227822858309 0.926423953782 0.000000000000
2197 0.211701678417 0.918402581253 0.000000000000
2198 0.268428682966 0.969233968669 0.000000000000
2199 0.284501247819 0.982801490153 0.000000000000
2200 0.287062575171 0.966345425469 0.000000000000
2201 0.212568002509 0.900036233680 0.000000000000
2202 0.274321110809 0.951815668955 0.000000000000
2203 0.236955002136 0.939719143883 0.000000000000
2204 0.279410553937 0.932921616471 0.000000000000
2205 0.258075488990 0.936577980820 0.000000000000
2206 0.252053115959 0.954119925485 0.000000000000
2207 0.283427430482 0.915326004417 0.000000000000
2208 0.671503975204 0.139717178740 0.000000000000
2209 0.687457081538 0.126432822520 0.000000000000
2210 0.670254899601 0.118833390888 0.000000000000
2211 0.679963001611 0.183651920472 0.000000000000
2212 0.694283681489 0.166377524025 0.000000000000
2213 0.675927685907 0.159970403827 0.000000000000
2214 0.700518435959 0.185794449377 0.000000000000
2215 0.689970695746 0.201092838902 0.000000000000
2216 0.662732663739 0.189468750850 0.000000000000
2217 0.706355152680 0.152162665881 0.000000000000
2218 0.691660501532 0.146201434491 0.000000000000
2219 0.713580395093 0.168242776969 0.000000000000
2220 0.664256551819 0.171712216251 0.000000000000
2221 0.639602091969 0.133432354784 0.000000000000
2222 0.623608001390 0.139815209588 0.000000000000
2223 0.636392334474 0.149504220619 0.000000000000
2224 0.643917467928 0.187074459405 0.000000000000
2225 0.648761006743 0.173307864708 0.000000000000
2226 0.653898397902 0.152162132412 0.000000000000
2227 0.628421953969 0.176163980769 0.000000000000
2228 0.639339005103 0.163265648560 0.000000000000
2229 0.622367835360 0.157720778474 0.000000000000
2230 0.607356947869 0.168811168820 0.000000000000
2231 0.655404517185 0.126387130123 0.000000000000
2232 0.941943064129 0.113971805751 0.000000000000
2233 0.971792928818 0.115872556216 0.000000000000
2234 0.924669559841 0.088544243609 0.000000000000
2235 0.924225878485 0.138389440207 0.000000000000
2236 0.961098278425 0.092749657159 0.000000000000
2237 0.958771774316 0.132717982029 0.000000000000
2238 0.922789276102 0.113563406732 0.000000000000
2239 0.983204541644 0.098964892162 0.000000000000
2240 0.982867615028 0.131399492712 0.000000000000
2241 0.913117232093 0.071685268717 0.000000000000
2242 0.940514741481 0.146994551187 0.000000000000
2243 0.943516225177 0.081551690934 0.000000000000
2244 0.915076171418 0.151341140491 0.000000000000
2245 0.909155538885 0.098758231322 0.000000000000
2246 0.987651138068 0.115872556215 0.000000000000
2247 0.939397154795 0.130489953062 0.000000000000
2248 0.939294122474 0.098391225871 0.000000000000
2249 0.910347364043 0.129692851686 0.000000000000
2250 0.957184316639 0.109954609329 0.000000000000
2251 0.703407420783 0.800833499797 0.000000000000
2252 0.614987075004 0.774221868385 0.000000000000
2253 0.700590425980 0.722854284393 0.000000000000
2254 0.718846128655 0.760904986928 0.000000000000
2255 0.630580300484 0.812325370925 0.000000000000
2256 0.649591582869 0.708008270539 0.000000000000
2257 0.681159423708 0.833734067644 0.000000000000
2258 0.601328114047 0.739936762683 0.000000000000
2259 0.679102477984 0.700229384255 0.000000000000
2260 0.690668401446 0.816919375772 0.000000000000
2261 0.683407025066 0.799280941707 0.000000000000
2262 0.670618961096 0.816193266302 0.000000000000
2263 0.663207794326 0.797253207939 0.000000000000
2264 0.675663215917 0.780753189472 0.000000000000
2265 0.655240727002 0.778852090181 0.000000000000
2266 0.666331970716 0.762319054351 0.000000000000
2267 0.646451721724 0.760456528580 0.000000000000
2268 0.687108569153 0.763766349211 0.000000000000
2269 0.654748144051 0.743693602834 0.000000000000
2270 0.636551775356 0.740505600788 0.000000000000
2271 0.660089588142 0.832724569666 0.000000000000
2272 0.711523205078 0.737895170278 0.000000000000
2273 0.692230229330 0.741055056907 0.000000000000
2274 0.680215801941 0.722880711279 0.000000000000
2275 0.694728391961 0.783654693593 0.000000000000
2276 0.643185509522 0.795350415951 0.000000000000
2277 0.622452741122 0.793170343740 0.000000000000
2278 0.628179740138 0.718849848948 0.000000000000
2279 0.606132425875 0.724074639391 0.000000000000
2280 0.706063346544 0.753378057031 0.000000000000
2281 0.634912881120 0.776717009343 0.000000000000
2282 0.638069746189 0.831572767330 0.000000000000
2283 0.650737030152 0.814031253190 0.000000000000
2284 0.627193444266 0.757522701993 0.000000000000
2285 0.706335631360 0.770666522134 0.000000000000
2286 0.618655105879 0.738700784279 0.000000000000
2287 0.674686722269 0.745389986425 0.000000000000
2288 0.660227449989 0.725184118014 0.000000000000
2289 0.712282816004 0.786049962238 0.000000000000
2290 0.646475331471 0.846727145230 0.000000000000
2291 0.719573713298 0.748880727374 0.000000000000
2292 0.645090538113 0.726908909122 0.000000000000
2293 0.719550120138 0.773877250635 0.000000000000
2294 0.665828523512 0.709232256310 0.000000000000
2295 0.610928514317 0.756833898231 0.000000000000
2296 0.693608452454 0.707443591080 0.000000000000
2297 0.665116392273 0.695341705473 0.000000000000
2298 0.755658860598 0.103011120694 0.000000000000
2299 0.766199534661 0.065180577284 0.000000000000
2300 0.767617557748 0.138215911521 0.000000000000
2301 0.723657739128 0.102162415877 0.000000000000
2302 0.737245660299 0.127202162631 0.000000000000
2303 0.775819881362 0.039314845871 0.000000000000
2304 0.738979706705 0.071331713946 0.000000000000
2305 0.775068060501 0.090931745779 0.000000000000
2306 0.780091738163 0.017296863229 0.000000000000
2307 0.777928028052 0.115504862934 0.000000000000
2308 0.746017637676 0.147602167189 0.000000000000
2309 0.783779050545 0.151019747519 0.000000000000
2310 0.787967008145 0.054677522555 0.000000000000
2311 0.748565138074 0.053490963307 0.000000000000
2312 0.755481199970 0.084815426975 0.000000000000
2313 0.755487920312 0.121920829493 0.000000000000
2314 0.787273417319 0.131607865761 0.000000000000
2315 0.720064068224 0.085985878143 0.000000000000
2316 0.719650624849 0.119108675134 0.000000000000
2317 0.706457778947 0.101681619793 0.000000000000
2318 0.767272063753 0.157884385039 0.000000000000
2319 0.787571930042 0.077207655440 0.000000000000
2320 0.789585948648 0.102208164528 0.000000000000
2321 0.737596545800 0.110876601525 0.000000000000
2322 0.793428222932 0.014438410171 0.000000000000
2323 0.758183652115 0.041711492507 0.000000000000
2324 0.790654298800 0.032174230373 0.000000000000
2325 0.738573020071 0.093030526193 0.000000000000
2326 0.725670402648 0.136367932279 0.000000000000
2327 0.025616431541 0.035418562670 0.000000000000
2328 0.014606459464 0.019901160113 0.000000000000
2329 0.024752078536 0.055905947733 0.000000000000
2330 0.082472828868 0.013629179085 0.000000000000
2331 0.063426022311 0.019121699480 0.000000000000
2332 0.080728205569 0.029161464924 0.000000000000
2333 0.035557870621 0.076278907655 0.000000000000
2334 0.016739155205 0.075499292559 0.000000000000
2335 0.078838958452 0.081801815653 0.000000000000
2336 0.055434585061 0.081517459396 0.000000000000
2337 0.066892703394 0.097546242182 0.000000000000
2338 0.068216202242 0.066263082575 0.000000000000
2339 0.057482918912 0.110340802480 0.000000000000
2340 0.075363445276 0.110586643948 0.000000000000
2341 0.103246602986 0.080185386147 0.000000000000
2342 0.088750304163 0.063422690903 0.000000000000
2343 0.090943423087 0.102094102555 0.000000000000
2344 0.106896065664 0.056378059958 0.000000000000
2345 0.049405862757 0.060529297715 0.000000000000
2346 0.043292890022 0.098936629289 0.000000000000
2347 0.045852906278 0.038364139327 0.000000000000
2348 0.069862602868 0.044667541551 0.000000000000
2349 0.093079509697 0.042118494020 0.000000000000
2350 0.019316273567 0.110198800426 0.000000000000
2351 0.110547874438 0.102055120080 0.000000000000
2352 0.100788996750 0.020555733879 0.000000000000
2353 0.108814633707 0.035721398467 0.000000000000
2354 0.022412493762 0.090553236726 0.000000000000
2355 0.037764719589 0.018690466962 0.000000000000
2356 0.202919295874 0.518570711862 0.000000000000
2357 0.219817885126 0.524702450683 0.000000000000
2358 0.220300327515 0.504500811707 0.000000000000
2359 0.216218129886 0.482626782236 0.000000000000
2360 0.197672927358 0.496454077921 0.000000000000
2361 0.235936517924 0.495664819665 0.000000000000
2362 0.235455386805 0.471109953613 0.000000000000
2363 0.143767200078 0.456335437515 0.000000000000
2364 0.145310538957 0.476051672305 0.000000000000
2365 0.162858221168 0.459069686987 0.000000000000
2366 0.193437924994 0.474871061944 0.000000000000
2367 0.216015783887 0.459432639351 0.000000000000
2368 0.177690901301 0.494589526433 0.000000000000
2369 0.166627714114 0.509031968897 0.000000000000
2370 0.183646072380 0.512757897517 0.000000000000
2371 0.180343169417 0.461875057804 0.000000000000
2372 0.179052835402 0.445258537047 0.000000000000
2373 0.169166353554 0.477716033740 0.000000000000
2374 0.232666786821 0.536980235822 0.000000000000
2375 0.235253119433 0.516846544812 0.000000000000
2376 0.157923791893 0.495278273103 0.000000000000
2377 0.141000885527 0.497256367614 0.000000000000
2378 0.178801372144 0.424418521715 0.000000000000
2379 0.160872359408 0.412337779730 0.000000000000
2380 0.157407139049 0.436146683519 0.000000000000
2381 0.194486294178 0.434231681289 0.000000000000
2382 0.196958209558 0.451403316120 0.000000000000
2383 0.938018734443 0.536474112100 0.000000000000
2384 0.923432317602 0.546684977124 0.000000000000
2385 0.916062082721 0.562705953246 0.000000000000
2386 0.887333168301 0.618535356018 0.000000000000
2387 0.881298390226 0.638454516223 0.000000000000
2388 0.899335201971 0.635157446315 0.000000000000
2389 0.896082318474 0.567443444414 0.000000000000
2390 0.902460458264 0.542407531915 0.000000000000
2391 0.917929779216 0.526095054729 0.000000000000
2392 0.910665433330 0.615047145788 0.000000000000
2393 0.913690132765 0.593305078853 0.000000000000
2394 0.895394467343 0.602793861129 0.000000000000
2395 0.893547403965 0.586615333111 0.000000000000
2396 0.923214990360 0.577131821119 0.000000000000
2397 0.908491878247 0.576825711775 0.000000000000
2398 0.899950468825 0.518871996510 0.000000000000
2399 0.652966992144 0.914461799149 0.000000000000
2400 0.668178166509 0.932390844551 0.000000000000
2401 0.680184004888 0.913433331437 0.000000000000
2402 0.721265375364 0.903063366879 0.000000000000
2403 0.717850236837 0.931805512541 0.000000000000
2404 0.737932259229 0.917334208726 0.000000000000
2405 0.657615060129 0.875064937142 0.000000000000
2406 0.663697691421 0.895926103283 0.000000000000
2407 0.674636923176 0.877134029732 0.000000000000
2408 0.725050901233 0.952995858147 0.000000000000
2409 0.742525765047 0.936665077099 0.000000000000
2410 0.690435165830 0.940074518559 0.000000000000
2411 0.709231969623 0.959111572441 0.000000000000
2412 0.644286966509 0.890846866180 0.000000000000
2413 0.632961835346 0.903184915590 0.000000000000
2414 0.686207915408 0.889702769836 0.000000000000
2415 0.699046254317 0.902251935260 0.000000000000
2416 0.709509774932 0.882895363173 0.000000000000
2417 0.701756207447 0.918125732935 0.000000000000
2418 0.758052711099 0.920762593021 0.000000000000
2419 0.690172843713 0.866575856132 0.000000000000
2420 0.273128374124 0.880689604581 0.000000000000
2421 0.288982571038 0.891150659700 0.000000000000
2422 0.289201697412 0.872204085331 0.000000000000
2423 0.252805796038 0.874291253596 0.000000000000
2424 0.017115820496 0.274882287400 0.000000000000
2425 0.026415830238 0.290507974044 0.000000000000
2426 0.047019019803 0.289572453192 0.000000000000
2427 0.014376853733 0.331016649641 0.000000000000
2428 0.020489055838 0.348912868168 0.000000000000
2429 0.035313686599 0.328698850271 0.000000000000
2430 0.018717761462 0.311994878710 0.000000000000
2431 0.036200198184 0.308928980030 0.000000000000
2432 0.054689102935 0.311640759385 0.000000000000
2433 0.442660986418 0.590585616239 0.000000000000
2434 0.457097342686 0.581525868404 0.000000000000
2435 0.435158048399 0.576960020917 0.000000000000
2436 0.455576980798 0.600222415939 0.000000000000
2437 0.424544820021 0.597244032969 0.000000000000
2438 0.438968193159 0.605171793065 0.000000000000
2439 0.837428838808 0.101289549397 0.000000000000
2440 0.825876004952 0.082033765029 0.000000000000
2441 0.819159703051 0.102408388277 0.000000000000
2442 0.847122857191 0.082797927689 0.000000000000
2443 0.873133099690 0.102974224877 0.000000000000
2444 0.870468889458 0.080371895411 0.000000000000
2445 0.856396976794 0.096783649875 0.000000000000
2446 0.825207019455 0.126081955143 0.000000000000
2447 0.850810471295 0.117631610410 0.000000000000
2448 0.823617487008 0.149452163388 0.000000000000
2449 0.842512931081 0.160906999320 0.000000000000
2450 0.849727099534 0.138351645595 0.000000000000
2451 0.866719775314 0.153221726685 0.000000000000
2452 0.853270500424 0.065102814125 0.000000000000
2453 0.839295932708 0.071205892297 0.000000000000
2454 0.875717123277 0.141118541138 0.000000000000
2455 0.873002613621 0.124087826480 0.000000000000
2456 0.877135267311 0.056740872995 0.000000000000
2457 0.855311341446 0.044411652572 0.000000000000
2458 0.873153636776 0.036594527670 0.000000000000
2459 0.821498927734 0.172836100432 0.000000000000
2460 0.836007195827 0.181926378761 0.000000000000
2461 0.830288714321 0.055088643828 0.000000000000
2462 0.857917229704 0.019783097211 0.000000000000
2463 0.840102699743 0.033159959755 0.000000000000
2464 0.870946598204 0.169395551548 0.000000000000
2465 0.873851516762 0.186356490101 0.000000000000
2466 0.852950997190 0.180476016484 0.000000000000
2467 0.835185051742 0.015716218395 0.000000000000
2468 0.821022657275 0.032379949549 0.000000000000
2469 0.844187837259 0.196633781960 0.000000000000
2470 0.860753174182 0.194821267205 0.000000000000
2471 0.817926037070 0.012936820269 0.000000000000
2472 0.226321967628 0.980407289555 0.000000000000
2473 0.153196245624 0.970089064116 0.000000000000
2474 0.138410617929 0.982559320094 0.000000000000
2475 0.154822939340 0.986175196504 0.000000000000
2476 0.173205222175 0.980309950527 0.000000000000
2477 0.208689332548 0.973794667200 0.000000000000
2478 0.169152777498 0.960409578965 0.000000000000
2479 0.205793035267 0.956886643656 0.000000000000
2480 0.190322696134 0.986204670416 0.000000000000
2481 0.187834903529 0.963123404924 0.000000000000
2482 0.192875533097 0.945166663755 0.000000000000
2483 0.172182717531 0.686742456318 0.000000000000
2484 0.193720614029 0.681209418647 0.000000000000
2485 0.177654940537 0.666622724385 0.000000000000
2486 0.151613683604 0.672444908138 0.000000000000
2487 0.165413105973 0.652912053083 0.000000000000
2488 0.238391986072 0.617637796615 0.000000000000
2489 0.261253576292 0.630298536969 0.000000000000
2490 0.261748259351 0.607549735862 0.000000000000
2491 0.235505562460 0.641412334162 0.000000000000
2492 0.185663999628 0.644028177785 0.000000000000
2493 0.279260906393 0.645578327605 0.000000000000
2494 0.255796844411 0.656693522897 0.000000000000
2495 0.219810645463 0.624829805206 0.000000000000
2496 0.152839539039 0.694620033029 0.000000000000
2497 0.150704131446 0.650900251815 0.000000000000
2498 0.214829807505 0.672305323997 0.000000000000
2499 0.236892645943 0.664449243961 0.000000000000
2500 0.214370276127 0.648408184267 0.000000000000
2501 0.197335523293 0.662399333118 0.000000000000
2502 0.136703610473 0.694247670909 0.000000000000
2503 0.202233492360 0.630097425809 0.000000000000
2504 0.452065477770 0.394827729761 0.000000000000
2505 0.477806283736 0.448374588199 0.000000000000
2506 0.415670379104 0.422655438940 0.000000000000
2507 0.509467011686 0.428175909054 0.000000000000
2508 0.435382476386 0.452075870196 0.000000000000
2509 0.493175406924 0.403268079797 0.000000000000
2510 0.456781583465 0.449830378174 0.000000000000
2511 0.466318064955 0.432123013056 0.000000000000
2512 0.487147962504 0.432063100009 0.000000000000
2513 0.445003736690 0.435245477348 0.000000000000
2514 0.413356687497 0.452356587498 0.000000000000
2515 0.471620949238 0.399105455240 0.000000000000
2516 0.454284198812 0.415378799069 0.000000000000
2517 0.436373481335 0.405502904093 0.000000000000
2518 0.514931427475 0.410471647210 0.000000000000
2519 0.498460807866 0.446753806880 0.000000000000
2520 0.437126386657 0.390293415189 0.000000000000
2521 0.424599063054 0.391493210452 0.000000000000
2522 0.477124090446 0.416958728673 0.000000000000
2523 0.419782338472 0.407147914559 0.000000000000
2524 0.432630898113 0.422389468146 0.000000000000
2525 0.423393455680 0.437208446666 0.000000000000
2526 0.496727690677 0.419019007819 0.000000000000
2527 0.141331728402 0.748416173153 0.000000000000
2528 0.161361930568 0.749804706105 0.000000000000
2529 0.158589539954 0.728810502652 0.000000000000
2530 0.182752648866 0.743436082411 0.000000000000
2531 0.180472745254 0.759346940867 0.000000000000
2532 0.185618249801 0.720932153955 0.000000000000
2533 0.116885295047 0.750803965273 0.000000000000
2534 0.131538191379 0.765121571644 0.000000000000
2535 0.131794523966 0.730854965720 0.000000000000
2536 0.148430185773 0.765858348703 0.000000000000
2537 0.166934863657 0.768051130186 0.000000000000
2538 0.156056915082 0.780909676525 0.000000000000
2539 0.762086118593 0.755847747392 0.000000000000
2540 0.778946506964 0.758656847694 0.000000000000
2541 0.826985422703 0.763347038533 0.000000000000
2542 0.835033627933 0.747057590621 0.000000000000
2543 0.815585436124 0.746833711263 0.000000000000
2544 0.791360891986 0.773153041418 0.000000000000
2545 0.810317080932 0.768582061525 0.000000000000
2546 0.743395630574 0.754132690898 0.000000000000
2547 0.795392682192 0.751512652372 0.000000000000
2548 0.852347998634 0.749770051705 0.000000000000
2549 0.100287373876 0.462474084641 0.000000000000
2550 0.112710261011 0.475324533162 0.000000000000
2551 0.114457562008 0.456891874964 0.000000000000
2552 0.111713480557 0.498481846008 0.000000000000
2553 0.066672389103 0.522759179804 0.000000000000
2554 0.075799625500 0.511250965198 0.000000000000
2555 0.059444009064 0.506144504707 0.000000000000
2556 0.075667561724 0.491216180978 0.000000000000
2557 0.051266761013 0.525210867473 0.000000000000
2558 0.069248727764 0.451420159199 0.000000000000
2559 0.048438187066 0.445052692687 0.000000000000
2560 0.049915196544 0.465135861138 0.000000000000
2561 0.033547474917 0.460045886473 0.000000000000
2562 0.066349290823 0.472597007944 0.000000000000
2563 0.053961459854 0.487200454149 0.000000000000
2564 0.034931336672 0.480161638633 0.000000000000
2565 0.016413718869 0.472150642010 0.000000000000
2566 0.017170496386 0.491629642753 0.000000000000
2567 0.038579673463 0.504807345272 0.000000000000
2568 0.096585579392 0.484031533495 0.000000000000
2569 0.081740040268 0.526848280178 0.000000000000
2570 0.095746007857 0.508710210289 0.000000000000
2571 0.032496905556 0.441960204887 0.000000000000
2572 0.018757436236 0.430155548220 0.000000000000
2573 0.020120579482 0.535278614738 0.000000000000
2574 0.034385311882 0.527132540339 0.000000000000
2575 0.016795221290 0.449750321371 0.000000000000
2576 0.089596515004 0.451454411113 0.000000000000
2577 0.021226655341 0.514344748661 0.000000000000
2578 0.082953508230 0.468012384255 0.000000000000
2579 0.258960308650 0.356470633300 0.000000000000
2580 0.235523989113 0.346903296640 0.000000000000
2581 0.238483026374 0.367151172835 0.000000000000
2582 0.278797204927 0.372957793678 0.000000000000
2583 0.277737414384 0.356527763613 0.000000000000
2584 0.218526103943 0.356227031710 0.000000000000
2585 0.258471141249 0.399143890673 0.000000000000
2586 0.257638890838 0.418618709559 0.000000000000
2587 0.272424505267 0.407564892597 0.000000000000
2588 0.259588990438 0.378822859197 0.000000000000
2589 0.279861269225 0.391454164734 0.000000000000
2590 0.289406915326 0.407065668411 0.000000000000
2591 0.225844942257 0.411846350994 0.000000000000
2592 0.239100948743 0.426573889638 0.000000000000
2593 0.243614722937 0.408550514247 0.000000000000
2594 0.237698468790 0.389852203703 0.000000000000
2595 0.220197094914 0.376203395328 0.000000000000
2596 0.205302057499 0.368686297767 0.000000000000
2597 0.275863262083 0.423074347437 0.000000000000
2598 0.201530629006 0.389262047036 0.000000000000
2599 0.187208879631 0.376886629477 0.000000000000
2600 0.216918899781 0.396752429390 0.000000000000
2601 0.259962316484 0.438637748803 0.000000000000
2602 0.752884259581 0.349355328238 0.000000000000
2603 0.736572801452 0.356702360170 0.000000000000
2604 0.748058693972 0.368070374864 0.000000000000
2605 0.735167769121 0.340537092427 0.000000000000
2606 0.783392507996 0.322673400470 0.000000000000
2607 0.799176713580 0.320238573090 0.000000000000
2608 0.814481070668 0.376413506620 0.000000000000
2609 0.828317824367 0.385906933093 0.000000000000
2610 0.830841060515 0.369419156549 0.000000000000
2611 0.813635997755 0.399101684723 0.000000000000
2612 0.762205456659 0.384386820341 0.000000000000
2613 0.775048625850 0.408642104990 0.000000000000
2614 0.790957762458 0.387828895407 0.000000000000
2615 0.822327789392 0.355707712571 0.000000000000
2616 0.810879390313 0.340379435406 0.000000000000
2617 0.791397777546 0.342218457304 0.000000000000
2618 0.800805989520 0.360516657379 0.000000000000
2619 0.774019546906 0.361109540972 0.000000000000
2620 0.769810841264 0.336734304281 0.000000000000
2621 0.794549020307 0.410361732606 0.000000000000
2622 0.808167996836 0.422006556023 0.000000000000
2623 0.838842223345 0.440067931085 0.000000000000
2624 0.853435353499 0.440195797429 0.000000000000
2625 0.846707877004 0.423538199351 0.000000000000
2626 0.826919907280 0.415384365250 0.000000000000
2627 0.840576951111 0.402495177062 0.000000000000
2628 0.824734255369 0.431739336201 0.000000000000
2629 0.753675904750 0.332978296688 0.000000000000
2630 0.843945206269 0.379743554855 0.000000000000
2631 0.398200751493 0.703133715102 0.000000000000
2632 0.354315309353 0.683508266771 0.000000000000
2633 0.433151735667 0.695847796563 0.000000000000
2634 0.383524667532 0.675381037332 0.000000000000
2635 0.400038388365 0.734093337374 0.000000000000
2636 0.370979787789 0.709234082795 0.000000000000
2637 0.331298035980 0.676076679022 0.000000000000
2638 0.416461673487 0.680417458417 0.000000000000
2639 0.420693492238 0.719591507492 0.000000000000
2640 0.363309429409 0.659065107473 0.000000000000
2641 0.337190782554 0.697186128509 0.000000000000
2642 0.455228374750 0.689538318243 0.000000000000
2643 0.379698336263 0.729506147209 0.000000000000
2644 0.341629355041 0.662535150208 0.000000000000
2645 0.376952363579 0.689302802491 0.000000000000
2646 0.350731357350 0.710869577663 0.000000000000
2647 0.437166003201 0.677705967029 0.000000000000
2648 0.445237543066 0.708925633449 0.000000000000
2649 0.401367149065 0.752276265396 0.000000000000
2650 0.415452532203 0.701184073582 0.000000000000
2651 0.415683790015 0.741615845911 0.000000000000
2652 0.319938226828 0.665578054670 0.000000000000
2653 0.386645679815 0.744830972682 0.000000000000
2654 0.393922151230 0.719111757994 0.000000000000
2655 0.402147245768 0.668066728642 0.000000000000
2656 0.396298277128 0.686480281461 0.000000000000
2657 0.383476421831 0.660816945221 0.000000000000
2658 0.326164294601 0.688886984520 0.000000000000
2659 0.364098392093 0.725373829336 0.000000000000
2660 0.372315638341 0.673614831858 0.000000000000
2661 0.691688072386 0.060278225983 0.000000000000
2662 0.651309009994 0.043416226453 0.000000000000
2663 0.689929736971 0.017231298793 0.000000000000
2664 0.678018584975 0.088199279370 0.000000000000
2665 0.725173743301 0.027136920265 0.000000000000
2666 0.642624015600 0.021764370244 0.000000000000
2667 0.669089888061 0.023944918558 0.000000000000
2668 0.673263197149 0.047387317732 0.000000000000
2669 0.709499912467 0.043397648451 0.000000000000
2670 0.659032454802 0.062174428460 0.000000000000
2671 0.663443158414 0.090023705913 0.000000000000
2672 0.740122694545 0.015541599267 0.000000000000
2673 0.668825190565 0.076119758156 0.000000000000
2674 0.708191422339 0.018248690663 0.000000000000
2675 0.690103448913 0.036003098744 0.000000000000
2676 0.682733155450 0.074314591145 0.000000000000
2677 0.675672519255 0.063386636279 0.000000000000
2678 0.125081669619 0.593265622184 0.000000000000
2679 0.138999360232 0.612169141128 0.000000000000
2680 0.143593860185 0.590167724451 0.000000000000
2681 0.160429735763 0.606066965219 0.000000000000
2682 0.151939352507 0.545773418584 0.000000000000
2683 0.150353764698 0.566959411987 0.000000000000
2684 0.171616173251 0.549285971891 0.000000000000
2685 0.159972677201 0.586703047299 0.000000000000
2686 0.174687244307 0.572160496910 0.000000000000
2687 0.230322006964 0.579541917267 0.000000000000
2688 0.234740107458 0.562994629223 0.000000000000
2689 0.215492355735 0.562292685790 0.000000000000
2690 0.211620225777 0.584447349164 0.000000000000
2691 0.119369033409 0.532460027775 0.000000000000
2692 0.140518273207 0.530579855371 0.000000000000
2693 0.128562179568 0.554173476699 0.000000000000
2694 0.199251525479 0.598342598623 0.000000000000
2695 0.195351293382 0.577596861125 0.000000000000
2696 0.126725953595 0.575842158888 0.000000000000
2697 0.111200518273 0.565622824048 0.000000000000
2698 0.192684490766 0.554637745604 0.000000000000
2699 0.247534103308 0.574022386038 0.000000000000
2700 0.178371918951 0.593700290577 0.000000000000
2701 0.105807605527 0.549258459234 0.000000000000
$EndNodes
$Elements
6418
1 15 3 1 1 0 1
2 15 3 2 2 0 2
3 15 3 3 3 0 3
4 15 3 4 4 0 4
5 15 3 5 5 0 5
6 15 3 6 6 0 6
7 15 3 7 7 0 7
8 15 3 8 8 0 8
9 15 3 9 9 0 9
10 15 3 10 10 0 10
11 15 3 11 11 0 11
12 15 3 12 12 0 12
13 15 3 13 13 0 13
14 15 3 14 14 0 14
15 15 3 15 15 0 15
16 15 3 16 16 0 16
17 15 3 17 17 0 17
18 15 3 18 18 0 18
19 15 3 19 19 0 19
20 15 3 20 20 0 20
21 15 3 21 21 0 21
22 15 3 22 22 0 22
23 15 3 23 23 0 23
24 15 3 24 24 0 24
25 15 3 25 25 0 25
26 15 3 26 26 0 26
27 15 3 27 27 0 27
28 15 3 28 28 0 28
29 15 3 29 29 0 29
30 15 3 30 30 0 30
31 15 3 31 31 0 31
32 15 3 32 32 0 32
33 15 3 33 33 0 33
34 15 3 34 34 0 34
35 15 3 35 35 0 35
36 15 3 36 36 0 36
37 15 3 37 37 0 37
38 15 3 38 38 0 38
39 15 3 39 39 0 39
40 15 3 40 40 0 40
41 15 3 41 41 0 41
42 15 3 42 42 0 42
43 15 3 43 43 0 43
44 15 3 44 44 0 44
45 15 3 45 45 0 45
46 15 3 46 46 0 46
47 15 3 47 47 0 47
48 15 3 48 48 0 48
49 15 3 49 49 0 49
50 15 3 50 50 0 50
51 15 3 51 51 0 51
52 15 3 52 52 0 52
53 15 3 53 53 0 53
54 15 3 54 54 0 54
55 15 3 55 55 0 55
56 15 3 56 56 0 56
57 15 3 57 57 0 57
58 15 3 58 58 0 58
59 15 3 59 59 0 59
60 15 3 60 60 0 60
61 15 3 61 61 0 61
62 15 3 62 62 0 62
63 15 3 63 63 0 63
64 15 3 64 64 0 64
65 15 3 65 65 0 65
66 15 3 66 66 0 66
67 15 3 67 67 0 67
68 15 3 68 68 0 68
69 15 3 69 69 0 69
70 15 3 70 70 0 70
71 15 3 71 71 0 71
72 15 3 72 72 0 72
73 15 3 73 73 0 73
74 15 3 74 74 0 74
75 15 3 75 75 0 75
76 15 3 76 76 0 76
77 15 3 77 77 0 77
78 15 3 78 78 0 78
79 15 3 79 79 0 79
80 15 3 80 80 0 80
81 15 3 81 81 0 81
82 15 3 82 82 0 82
83 15 3 83 83 0 83
84 15 3 84 84 0 84
85 15 3 85 85 0 85
86 15 3 86 86 0 86
87 15 3 87 87 0 87
88 15 3 88 88 0 88
89 15 3 89 89 0 89
90 15 3 90 90 0 90
91 15 3 91 91 0 91
92 15 3 92 92 0 92
93 15 3 93 93 0 93
94 15 3 94 94 0 94
95 15 3 95 95 0 95
96 15 3 96 96 0 96
97 15 3 97 97 0 97
98 15 3 98 98 0 98
99 15 3 99 99 0 99
100 15 3 100 100 0 100
101 15 3 101 101 0 101
102 15 3 102 102 0 102
103 15 3 103 103 0 103
104 15 3 104 104 0 104
105 15 3 105 105 0 105
106 15 3 106 106 0 106
107 15 3 107 107 0 107
108 15 3 108 108 0 108
109 15 3 109 109 0 109
110 15 3 110 110 0 110
111 15 3 111 111 0 111
112 15 3 112 112 0 112
113 15 3 113 113 0 113
114 15 3 114 114 0 114
115 15 3 115 115 0 115
116 15 3 116 116 0 116
117 15 3 117 117 0 117
118 15 3 118 118 0 118
119 15 3 119 119 0 119
120 15 3 120 120 0 120
121 15 3 121 121 0 121
122 15 3 122 122 0 122
123 15 3 123 123 0 123
124 15 3 124 124 0 124
125 15 3 125 125 0 125
126 15 3 126 126 0 126
127 15 3 127 127 0 127
128 15 3 128 128 0 128
129 15 3 129 129 0 129
130 15 3 130 130 0 130
131 15 3 131 131 0 131
132 15 3 132 132 0 132
133 15 3 133 133 0 133
134 15 3 134 134 0 134
135 15 3 135 135 0 135
136 15 3 136 136 0 136
137 15 3 137 137 0 137
138 15 3 138 138 0 138
139 15 3 139 139 0 139
140 15 3 140 140 0 140
141 15 3 141 141 0 141
142 15 3 142 142 0 142
143 15 3 143 143 0 143
144 15 3 144 144 0 144
145 15 3 145 145 0 145
146 15 3 146 146 0 146
147 15 3 147 147 0 147
148 15 3 148 148 0 148
149 15 3 149 149 0 149
150 15 3 150 150 0 150
151 15 3 151 151 0 151
152 15 3 152 152 0 152
153 15 3 153 153 0 153
154 15 3 154 154 0 154
155 15 3 155 155 0 155
156 15 3 156 156 0 156
157 15 3 157 157 0 157
158 15 3 158 158 0 158
159 15 3 159 159 0 159
160 15 3 160 160 0 160
161 15 3 161 161 0 161
162 15 3 162 162 0 162
163 15 3 163 163 0 163
164 15 3 164 164 0 164
165 15 3 165 165 0 165
166 15 3 166 166 0 166
167 15 3 167 167 0 167
168 15 3 168 168 0 168
169 15 3 169 169 0 169
170 15 3 170 170 0 170
171 15 3 171 171 0 171
172 15 3 172 172 0 172
173 15 3 173 173 0 173
174 15 3 174 174 0 174
175 15 3 175 175 0 175
176 15 3 176 176 0 176
177 15 3 177 177 0 177
178 15 3 178 178 0 178
179 15 3 179 179 0 179
180 1 3 1 1 0 1 180
181 1 3 1 1 0 180 181
182 1 3 1 1 0 181 182
183 1 3 1 1 0 182 183
184 1 3 1 1 0 183 184
185 1 3 1 1 0 184 4
186 1 3 2 2 0 1 185
187 1 3 2 2 0 185 186
188 1 3 2 2 0 186 187
189 1 3 2 2 0 187 2
190 1 3 3 3 0 2 188
191 1 3 3 3 0 188 3
192 1 3 4 4 0 3 189
193 1 3 4 4 0 189 190
194 1 3 4 4 0 190 191
195 1 3 4 4 0 191 192
196 1 3 4 4 0 192 193
197 1 3 4 4 0 193 5
198 1 3 5 5 0 5 194
199 1 3 5 5 0 194 4
200 1 3 6 6 0 7 195
201 1 3 6 6 0 195 6
202 1 3 7 7 0 6 196
203 1 3 7 7 0 196 8
204 1 3 8 8 0 8 197
205 1 3 8 8 0 197 198
206 1 3 8 8 0 198 9
207 1 3 9 9 0 9 199
208 1 3 9 9 0 199 7
209 1 3 10 10 0 11 200
210 1 3 10 10 0 200 201
211 1 3 10 10 0 201 202
212 1 3 10 10 0 202 203
213 1 3 10 10 0 203 10
214 1 3 11 11 0 10 204
215 1 3 11 11 0 204 205
216 1 3 11 11 0 205 206
217 1 3 11 11 0 206 207
218 1 3 11 11 0 207 208
219 1 3 11 11 0 208 12
220 1 3 12 12 0 12 209
221 1 3 12 12 0 209 210
222 1 3 12 12 0 210 13
223 1 3 13 13 0 13 211
224 1 3 13 13 0 211 212
225 1 3 13 13 0 212 213
226 1 3 13 13 0 213 11
227 1 3 14 14 0 14 214
228 1 3 14 14 0 214 215
229 1 3 14 14 0 215 216
230 1 3 14 14 0 216 217
231 1 3 14 14 0 217 17
232 1 3 15 15 0 14 218
233 1 3 15 15 0 218 219
234 1 3 15 15 0 219 220
235 1 3 15 15 0 220 221
236 1 3 15 15 0 221 222
237 1 3 15 15 0 222 223
238 1 3 15 15 0 223 15
239 1 3 16 16 0 15 224
240 1 3 16 16 0 224 16
241 1 3 17 17 0 16 225
242 1 3 17 17 0 225 18
243 1 3 18 18 0 18 226
244 1 3 18 18 0 226 227
245 1 3 18 18 0 227 228
246 1 3 18 18 0 228 17
247 1 3 19 19 0 20 229
248 1 3 19 19 0 229 230
249 1 3 19 19 0 230 231
250 1 3 19 19 0 231 21
251 1 3 20 20 0 21 232
252 1 3 20 20 0 232 233
253 1 3 20 20 0 233 234
254 1 3 20 20 0 234 235
255 1 3 20 20 0 235 19
256 1 3 21 21 0 19 236
257 1 3 21 21 0 236 237
258 1 3 21 21 0 237 22
259 1 3 22 22 0 22 238
260 1 3 22 22 0 238 23
261 1 3 23 23 0 23 239
262 1 3 23 23 0 239 240
263 1 3 23 23 0 240 241
264 1 3 23 23 0 241 20
265 1 3 24 24 0 24 242
266 1 3 24 24 0 242 25
267 1 3 25 25 0 25 243
268 1 3 25 25 0 243 244
269 1 3 25 25 0 244 245
270 1 3 25 25 0 245 27
271 1 3 26 26 0 27 26
272 1 3 27 27 0 26 246
273 1 3 27 27 0 246 247
274 1 3 27 27 0 247 248
275 1 3 27 27 0 248 249
276 1 3 27 27 0 249 24
277 1 3 28 28 0 31 250
278 1 3 28 28 0 250 251
279 1 3 28 28 0 251 252
280 1 3 28 28 0 252 253
281 1 3 28 28 0 253 28
282 1 3 29 29 0 30 254
283 1 3 29 29 0 254 255
284 1 3 29 29 0 255 256
285 1 3 29 29 0 256 257
286 1 3 29 29 0 257 258
287 1 3 29 29 0 258 29
288 1 3 30 30 0 29 259
289 1 3 30 30 0 259 260
290 1 3 30 30 0 260 261
291 1 3 30 30 0 261 28
292 1 3 31 31 0 31 262
293 1 3 31 31 0 262 263
294 1 3 31 31 0 263 32
295 1 3 32 32 0 32 30
296 1 3 33 33 0 34 264
297 1 3 33 33 0 264 265
298 1 3 33 33 0 265 35
299 1 3 34 34 0 35 266
300 1 3 34 34 0 266 36
301 1 3 35 35 0 36 267
302 1 3 35 35 0 267 268
303 1 3 35 35 0 268 269
304 1 3 35 35 0 269 33
305 1 3 36 36 0 33 270
306 1 3 36 36 0 270 271
307 1 3 36 36 0 271 272
308 1 3 36 36 0 272 273
309 1 3 36 36 0 273 37
310 1 3 37 37 0 37 274
311 1 3 37 37 0 274 275
312 1 3 37 37 0 275 38
313 1 3 38 38 0 38 276
314 1 3 38 38 0 276 277
315 1 3 38 38 0 277 278
316 1 3 38 38 0 278 279
317 1 3 38 38 0 279 280
318 1 3 38 38 0 280 34
319 1 3 39 39 0 39 281
320 1 3 39 39 0 281 282
321 1 3 39 39 0 282 283
322 1 3 39 39 0 283 284
323 1 3 39 39 0 284 285
324 1 3 39 39 0 285 286
325 1 3 39 39 0 286 287
326 1 3 39 39 0 287 41
327 1 3 40 40 0 39 288
328 1 3 40 40 0 288 40
329 1 3 41 41 0 40 289
330 1 3 41 41 0 289 290
331 1 3 41 41 0 290 291
332 1 3 41 41 0 291 292
333 1 3 41 41 0 292 293
334 1 3 41 41 0 293 294
335 1 3 41 41 0 294 35
336 1 3 42 42 0 35 295
337 1 3 42 42 0 295 296
338 1 3 42 42 0 296 297
339 1 3 42 42 0 297 41
340 1 3 43 43 0 45 44
341 1 3 44 44 0 44 298
342 1 3 44 44 0 298 299
343 1 3 44 44 0 299 300
344 1 3 44 44 0 300 42
345 1 3 45 45 0 42 301
346 1 3 45 45 0 301 43
347 1 3 46 46 0 43 302
348 1 3 46 46 0 302 303
349 1 3 46 46 0 303 304
350 1 3 46 46 0 304 305
351 1 3 46 46 0 305 46
352 1 3 47 47 0 46 306
353 1 3 47 47 0 306 307
354 1 3 47 47 0 307 308
355 1 3 47 47 0 308 45
356 1 3 48 48 0 14 309
357 1 3 48 48 0 309 310
358 1 3 48 48 0 310 311
359 1 3 48 48 0 311 312
360 1 3 48 48 0 312 313
361 1 3 48 48 0 313 314
362 1 3 48 48 0 314 315
363 1 3 48 48 0 315 316
364 1 3 48 48 0 316 47
365 1 3 49 49 0 47 317
366 1 3 49 49 0 317 318
367 1 3 49 49 0 318 15
368 1 3 50 50 0 51 319
369 1 3 50 50 0 319 49
370 1 3 51 51 0 48 320
371 1 3 51 51 0 320 50
372 1 3 52 52 0 50 321
373 1 3 52 52 0 321 322
374 1 3 52 52 0 322 323
375 1 3 52 52 0 323 49
376 1 3 53 53 0 51 324
377 1 3 53 53 0 324 325
378 1 3 53 53 0 325 326
379 1 3 53 53 0 326 52
380 1 3 54 54 0 52 327
381 1 3 54 54 0 327 328
382 1 3 54 54 0 328 48
383 1 3 55 55 0 30 329
384 1 3 55 55 0 329 330
385 1 3 55 55 0 330 331
386 1 3 55 55 0 331 54
387 1 3 56 56 0 54 332
388 1 3 56 56 0 332 53
389 1 3 57 57 0 53 333
390 1 3 57 57 0 333 334
391 1 3 57 57 0 334 335
392 1 3 57 57 0 335 55
393 1 3 58 58 0 55 336
394 1 3 58 58 0 336 29
395 1 3 59 59 0 46 337
396 1 3 59 59 0 337 338
397 1 3 59 59 0 338 339
398 1 3 59 59 0 339 340
399 1 3 59 59 0 340 341
400 1 3 59 59 0 341 56
401 1 3 60 60 0 56 342
402 1 3 60 60 0 342 343
403 1 3 60 60 0 343 57
404 1 3 61 61 0 57 344
405 1 3 61 61 0 344 345
406 1 3 61 61 0 345 346
407 1 3 61 61 0 346 58
408 1 3 62 62 0 58 347
409 1 3 62 62 0 347 348
410 1 3 62 62 0 348 349
411 1 3 62 62 0 349 350
412 1 3 62 62 0 350 45
413 1 3 63 63 0 62 63
414 1 3 64 64 0 63 61
415 1 3 65 65 0 61 351
416 1 3 65 65 0 351 352
417 1 3 65 65 0 352 353
418 1 3 65 65 0 353 60
419 1 3 66 66 0 60 354
420 1 3 66 66 0 354 355
421 1 3 66 66 0 355 356
422 1 3 66 66 0 356 59
423 1 3 67 67 0 59 357
424 1 3 67 67 0 357 358
425 1 3 67 67 0 358 359
426 1 3 67 67 0 359 64
427 1 3 68 68 0 64 360
428 1 3 68 68 0 360 65
429 1 3 69 69 0 65 361
430 1 3 69 69 0 361 362
431 1 3 69 69 0 362 363
432 1 3 69 69 0 363 364
433 1 3 69 69 0 364 365
434 1 3 69 69 0 365 366
435 1 3 69 69 0 366 62
436 1 3 70 70 0 66 367
437 1 3 70 70 0 367 368
438 1 3 70 70 0 368 369
439 1 3 70 70 0 369 46
440 1 3 71 71 0 46 370
441 1 3 71 71 0 370 371
442 1 3 71 71 0 371 372
443 1 3 71 71 0 372 68
444 1 3 72 72 0 68 67
445 1 3 73 73 0 67 373
446 1 3 73 73 0 373 374
447 1 3 73 73 0 374 375
448 1 3 73 73 0 375 376
449 1 3 73 73 0 376 66
450 1 3 74 74 0 41 377
451 1 3 74 74 0 377 378
452 1 3 74 74 0 378 69
453 1 3 75 75 0 34 379
454 1 3 75 75 0 379 71
455 1 3 76 76 0 71 380
456 1 3 76 76 0 380 70
457 1 3 77 77 0 70 381
458 1 3 77 77 0 381 382
459 1 3 77 77 0 382 383
460 1 3 77 77 0 383 384
461 1 3 77 77 0 384 69
462 1 3 78 78 0 72 385
463 1 3 78 78 0 385 386
464 1 3 78 78 0 386 66
465 1 3 79 79 0 67 387
466 1 3 79 79 0 387 388
467 1 3 79 79 0 388 389
468 1 3 79 79 0 389 63
469 1 3 80 80 0 62 390
470 1 3 80 80 0 390 391
471 1 3 80 80 0 391 72
472 1 3 81 81 0 75 392
473 1 3 81 81 0 392 73
474 1 3 82 82 0 74 393
475 1 3 82 82 0 393 394
476 1 3 82 82 0 394 395
477 1 3 82 82 0 395 396
478 1 3 82 82 0 396 73
479 1 3 83 83 0 75 397
480 1 3 83 83 0 397 398
481 1 3 83 83 0 398 399
482 1 3 83 83 0 399 400
483 1 3 83 83 0 400 55
484 1 3 84 84 0 55 401
485 1 3 84 84 0 401 402
486 1 3 84 84 0 402 403
487 1 3 84 84 0 403 404
488 1 3 84 84 0 404 74
489 1 3 85 85 0 77 405
490 1 3 85 85 0 405 78
491 1 3 86 86 0 78 406
492 1 3 86 86 0 406 76
493 1 3 87 87 0 76 407
494 1 3 87 87 0 407 408
495 1 3 87 87 0 408 409
496 1 3 87 87 0 409 410
497 1 3 87 87 0 410 79
498 1 3 88 88 0 79 411
499 1 3 88 88 0 411 412
500 1 3 88 88 0 412 80
501 1 3 89 89 0 80 413
502 1 3 89 89 0 413 414
503 1 3 89 89 0 414 415
504 1 3 89 89 0 415 416
505 1 3 89 89 0 416 77
506 1 3 90 90 0 7 417
507 1 3 90 90 0 417 418
508 1 3 90 90 0 418 419
509 1 3 90 90 0 419 420
510 1 3 90 90 0 420 81
511 1 3 91 91 0 81 421
512 1 3 91 91 0 421 422
513 1 3 91 91 0 422 423
514 1 3 91 91 0 423 6
515 1 3 92 92 0 82 424
516 1 3 92 92 0 424 425
517 1 3 92 92 0 425 426
518 1 3 92 92 0 426 427
519 1 3 92 92 0 427 428
520 1 3 92 92 0 428 429
521 1 3 92 92 0 429 430
522 1 3 92 92 0 430 431
523 1 3 92 92 0 431 85
524 1 3 93 93 0 82 83
525 1 3 94 94 0 83 432
526 1 3 94 94 0 432 433
527 1 3 94 94 0 433 434
528 1 3 94 94 0 434 435
529 1 3 94 94 0 435 84
530 1 3 95 95 0 84 436
531 1 3 95 95 0 436 437
532 1 3 95 95 0 437 438
533 1 3 95 95 0 438 86
534 1 3 96 96 0 86 439
535 1 3 96 96 0 439 440
536 1 3 96 96 0 440 85
537 1 3 97 97 0 73 441
538 1 3 97 97 0 441 442
539 1 3 97 97 0 442 443
540 1 3 97 97 0 443 444
541 1 3 97 97 0 444 1
542 1 3 98 98 0 74 445
543 1 3 98 98 0 445 2
544 1 3 99 99 0 69 446
545 1 3 99 99 0 446 447
546 1 3 99 99 0 447 448
547 1 3 99 99 0 448 449
548 1 3 99 99 0 449 450
549 1 3 99 99 0 450 451
550 1 3 99 99 0 451 87
551 1 3 100 100 0 70 452
552 1 3 100 100 0 452 453
553 1 3 100 100 0 453 88
554 1 3 101 101 0 88 454
555 1 3 101 101 0 454 455
556 1 3 101 101 0 455 456
557 1 3 101 101 0 456 457
558 1 3 101 101 0 457 458
559 1 3 101 101 0 458 87
560 1 3 102 102 0 26 459
561 1 3 102 102 0 459 460
562 1 3 102 102 0 460 33
563 1 3 103 103 0 36 461
564 1 3 103 103 0 461 462
565 1 3 103 103 0 462 463
566 1 3 103 103 0 463 464
567 1 3 103 103 0 464 465
568 1 3 103 103 0 465 466
569 1 3 103 103 0 466 89
570 1 3 104 104 0 89 467
571 1 3 104 104 0 467 90
572 1 3 105 105 0 90 468
573 1 3 105 105 0 468 469
574 1 3 105 105 0 469 470
575 1 3 105 105 0 470 471
576 1 3 105 105 0 471 26
577 1 3 106 106 0 66 472
578 1 3 106 106 0 472 473
579 1 3 106 106 0 473 91
580 1 3 107 107 0 91 474
581 1 3 107 107 0 474 475
582 1 3 107 107 0 475 92
583 1 3 108 108 0 92 476
584 1 3 108 108 0 476 56
585 1 3 109 109 0 93 477
586 1 3 109 109 0 477 478
587 1 3 109 109 0 478 479
588 1 3 109 109 0 479 94
589 1 3 110 110 0 94 480
590 1 3 110 110 0 480 481
591 1 3 110 110 0 481 95
592 1 3 111 111 0 95 482
593 1 3 111 111 0 482 77
594 1 3 112 112 0 80 96
595 1 3 113 113 0 96 483
596 1 3 113 113 0 483 484
597 1 3 113 113 0 484 93
598 1 3 114 114 0 100 485
599 1 3 114 114 0 485 486
600 1 3 114 114 0 486 98
601 1 3 115 115 0 98 487
602 1 3 115 115 0 487 488
603 1 3 115 115 0 488 97
604 1 3 116 116 0 97 489
605 1 3 116 116 0 489 490
606 1 3 116 116 0 490 491
607 1 3 116 116 0 491 99
608 1 3 117 117 0 99 492
609 1 3 117 117 0 492 101
610 1 3 118 118 0 101 493
611 1 3 118 118 0 493 494
612 1 3 118 118 0 494 495
613 1 3 118 118 0 495 102
614 1 3 119 119 0 102 496
615 1 3 119 119 0 496 497
616 1 3 119 119 0 497 498
617 1 3 119 119 0 498 103
618 1 3 120 120 0 103 499
619 1 3 120 120 0 499 100
620 1 3 121 121 0 102 500
621 1 3 121 121 0 500 501
622 1 3 121 121 0 501 502
623 1 3 121 121 0 502 503
624 1 3 121 121 0 503 48
625 1 3 122 122 0 52 504
626 1 3 122 122 0 504 505
627 1 3 122 122 0 505 104
628 1 3 123 123 0 104 506
629 1 3 123 123 0 506 103
630 1 3 124 124 0 105 106
631 1 3 125 125 0 106 507
632 1 3 125 125 0 507 25
633 1 3 126 126 0 24 108
634 1 3 127 127 0 108 508
635 1 3 127 127 0 508 509
636 1 3 127 127 0 509 107
637 1 3 128 128 0 107 510
638 1 3 128 128 0 510 511
639 1 3 128 128 0 511 512
640 1 3 128 128 0 512 513
641 1 3 128 128 0 513 105
642 1 3 129 129 0 27 514
643 1 3 129 129 0 514 109
644 1 3 130 130 0 109 515
645 1 3 130 130 0 515 516
646 1 3 130 130 0 516 44
647 1 3 131 131 0 58 37
648 1 3 132 132 0 106 517
649 1 3 132 132 0 517 518
650 1 3 132 132 0 518 109
651 1 3 133 133 0 81 519
652 1 3 133 133 0 519 520
653 1 3 133 133 0 520 521
654 1 3 133 133 0 521 68
655 1 3 134 134 0 43 522
656 1 3 134 134 0 522 110
657 1 3 135 135 0 110 523
658 1 3 135 135 0 523 524
659 1 3 135 135 0 524 81
660 1 3 136 136 0 3 525
661 1 3 136 136 0 525 111
662 1 3 137 137 0 111 526
663 1 3 137 137 0 526 96
664 1 3 138 138 0 79 527
665 1 3 138 138 0 527 112
666 1 3 139 139 0 112 528
667 1 3 139 139 0 528 529
668 1 3 139 139 0 529 530
669 1 3 139 139 0 530 531
670 1 3 139 139 0 531 5
671 1 3 140 140 0 42 105
672 1 3 141 141 0 107 532
673 1 3 141 141 0 532 113
674 1 3 142 142 0 113 533
675 1 3 142 142 0 533 534
676 1 3 142 142 0 534 535
677 1 3 142 142 0 535 536
678 1 3 142 142 0 536 537
679 1 3 142 142 0 537 110
680 1 3 143 143 0 114 538
681 1 3 143 143 0 538 539
682 1 3 143 143 0 539 540
683 1 3 143 143 0 540 115
684 1 3 144 144 0 116 541
685 1 3 144 144 0 541 542
686 1 3 144 144 0 542 543
687 1 3 144 144 0 543 544
688 1 3 144 144 0 544 545
689 1 3 144 144 0 545 114
690 1 3 145 145 0 116 546
691 1 3 145 145 0 546 117
692 1 3 146 146 0 117 547
693 1 3 146 146 0 547 548
694 1 3 146 146 0 548 549
695 1 3 146 146 0 549 550
696 1 3 146 146 0 550 115
697 1 3 147 147 0 71 551
698 1 3 147 147 0 551 552
699 1 3 147 147 0 552 118
700 1 3 148 148 0 118 553
701 1 3 148 148 0 553 554
702 1 3 148 148 0 554 119
703 1 3 149 149 0 119 555
704 1 3 149 149 0 555 120
705 1 3 150 150 0 120 556
706 1 3 150 150 0 556 88
707 1 3 151 151 0 91 557
708 1 3 151 151 0 557 558
709 1 3 151 151 0 558 121
710 1 3 152 152 0 121 559
711 1 3 152 152 0 559 122
712 1 3 153 153 0 122 560
713 1 3 153 153 0 560 561
714 1 3 153 153 0 561 562
715 1 3 153 153 0 562 563
716 1 3 153 153 0 563 564
717 1 3 153 153 0 564 92
718 1 3 154 154 0 53 565
719 1 3 154 154 0 565 566
720 1 3 154 154 0 566 567
721 1 3 154 154 0 567 568
722 1 3 154 154 0 568 111
723 1 3 155 155 0 123 569
724 1 3 155 155 0 569 570
725 1 3 155 155 0 570 571
726 1 3 155 155 0 571 572
727 1 3 155 155 0 572 573
728 1 3 155 155 0 573 574
729 1 3 155 155 0 574 575
730 1 3 155 155 0 575 576
731 1 3 155 155 0 576 577
732 1 3 155 155 0 577 124
733 1 3 156 156 0 10 578
734 1 3 156 156 0 578 579
735 1 3 156 156 0 579 580
736 1 3 156 156 0 580 123
737 1 3 157 157 0 11 581
738 1 3 157 157 0 581 582
739 1 3 157 157 0 582 583
740 1 3 157 157 0 583 584
741 1 3 157 157 0 584 585
742 1 3 157 157 0 585 125
743 1 3 158 158 0 125 586
744 1 3 158 158 0 586 124
745 1 3 159 159 0 126 587
746 1 3 159 159 0 587 588
747 1 3 159 159 0 588 20
748 1 3 160 160 0 23 589
749 1 3 160 160 0 589 13
750 1 3 161 161 0 13 590
751 1 3 161 161 0 590 591
752 1 3 161 161 0 591 592
753 1 3 161 161 0 592 593
754 1 3 161 161 0 593 126
755 1 3 162 162 0 127 594
756 1 3 162 162 0 594 595
757 1 3 162 162 0 595 596
758 1 3 162 162 0 596 597
759 1 3 162 162 0 597 128
760 1 3 163 163 0 128 598
761 1 3 163 163 0 598 129
762 1 3 164 164 0 129 599
763 1 3 164 164 0 599 600
764 1 3 164 164 0 600 601
765 1 3 164 164 0 601 131
766 1 3 165 165 0 131 602
767 1 3 165 165 0 602 603
768 1 3 165 165 0 603 130
769 1 3 166 166 0 130 604
770 1 3 166 166 0 604 605
771 1 3 166 166 0 605 606
772 1 3 166 166 0 606 607
773 1 3 166 166 0 607 127
774 1 3 167 167 0 132 608
775 1 3 167 167 0 608 609
776 1 3 167 167 0 609 610
777 1 3 167 167 0 610 611
778 1 3 167 167 0 611 612
779 1 3 167 167 0 612 51
780 1 3 168 168 0 132 613
781 1 3 168 168 0 613 614
782 1 3 168 168 0 614 615
783 1 3 168 168 0 615 616
784 1 3 168 168 0 616 133
785 1 3 169 169 0 133 617
786 1 3 169 169 0 617 104
787 1 3 170 170 0 118 618
788 1 3 170 170 0 618 619
789 1 3 170 170 0 619 620
790 1 3 170 170 0 620 134
791 1 3 171 171 0 134 621
792 1 3 171 171 0 621 135
793 1 3 172 172 0 135 622
794 1 3 172 172 0 622 623
795 1 3 172 172 0 623 624
796 1 3 172 172 0 624 625
797 1 3 172 172 0 625 119
798 1 3 173 173 0 61 626
799 1 3 173 173 0 626 627
800 1 3 173 173 0 627 628
801 1 3 173 173 0 628 9
802 1 3 174 174 0 9 629
803 1 3 174 174 0 629 630
804 1 3 174 174 0 630 78
805 1 3 175 175 0 95 631
806 1 3 175 175 0 631 632
807 1 3 175 175 0 632 60
808 1 3 176 176 0 136 633
809 1 3 176 176 0 633 634
810 1 3 176 176 0 634 635
811 1 3 176 176 0 635 636
812 1 3 176 176 0 636 82
813 1 3 177 177 0 136 637
814 1 3 177 177 0 637 638
815 1 3 177 177 0 638 639
816 1 3 177 177 0 639 138
817 1 3 178 178 0 138 137
818 1 3 179 179 0 137 640
819 1 3 179 179 0 640 641
820 1 3 179 179 0 641 642
821 1 3 179 179 0 642 83
822 1 3 180 180 0 8 127
823 1 3 181 181 0 127 643
824 1 3 181 181 0 643 644
825 1 3 181 181 0 644 76
826 1 3 182 182 0 126 16
827 1 3 183 183 0 47 139
828 1 3 184 184 0 139 645
829 1 3 184 184 0 645 646
830 1 3 184 184 0 646 647
831 1 3 184 184 0 647 648
832 1 3 184 184 0 648 140
833 1 3 185 185 0 140 21
834 1 3 186 186 0 102 649
835 1 3 186 186 0 649 650
836 1 3 186 186 0 650 651
837 1 3 186 186 0 651 141
838 1 3 187 187 0 141 652
839 1 3 187 187 0 652 653
840 1 3 187 187 0 653 50
841 1 3 188 188 0 143 654
842 1 3 188 188 0 654 655
843 1 3 188 188 0 655 142
844 1 3 189 189 0 142 656
845 1 3 189 189 0 656 657
846 1 3 189 189 0 657 658
847 1 3 189 189 0 658 145
848 1 3 190 190 0 145 659
849 1 3 190 190 0 659 660
850 1 3 190 190 0 660 144
851 1 3 191 191 0 144 661
852 1 3 191 191 0 661 662
853 1 3 191 191 0 662 143
854 1 3 192 192 0 92 663
855 1 3 192 192 0 663 664
856 1 3 192 192 0 664 665
857 1 3 192 192 0 665 666
858 1 3 192 192 0 666 667
859 1 3 192 192 0 667 139
860 1 3 193 193 0 139 668
861 1 3 193 193 0 668 669
862 1 3 193 193 0 669 670
863 1 3 193 193 0 670 147
864 1 3 194 194 0 147 671
865 1 3 194 194 0 671 672
866 1 3 194 194 0 672 673
867 1 3 194 194 0 673 674
868 1 3 194 194 0 674 675
869 1 3 194 194 0 675 146
870 1 3 195 195 0 146 676
871 1 3 195 195 0 676 57
872 1 3 196 196 0 135 677
873 1 3 196 196 0 677 678
874 1 3 196 196 0 678 148
875 1 3 197 197 0 148 679
876 1 3 197 197 0 679 680
877 1 3 197 197 0 680 681
878 1 3 197 197 0 681 682
879 1 3 197 197 0 682 137
880 1 3 198 198 0 138 683
881 1 3 198 198 0 683 684
882 1 3 198 198 0 684 120
883 1 3 199 199 0 4 685
884 1 3 199 199 0 685 149
885 1 3 200 200 0 150 686
886 1 3 200 200 0 686 687
887 1 3 200 200 0 687 688
888 1 3 200 200 0 688 689
889 1 3 200 200 0 689 149
890 1 3 201 201 0 112 690
891 1 3 201 201 0 690 151
892 1 3 202 202 0 151 691
893 1 3 202 202 0 691 692
894 1 3 202 202 0 692 693
895 1 3 202 202 0 693 694
896 1 3 202 202 0 694 150
897 1 3 203 203 0 81 695
898 1 3 203 203 0 695 696
899 1 3 203 203 0 696 128
900 1 3 204 204 0 99 697
901 1 3 204 204 0 697 698
902 1 3 204 204 0 698 699
903 1 3 204 204 0 699 700
904 1 3 204 204 0 700 129
905 1 3 205 205 0 113 101
906 1 3 206 206 0 85 701
907 1 3 206 206 0 701 702
908 1 3 206 206 0 702 703
909 1 3 206 206 0 703 14
910 1 3 207 207 0 86 704
911 1 3 207 207 0 704 705
912 1 3 207 207 0 705 706
913 1 3 207 207 0 706 707
914 1 3 207 207 0 707 708
915 1 3 207 207 0 708 147
916 1 3 208 208 0 93 709
917 1 3 208 208 0 709 710
918 1 3 208 208 0 710 711
919 1 3 208 208 0 711 54
920 1 3 209 209 0 54 712
921 1 3 209 209 0 712 713
922 1 3 209 209 0 713 714
923 1 3 209 209 0 714 715
924 1 3 209 209 0 715 152
925 1 3 210 210 0 152 94
926 1 3 211 211 0 49 716
927 1 3 211 211 0 716 153
928 1 3 212 212 0 141 717
929 1 3 212 212 0 717 718
930 1 3 212 212 0 718 154
931 1 3 213 213 0 154 719
932 1 3 213 213 0 719 720
933 1 3 213 213 0 720 721
934 1 3 213 213 0 721 722
935 1 3 213 213 0 722 723
936 1 3 213 213 0 723 153
937 1 3 214 214 0 153 724
938 1 3 214 214 0 724 725
939 1 3 214 214 0 725 726
940 1 3 214 214 0 726 727
941 1 3 214 214 0 727 728
942 1 3 214 214 0 728 39
943 1 3 215 215 0 89 729
944 1 3 215 215 0 729 730
945 1 3 215 215 0 730 40
946 1 3 216 216 0 154 90
947 1 3 217 217 0 22 731
948 1 3 217 217 0 731 732
949 1 3 217 217 0 732 155
950 1 3 218 218 0 155 733
951 1 3 218 218 0 733 125
952 1 3 219 219 0 130 734
953 1 3 219 219 0 734 151
954 1 3 220 220 0 121 735
955 1 3 220 220 0 735 736
956 1 3 220 220 0 736 72
957 1 3 221 221 0 65 737
958 1 3 221 221 0 737 738
959 1 3 221 221 0 738 739
960 1 3 221 221 0 739 156
961 1 3 222 222 0 156 740
962 1 3 222 222 0 740 741
963 1 3 222 222 0 741 122
964 1 3 223 223 0 157 742
965 1 3 223 223 0 742 743
966 1 3 223 223 0 743 19
967 1 3 224 224 0 140 744
968 1 3 224 224 0 744 745
969 1 3 224 224 0 745 156
970 1 3 225 225 0 156 746
971 1 3 225 225 0 746 747
972 1 3 225 225 0 747 748
973 1 3 225 225 0 748 157
974 1 3 226 226 0 158 749
975 1 3 226 226 0 749 750
976 1 3 226 226 0 750 751
977 1 3 226 226 0 751 752
978 1 3 226 226 0 752 753
979 1 3 226 226 0 753 146
980 1 3 227 227 0 84 754
981 1 3 227 227 0 754 158
982 1 3 228 228 0 160 755
983 1 3 228 228 0 755 756
984 1 3 228 228 0 756 757
985 1 3 228 228 0 757 758
986 1 3 228 228 0 758 159
987 1 3 229 229 0 159 759
988 1 3 229 229 0 759 760
989 1 3 229 229 0 760 761
990 1 3 229 229 0 761 762
991 1 3 229 229 0 762 763
992 1 3 229 229 0 763 161
993 1 3 230 230 0 161 764
994 1 3 230 230 0 764 765
995 1 3 230 230 0 765 162
996 1 3 231 231 0 162 766
997 1 3 231 231 0 766 767
998 1 3 231 231 0 767 768
999 1 3 231 231 0 768 769
1000 1 3 231 231 0 769 160
1001 1 3 232 232 0 131 770
1002 1 3 232 232 0 770 165
1003 1 3 233 233 0 165 771
1004 1 3 233 233 0 771 772
1005 1 3 233 233 0 772 164
1006 1 3 234 234 0 164 773
1007 1 3 234 234 0 773 774
1008 1 3 234 234 0 774 775
1009 1 3 234 234 0 775 163
1010 1 3 235 235 0 163 776
1011 1 3 235 235 0 776 150
1012 1 3 236 236 0 166 777
1013 1 3 236 236 0 777 167
1014 1 3 237 237 0 166 778
1015 1 3 237 237 0 778 779
1016 1 3 237 237 0 779 780
1017 1 3 237 237 0 780 163
1018 1 3 238 238 0 164 781
1019 1 3 238 238 0 781 782
1020 1 3 238 238 0 782 168
1021 1 3 239 239 0 168 783
1022 1 3 239 239 0 783 784
1023 1 3 239 239 0 784 785
1024 1 3 239 239 0 785 786
1025 1 3 239 239 0 786 167
1026 1 3 240 240 0 169 787
1027 1 3 240 240 0 787 788
1028 1 3 240 240 0 788 789
1029 1 3 240 240 0 789 790
1030 1 3 240 240 0 790 170
1031 1 3 241 241 0 169 791
1032 1 3 241 241 0 791 792
1033 1 3 241 241 0 792 142
1034 1 3 242 242 0 143 793
1035 1 3 242 242 0 793 171
1036 1 3 243 243 0 171 794
1037 1 3 243 243 0 794 795
1038 1 3 243 243 0 795 796
1039 1 3 243 243 0 796 170
1040 1 3 244 244 0 97 797
1041 1 3 244 244 0 797 798
1042 1 3 244 244 0 798 799
1043 1 3 244 244 0 799 800
1044 1 3 244 244 0 800 165
1045 1 3 245 245 0 87 801
1046 1 3 245 245 0 801 802
1047 1 3 245 245 0 802 172
1048 1 3 246 246 0 172 803
1049 1 3 246 246 0 803 804
1050 1 3 246 246 0 804 805
1051 1 3 246 246 0 805 806
1052 1 3 246 246 0 806 807
1053 1 3 246 246 0 807 808
1054 1 3 246 246 0 808 136
1055 1 3 247 247 0 90 809
1056 1 3 247 247 0 809 810
1057 1 3 247 247 0 810 811
1058 1 3 247 247 0 811 812
1059 1 3 247 247 0 812 108
1060 1 3 248 248 0 149 813
1061 1 3 248 248 0 813 814
1062 1 3 248 248 0 814 815
1063 1 3 248 248 0 815 816
1064 1 3 248 248 0 816 817
1065 1 3 248 248 0 817 166
1066 1 3 249 249 0 32 818
1067 1 3 249 249 0 818 160
1068 1 3 250 250 0 162 819
1069 1 3 250 250 0 819 820
1070 1 3 250 250 0 820 152
1071 1 3 251 251 0 124 821
1072 1 3 251 251 0 821 822
1073 1 3 251 251 0 822 823
1074 1 3 251 251 0 823 824
1075 1 3 251 251 0 824 169
1076 1 3 252 252 0 155 825
1077 1 3 252 252 0 825 826
1078 1 3 252 252 0 826 173
1079 1 3 253 253 0 173 145
1080 1 3 254 254 0 17 174
1081 1 3 255 255 0 12 827
1082 1 3 255 255 0 827 828
1083 1 3 255 255 0 828 829
1084 1 3 255 255 0 829 830
1085 1 3 255 255 0 830 174
1086 1 3 256 256 0 18 831
1087 1 3 256 256 0 831 832
1088 1 3 256 256 0 832 833
1089 1 3 256 256 0 833 834
1090 1 3 256 256 0 834 13
1091 1 3 257 257 0 98 835
1092 1 3 257 257 0 835 836
1093 1 3 257 257 0 836 837
1094 1 3 257 257 0 837 175
1095 1 3 258 258 0 175 838
1096 1 3 258 258 0 838 168
1097 1 3 259 259 0 115 839
1098 1 3 259 259 0 839 840
1099 1 3 259 259 0 840 132
1100 1 3 260 260 0 117 841
1101 1 3 260 260 0 841 842
1102 1 3 260 260 0 842 843
1103 1 3 260 260 0 843 844
1104 1 3 260 260 0 844 845
1105 1 3 260 260 0 845 133
1106 1 3 261 261 0 158 846
1107 1 3 261 261 0 846 847
1108 1 3 261 261 0 847 148
1109 1 3 262 262 0 134 848
1110 1 3 262 262 0 848 38
1111 1 3 263 263 0 177 849
1112 1 3 263 263 0 849 176
1113 1 3 264 264 0 100 850
1114 1 3 264 264 0 850 851
1115 1 3 264 264 0 851 852
1116 1 3 264 264 0 852 853
1117 1 3 264 264 0 853 854
1118 1 3 264 264 0 854 855
1119 1 3 264 264 0 855 856
1120 1 3 264 264 0 856 176
1121 1 3 265 265 0 177 857
1122 1 3 265 265 0 857 858
1123 1 3 265 265 0 858 859
1124 1 3 265 265 0 859 860
1125 1 3 265 265 0 860 861
1126 1 3 265 265 0 861 175
1127 1 3 266 266 0 28 862
1128 1 3 266 266 0 862 863
1129 1 3 266 266 0 863 864
1130 1 3 266 266 0 864 865
1131 1 3 266 266 0 865 866
1132 1 3 266 266 0 866 178
1133 1 3 267 267 0 178 867
1134 1 3 267 267 0 867 868
1135 1 3 267 267 0 868 869
1136 1 3 267 267 0 869 870
1137 1 3 267 267 0 870 75
1138 1 3 268 268 0 179 871
1139 1 3 268 268 0 871 872
1140 1 3 268 268 0 872 873
1141 1 3 268 268 0 873 874
1142 1 3 268 268 0 874 875
1143 1 3 268 268 0 875 64
1144 1 3 269 269 0 59 876
1145 1 3 269 269 0 876 877
1146 1 3 269 269 0 877 878
1147 1 3 269 269 0 878 879
1148 1 3 269 269 0 879 162
1149 1 3 270 270 0 161 880
1150 1 3 270 270 0 880 881
1151 1 3 270 270 0 881 179
1152 1 3 271 271 0 159 882
1153 1 3 271 271 0 882 883
1154 1 3 271 271 0 883 884
1155 1 3 271 271 0 884 885
1156 1 3 271 271 0 885 886
1157 1 3 271 271 0 886 887
1158 1 3 271 271 0 887 31
1159 1 3 272 272 0 176 888
1160 1 3 272 272 0 888 889
1161 1 3 272 272 0 889 116
1162 1 3 273 273 0 174 890
1163 1 3 273 273 0 890 891
1164 1 3 273 273 0 891 892
1165 1 3 273 273 0 892 893
1166 1 3 273 273 0 893 894
1167 1 3 273 273 0 894 895
1168 1 3 273 273 0 895 896
1169 1 3 273 273 0 896 897
1170 1 3 273 273 0 897 10
1171 1 3 274 274 0 173 898
1172 1 3 274 274 0 898 899
1173 1 3 274 274 0 899 900
1174 1 3 274 274 0 900 157
1175 1 3 275 275 0 65 901
1176 1 3 275 275 0 901 902
1177 1 3 275 275 0 902 903
1178 1 3 275 275 0 903 904
1179 1 3 275 275 0 904 905
1180 1 3 275 275 0 905 144
1181 1 3 276 276 0 170 906
1182 1 3 276 276 0 906 907
1183 1 3 276 276 0 907 908
1184 1 3 276 276 0 908 909
1185 1 3 276 276 0 909 910
1186 1 3 276 276 0 910 159
1187 1 3 277 277 0 171 911
1188 1 3 277 277 0 911 912
1189 1 3 277 277 0 912 179
1190 1 3 278 278 0 167 913
1191 1 3 278 278 0 913 914
1192 1 3 278 278 0 914 915
1193 1 3 278 278 0 915 916
1194 1 3 278 278 0 916 917
1195 1 3 278 278 0 917 918
1196 1 3 278 278 0 918 177
1197 2 3 1 1 0 919 920 921
1198 2 3 1 1 0 922 919 921
1199 2 3 1 1 0 919 922 923
1200 2 3 1 1 0 924 925 926
1201 2 3 1 1 0 926 927 928
1202 2 3 1 1 0 926 925 929
1203 2 3 1 1 0 929 927 926
1204 2 3 1 1 0 930 186 931
1205 2 3 1 1 0 927 921 181
1206 2 3 1 1 0 929 921 927
1207 2 3 1 1 0 182 181 921
1208 2 3 1 1 0 926 930 931
1209 2 3 1 1 0 931 932 924
1210 2 3 1 1 0 924 926 931
1211 2 3 1 1 0 927 180 928
1212 2 3 1 1 0 4 184 194
1213 2 3 1 1 0 181 180 927
1214 2 3 1 1 0 933 189 934
1215 2 3 1 1 0 932 933 934
1216 2 3 1 1 0 932 187 933
1217 2 3 1 1 0 923 193 919
1218 2 3 1 1 0 184 183 920
1219 2 3 1 1 0 933 3 189
1220 2 3 1 1 0 2 188 933
1221 2 3 1 1 0 192 193 923
1222 2 3 1 1 0 183 921 920
1223 2 3 1 1 0 183 182 921
1224 2 3 1 1 0 929 922 921
1225 2 3 1 1 0 919 935 920
1226 2 3 1 1 0 184 920 935
1227 2 3 1 1 0 188 3 933
1228 2 3 1 1 0 932 934 924
1229 2 3 1 1 0 924 190 936
1230 2 3 1 1 0 935 919 193
1231 2 3 1 1 0 922 925 923
1232 2 3 1 1 0 923 925 191
1233 2 3 1 1 0 191 192 923
1234 2 3 1 1 0 924 934 190
1235 2 3 1 1 0 928 185 930
1236 2 3 1 1 0 930 185 186
1237 2 3 1 1 0 194 935 5
1238 2 3 1 1 0 5 935 193
1239 2 3 1 1 0 180 1 928
1240 2 3 1 1 0 930 926 928
1241 2 3 1 1 0 928 1 185
1242 2 3 1 1 0 931 187 932
1243 2 3 1 1 0 187 2 933
1244 2 3 1 1 0 186 187 931
1245 2 3 1 1 0 191 925 936
1246 2 3 1 1 0 936 925 924
1247 2 3 1 1 0 925 922 929
1248 2 3 1 1 0 935 194 184
1249 2 3 1 1 0 934 189 190
1250 2 3 1 1 0 936 190 191
1251 2 3 2 2 0 199 7 937
1252 2 3 2 2 0 8 197 196
1253 2 3 2 2 0 198 199 937
1254 2 3 2 2 0 197 198 937
1255 2 3 2 2 0 7 195 937
1256 2 3 2 2 0 196 197 938
1257 2 3 2 2 0 195 6 938
1258 2 3 2 2 0 6 196 938
1259 2 3 2 2 0 197 937 938
1260 2 3 2 2 0 937 195 938
1261 2 3 2 2 0 9 199 198
1262 2 3 3 3 0 943 208 945
1263 2 3 3 3 0 211 212 940
1264 2 3 3 3 0 13 211 210
1265 2 3 3 3 0 201 202 941
1266 2 3 3 3 0 940 943 945
1267 2 3 3 3 0 211 940 946
1268 2 3 3 3 0 941 202 948
1269 2 3 3 3 0 210 211 946
1270 2 3 3 3 0 940 212 942
1271 2 3 3 3 0 203 10 204
1272 2 3 3 3 0 205 206 941
1273 2 3 3 3 0 941 206 949
1274 2 3 3 3 0 939 942 944
1275 2 3 3 3 0 939 941 949
1276 2 3 3 3 0 207 208 943
1277 2 3 3 3 0 205 941 948
1278 2 3 3 3 0 942 213 944
1279 2 3 3 3 0 201 941 947
1280 2 3 3 3 0 208 12 945
1281 2 3 3 3 0 941 939 947
1282 2 3 3 3 0 212 213 942
1283 2 3 3 3 0 942 939 943
1284 2 3 3 3 0 203 204 948
1285 2 3 3 3 0 202 203 948
1286 2 3 3 3 0 940 942 943
1287 2 3 3 3 0 213 11 944
1288 2 3 3 3 0 204 205 948
1289 2 3 3 3 0 11 200 944
1290 2 3 3 3 0 939 944 947
1291 2 3 3 3 0 12 209 945
1292 2 3 3 3 0 209 210 946
1293 2 3 3 3 0 944 200 947
1294 2 3 3 3 0 200 201 947
1295 2 3 3 3 0 945 209 946
1296 2 3 3 3 0 943 939 949
1297 2 3 3 3 0 207 943 949
1298 2 3 3 3 0 206 207 949
1299 2 3 3 3 0 940 945 946
1300 2 3 4 4 0 950 951 952
1301 2 3 4 4 0 951 215 214
1302 2 3 4 4 0 953 954 955
1303 2 3 4 4 0 954 956 955
1304 2 3 4 4 0 957 958 959
1305 2 3 4 4 0 960 961 962
1306 2 3 4 4 0 223 15 224
1307 2 3 4 4 0 958 217 959
1308 2 3 4 4 0 957 963 227
1309 2 3 4 4 0 227 228 957
1310 2 3 4 4 0 18 962 964
1311 2 3 4 4 0 962 18 226
1312 2 3 4 4 0 965 966 952
1313 2 3 4 4 0 952 967 965
1314 2 3 4 4 0 951 214 218
1315 2 3 4 4 0 221 953 968
1316 2 3 4 4 0 968 953 961
1317 2 3 4 4 0 214 14 218
1318 2 3 4 4 0 953 221 222
1319 2 3 4 4 0 966 963 957
1320 2 3 4 4 0 966 959 950
1321 2 3 4 4 0 959 216 950
1322 2 3 4 4 0 965 963 966
1323 2 3 4 4 0 16 225 969
1324 2 3 4 4 0 950 215 951
1325 2 3 4 4 0 957 228 958
1326 2 3 4 4 0 216 215 950
1327 2 3 4 4 0 952 219 967
1328 2 3 4 4 0 228 17 958
1329 2 3 4 4 0 951 219 952
1330 2 3 4 4 0 967 219 220
1331 2 3 4 4 0 954 223 956
1332 2 3 4 4 0 968 961 965
1333 2 3 4 4 0 961 960 965
1334 2 3 4 4 0 962 955 964
1335 2 3 4 4 0 953 955 961
1336 2 3 4 4 0 961 955 962
1337 2 3 4 4 0 955 956 969
1338 2 3 4 4 0 959 217 216
1339 2 3 4 4 0 955 969 964
1340 2 3 4 4 0 969 956 224
1341 2 3 4 4 0 222 223 954
1342 2 3 4 4 0 224 16 969
1343 2 3 4 4 0 960 962 970
1344 2 3 4 4 0 963 960 970
1345 2 3 4 4 0 226 970 962
1346 2 3 4 4 0 954 953 222
1347 2 3 4 4 0 969 225 964
1348 2 3 4 4 0 964 225 18
1349 2 3 4 4 0 970 226 227
1350 2 3 4 4 0 227 963 970
1351 2 3 4 4 0 965 960 963
1352 2 3 4 4 0 952 966 950
1353 2 3 4 4 0 220 968 967
1354 2 3 4 4 0 223 224 956
1355 2 3 4 4 0 958 17 217
1356 2 3 4 4 0 967 968 965
1357 2 3 4 4 0 959 966 957
1358 2 3 4 4 0 951 218 219
1359 2 3 4 4 0 968 220 221
1360 2 3 5 5 0 238 237 22
1361 2 3 5 5 0 971 972 973
1362 2 3 5 5 0 972 19 973
1363 2 3 5 5 0 974 975 976
1364 2 3 5 5 0 975 234 976
1365 2 3 5 5 0 972 235 19
1366 2 3 5 5 0 977 978 971
1367 2 3 5 5 0 240 978 977
1368 2 3 5 5 0 239 240 977
1369 2 3 5 5 0 977 973 979
1370 2 3 5 5 0 973 236 979
1371 2 3 5 5 0 974 976 980
1372 2 3 5 5 0 231 21 232
1373 2 3 5 5 0 980 981 974
1374 2 3 5 5 0 976 972 980
1375 2 3 5 5 0 976 235 972
1376 2 3 5 5 0 233 982 232
1377 2 3 5 5 0 982 231 232
1378 2 3 5 5 0 974 981 229
1379 2 3 5 5 0 239 983 23
1380 2 3 5 5 0 23 983 238
1381 2 3 5 5 0 978 981 980
1382 2 3 5 5 0 241 981 978
1383 2 3 5 5 0 973 977 971
1384 2 3 5 5 0 241 20 981
1385 2 3 5 5 0 981 20 229
1386 2 3 5 5 0 971 980 972
1387 2 3 5 5 0 975 974 230
1388 2 3 5 5 0 975 233 234
1389 2 3 5 5 0 973 19 236
1390 2 3 5 5 0 230 231 982
1391 2 3 5 5 0 233 975 982
1392 2 3 5 5 0 982 975 230
1393 2 3 5 5 0 978 980 971
1394 2 3 5 5 0 976 234 235
1395 2 3 5 5 0 978 240 241
1396 2 3 5 5 0 236 237 979
1397 2 3 5 5 0 239 977 979
1398 2 3 5 5 0 229 230 974
1399 2 3 5 5 0 983 979 237
1400 2 3 5 5 0 237 238 983
1401 2 3 5 5 0 239 979 983
1402 2 3 6 6 0 244 247 985
1403 2 3 6 6 0 245 247 244
1404 2 3 6 6 0 246 247 245
1405 2 3 6 6 0 247 248 985
1406 2 3 6 6 0 27 246 245
1407 2 3 6 6 0 242 249 24
1408 2 3 6 6 0 249 984 985
1409 2 3 6 6 0 26 246 27
1410 2 3 6 6 0 248 249 985
1411 2 3 6 6 0 249 242 984
1412 2 3 6 6 0 25 243 984
1413 2 3 6 6 0 242 25 984
1414 2 3 6 6 0 984 243 985
1415 2 3 6 6 0 243 244 985
1416 2 3 7 7 0 986 987 988
1417 2 3 7 7 0 987 254 988
1418 2 3 7 7 0 989 990 991
1419 2 3 7 7 0 989 992 990
1420 2 3 7 7 0 992 989 993
1421 2 3 7 7 0 989 991 994
1422 2 3 7 7 0 991 256 994
1423 2 3 7 7 0 995 986 990
1424 2 3 7 7 0 992 995 990
1425 2 3 7 7 0 996 995 992
1426 2 3 7 7 0 997 989 994
1427 2 3 7 7 0 997 993 989
1428 2 3 7 7 0 995 31 262
1429 2 3 7 7 0 250 31 995
1430 2 3 7 7 0 998 996 992
1431 2 3 7 7 0 251 996 998
1432 2 3 7 7 0 999 993 1000
1433 2 3 7 7 0 993 997 1000
1434 2 3 7 7 0 1001 1002 1003
1435 2 3 7 7 0 1001 260 1002
1436 2 3 7 7 0 252 998 999
1437 2 3 7 7 0 1004 262 263
1438 2 3 7 7 0 998 992 993
1439 2 3 7 7 0 988 990 986
1440 2 3 7 7 0 259 1001 29
1441 2 3 7 7 0 1001 258 29
1442 2 3 7 7 0 32 987 263
1443 2 3 7 7 0 32 30 987
1444 2 3 7 7 0 255 990 988
1445 2 3 7 7 0 1003 1002 997
1446 2 3 7 7 0 1003 997 994
1447 2 3 7 7 0 1000 1005 999
1448 2 3 7 7 0 999 998 993
1449 2 3 7 7 0 999 253 252
1450 2 3 7 7 0 1003 994 257
1451 2 3 7 7 0 1004 987 986
1452 2 3 7 7 0 987 1004 263
1453 2 3 7 7 0 1000 1002 1005
1454 2 3 7 7 0 1005 260 261
1455 2 3 7 7 0 1005 1002 260
1456 2 3 7 7 0 988 254 255
1457 2 3 7 7 0 995 996 250
1458 2 3 7 7 0 986 995 1004
1459 2 3 7 7 0 1004 995 262
1460 2 3 7 7 0 1005 253 999
1461 2 3 7 7 0 1005 28 253
1462 2 3 7 7 0 261 28 1005
1463 2 3 7 7 0 1001 259 260
1464 2 3 7 7 0 1001 1003 258
1465 2 3 7 7 0 257 258 1003
1466 2 3 7 7 0 996 251 250
1467 2 3 7 7 0 256 257 994
1468 2 3 7 7 0 255 256 991
1469 2 3 7 7 0 998 252 251
1470 2 3 7 7 0 1002 1000 997
1471 2 3 7 7 0 255 991 990
1472 2 3 7 7 0 987 30 254
1473 2 3 8 8 0 1006 1007 1008
1474 2 3 8 8 0 272 1009 1010
1475 2 3 8 8 0 1007 36 1008
1476 2 3 8 8 0 1011 1012 1013
1477 2 3 8 8 0 1013 1014 1011
1478 2 3 8 8 0 273 1015 1009
1479 2 3 8 8 0 274 1015 37
1480 2 3 8 8 0 273 37 1015
1481 2 3 8 8 0 1016 1009 1017
1482 2 3 8 8 0 1017 1009 1015
1483 2 3 8 8 0 1012 1018 1019
1484 2 3 8 8 0 272 273 1009
1485 2 3 8 8 0 1011 1018 1012
1486 2 3 8 8 0 276 1020 1017
1487 2 3 8 8 0 1020 276 277
1488 2 3 8 8 0 1007 1006 1021
1489 2 3 8 8 0 1022 1007 1021
1490 2 3 8 8 0 1009 1016 1010
1491 2 3 8 8 0 1023 1024 1010
1492 2 3 8 8 0 1006 1008 1025
1493 2 3 8 8 0 1008 267 1025
1494 2 3 8 8 0 1026 1027 1028
1495 2 3 8 8 0 1026 279 1027
1496 2 3 8 8 0 1018 1025 1029
1497 2 3 8 8 0 1018 1030 1025
1498 2 3 8 8 0 1029 1031 1018
1499 2 3 8 8 0 1029 268 1031
1500 2 3 8 8 0 1022 1021 1032
1501 2 3 8 8 0 1010 1016 1023
1502 2 3 8 8 0 1012 1024 1023
1503 2 3 8 8 0 1023 1016 1013
1504 2 3 8 8 0 1013 1016 1020
1505 2 3 8 8 0 1020 1016 1017
1506 2 3 8 8 0 1033 264 265
1507 2 3 8 8 0 1033 265 35
1508 2 3 8 8 0 274 275 1015
1509 2 3 8 8 0 266 1007 1033
1510 2 3 8 8 0 266 1033 35
1511 2 3 8 8 0 34 1022 1032
1512 2 3 8 8 0 1034 270 1019
1513 2 3 8 8 0 280 34 1032
1514 2 3 8 8 0 1031 268 269
1515 2 3 8 8 0 1022 34 264
1516 2 3 8 8 0 266 36 1007
1517 2 3 8 8 0 1027 1021 1028
1518 2 3 8 8 0 1028 1021 1006
1519 2 3 8 8 0 1024 271 1010
1520 2 3 8 8 0 1006 1030 1028
1521 2 3 8 8 0 271 272 1010
1522 2 3 8 8 0 1007 1022 1033
1523 2 3 8 8 0 1017 38 276
1524 2 3 8 8 0 275 1017 1015
1525 2 3 8 8 0 1033 1022 264
1526 2 3 8 8 0 275 38 1017
1527 2 3 8 8 0 269 33 1034
1528 2 3 8 8 0 1034 33 270
1529 2 3 8 8 0 1020 1035 1013
1530 2 3 8 8 0 277 1035 1020
1531 2 3 8 8 0 1027 1032 1021
1532 2 3 8 8 0 1027 280 1032
1533 2 3 8 8 0 1031 1034 1019
1534 2 3 8 8 0 1034 1031 269
1535 2 3 8 8 0 1019 270 1024
1536 2 3 8 8 0 1024 1012 1019
1537 2 3 8 8 0 1024 270 271
1538 2 3 8 8 0 1035 1014 1013
1539 2 3 8 8 0 1035 277 278
1540 2 3 8 8 0 278 1014 1035
1541 2 3 8 8 0 1011 1014 1026
1542 2 3 8 8 0 1026 1028 1011
1543 2 3 8 8 0 1026 1014 279
1544 2 3 8 8 0 267 1029 1025
1545 2 3 8 8 0 1030 1006 1025
1546 2 3 8 8 0 1013 1012 1023
1547 2 3 8 8 0 1030 1011 1028
1548 2 3 8 8 0 279 280 1027
1549 2 3 8 8 0 1008 36 267
1550 2 3 8 8 0 278 279 1014
1551 2 3 8 8 0 1029 267 268
1552 2 3 8 8 0 1019 1018 1031
1553 2 3 8 8 0 1011 1030 1018
1554 2 3 9 9 0 1036 1037 1038
1555 2 3 9 9 0 1037 1039 1038
1556 2 3 9 9 0 41 287 297
1557 2 3 9 9 0 1040 1041 1038
1558 2 3 9 9 0 1041 1042 1038
1559 2 3 9 9 0 1039 1043 1044
1560 2 3 9 9 0 1037 293 1039
1561 2 3 9 9 0 293 1043 1039
1562 2 3 9 9 0 1039 1044 1045
1563 2 3 9 9 0 295 1044 1043
1564 2 3 9 9 0 1046 1047 1048
1565 2 3 9 9 0 1048 1049 1046
1566 2 3 9 9 0 1046 282 1047
1567 2 3 9 9 0 1050 1040 1051
1568 2 3 9 9 0 1045 1051 1040
1569 2 3 9 9 0 1050 286 1040
1570 2 3 9 9 0 286 285 1040
1571 2 3 9 9 0 1049 290 291
1572 2 3 9 9 0 281 39 288
1573 2 3 9 9 0 1046 283 282
1574 2 3 9 9 0 1048 290 1049
1575 2 3 9 9 0 291 1036 1049
1576 2 3 9 9 0 1036 291 292
1577 2 3 9 9 0 295 296 1044
1578 2 3 9 9 0 295 1043 35
1579 2 3 9 9 0 1043 294 35
1580 2 3 9 9 0 1038 1042 1036
1581 2 3 9 9 0 292 1037 1036
1582 2 3 9 9 0 1036 1042 1049
1583 2 3 9 9 0 289 1052 40
1584 2 3 9 9 0 40 1052 288
1585 2 3 9 9 0 1041 1040 285
1586 2 3 9 9 0 285 284 1041
1587 2 3 9 9 0 1053 1046 1049
1588 2 3 9 9 0 1053 1049 1042
1589 2 3 9 9 0 1042 1041 1053
1590 2 3 9 9 0 1053 1041 284
1591 2 3 9 9 0 1046 1053 283
1592 2 3 9 9 0 1053 284 283
1593 2 3 9 9 0 1045 1038 1039
1594 2 3 9 9 0 1040 1038 1045
1595 2 3 9 9 0 296 1051 1044
1596 2 3 9 9 0 1044 1051 1045
1597 2 3 9 9 0 1050 1051 297
1598 2 3 9 9 0 1050 287 286
1599 2 3 9 9 0 1037 292 293
1600 2 3 9 9 0 297 287 1050
1601 2 3 9 9 0 293 294 1043
1602 2 3 9 9 0 289 1047 1052
1603 2 3 9 9 0 281 288 1052
1604 2 3 9 9 0 1052 1047 281
1605 2 3 9 9 0 1048 289 290
1606 2 3 9 9 0 289 1048 1047
1607 2 3 9 9 0 282 281 1047
1608 2 3 9 9 0 296 297 1051
1609 2 3 10 10 0 42 301 1057
1610 2 3 10 10 0 300 42 1057
1611 2 3 10 10 0 304 1056 1059
1612 2 3 10 10 0 45 44 1058
1613 2 3 10 10 0 44 298 1058
1614 2 3 10 10 0 308 45 1058
1615 2 3 10 10 0 304 305 1056
1616 2 3 10 10 0 306 305 46
1617 2 3 10 10 0 43 302 1062
1618 2 3 10 10 0 1055 1054 1060
1619 2 3 10 10 0 305 306 1056
1620 2 3 10 10 0 1054 1055 1059
1621 2 3 10 10 0 1058 298 1060
1622 2 3 10 10 0 1056 1054 1059
1623 2 3 10 10 0 306 307 1056
1624 2 3 10 10 0 1054 1058 1060
1625 2 3 10 10 0 303 1059 1063
1626 2 3 10 10 0 1059 1055 1063
1627 2 3 10 10 0 1056 307 1061
1628 2 3 10 10 0 1057 301 1062
1629 2 3 10 10 0 303 304 1059
1630 2 3 10 10 0 1054 1056 1061
1631 2 3 10 10 0 1057 1055 1064
1632 2 3 10 10 0 308 1058 1061
1633 2 3 10 10 0 1055 1057 1063
1634 2 3 10 10 0 298 299 1060
1635 2 3 10 10 0 1058 1054 1061
1636 2 3 10 10 0 1055 1060 1064
1637 2 3 10 10 0 307 308 1061
1638 2 3 10 10 0 1060 299 1064
1639 2 3 10 10 0 300 1057 1064
1640 2 3 10 10 0 301 43 1062
1641 2 3 10 10 0 302 303 1063
1642 2 3 10 10 0 299 300 1064
1643 2 3 10 10 0 302 1057 1062
1644 2 3 10 10 0 1057 302 1063
1645 2 3 11 11 0 1065 15 223
1646 2 3 11 11 0 1066 318 1065
1647 2 3 11 11 0 222 1067 1068
1648 2 3 11 11 0 316 47 317
1649 2 3 11 11 0 1067 313 1068
1650 2 3 11 11 0 218 309 310
1651 2 3 11 11 0 318 1066 317
1652 2 3 11 11 0 219 218 310
1653 2 3 11 11 0 1066 316 317
1654 2 3 11 11 0 220 219 311
1655 2 3 11 11 0 1067 312 313
1656 2 3 11 11 0 221 220 312
1657 2 3 11 11 0 1067 222 221
1658 2 3 11 11 0 221 312 1067
1659 2 3 11 11 0 220 311 312
1660 2 3 11 11 0 219 310 311
1661 2 3 11 11 0 218 14 309
1662 2 3 11 11 0 1065 314 315
1663 2 3 11 11 0 1066 1065 315
1664 2 3 11 11 0 315 316 1066
1665 2 3 11 11 0 318 15 1065
1666 2 3 11 11 0 223 1068 1065
1667 2 3 11 11 0 1065 1068 314
1668 2 3 11 11 0 1068 223 222
1669 2 3 11 11 0 1068 313 314
1670 2 3 12 12 0 1069 1070 48
1671 2 3 12 12 0 1071 319 1072
1672 2 3 12 12 0 1070 328 48
1673 2 3 12 12 0 327 326 52
1674 2 3 12 12 0 320 1069 48
1675 2 3 12 12 0 1070 1073 1074
1676 2 3 12 12 0 1070 1075 1073
1677 2 3 12 12 0 1074 1073 1076
1678 2 3 12 12 0 1073 325 1076
1679 2 3 12 12 0 1071 1077 323
1680 2 3 12 12 0 1077 1071 1072
1681 2 3 12 12 0 1069 321 1078
1682 2 3 12 12 0 1069 50 321
1683 2 3 12 12 0 1077 322 323
1684 2 3 12 12 0 1077 1079 1075
1685 2 3 12 12 0 1075 1078 1077
1686 2 3 12 12 0 1077 1078 322
1687 2 3 12 12 0 1080 1073 1079
1688 2 3 12 12 0 325 1073 1080
1689 2 3 12 12 0 1080 324 325
1690 2 3 12 12 0 1080 1079 1072
1691 2 3 12 12 0 320 50 1069
1692 2 3 12 12 0 1080 1072 324
1693 2 3 12 12 0 1072 51 324
1694 2 3 12 12 0 319 51 1072
1695 2 3 12 12 0 323 49 1071
1696 2 3 12 12 0 1075 1079 1073
1697 2 3 12 12 0 321 322 1078
1698 2 3 12 12 0 1077 1072 1079
1699 2 3 12 12 0 1076 326 327
1700 2 3 12 12 0 327 1074 1076
1701 2 3 12 12 0 1074 327 328
1702 2 3 12 12 0 1071 49 319
1703 2 3 12 12 0 325 326 1076
1704 2 3 12 12 0 1070 1074 328
1705 2 3 12 12 0 1070 1069 1075
1706 2 3 12 12 0 1075 1069 1078
1707 2 3 13 13 0 1084 1086 1091
1708 2 3 13 13 0 1087 1081 1088
1709 2 3 13 13 0 1081 1086 1088
1710 2 3 13 13 0 1087 1083 1090
1711 2 3 13 13 0 331 54 1085
1712 2 3 13 13 0 1084 1085 1086
1713 2 3 13 13 0 1086 1081 1091
1714 2 3 13 13 0 333 334 1088
1715 2 3 13 13 0 1084 331 1085
1716 2 3 13 13 0 1090 1083 1092
1717 2 3 13 13 0 332 1082 1085
1718 2 3 13 13 0 332 53 1082
1719 2 3 13 13 0 54 332 1085
1720 2 3 13 13 0 1082 333 1088
1721 2 3 13 13 0 334 1083 1088
1722 2 3 13 13 0 258 1087 1090
1723 2 3 13 13 0 1083 1087 1088
1724 2 3 13 13 0 254 30 329
1725 2 3 13 13 0 29 258 1090
1726 2 3 13 13 0 257 256 1081
1727 2 3 13 13 0 330 331 1084
1728 2 3 13 13 0 257 1081 1087
1729 2 3 13 13 0 258 257 1087
1730 2 3 13 13 0 255 1089 1091
1731 2 3 13 13 0 1089 1084 1091
1732 2 3 13 13 0 1085 1082 1086
1733 2 3 13 13 0 330 1084 1089
1734 2 3 13 13 0 255 254 1089
1735 2 3 13 13 0 254 329 1089
1736 2 3 13 13 0 53 333 1082
1737 2 3 13 13 0 1086 1082 1088
1738 2 3 13 13 0 329 330 1089
1739 2 3 13 13 0 334 335 1083
1740 2 3 13 13 0 256 255 1091
1741 2 3 13 13 0 1081 256 1091
1742 2 3 13 13 0 1083 335 1092
1743 2 3 13 13 0 335 55 1092
1744 2 3 13 13 0 336 29 1090
1745 2 3 13 13 0 55 336 1092
1746 2 3 13 13 0 336 1090 1092
1747 2 3 14 14 0 1093 342 1094
1748 2 3 14 14 0 1095 1096 1097
1749 2 3 14 14 0 1094 342 343
1750 2 3 14 14 0 1094 343 1096
1751 2 3 14 14 0 1096 1095 1094
1752 2 3 14 14 0 1096 344 1097
1753 2 3 14 14 0 1098 1099 1100
1754 2 3 14 14 0 1101 340 1102
1755 2 3 14 14 0 1100 1103 1098
1756 2 3 14 14 0 345 1099 1098
1757 2 3 14 14 0 1104 1105 1106
1758 2 3 14 14 0 1104 1106 1107
1759 2 3 14 14 0 1106 1108 1107
1760 2 3 14 14 0 1108 1109 1110
1761 2 3 14 14 0 1108 1110 1111
1762 2 3 14 14 0 1112 1108 1111
1763 2 3 14 14 0 1108 1112 1107
1764 2 3 14 14 0 1110 339 1111
1765 2 3 14 14 0 1103 1097 1098
1766 2 3 14 14 0 1103 1095 1097
1767 2 3 14 14 0 1113 1104 1107
1768 2 3 14 14 0 1113 1107 1114
1769 2 3 14 14 0 1112 1114 1107
1770 2 3 14 14 0 1115 1111 1101
1771 2 3 14 14 0 1115 1112 1111
1772 2 3 14 14 0 1113 1116 1117
1773 2 3 14 14 0 1113 1114 1116
1774 2 3 14 14 0 1101 1118 1115
1775 2 3 14 14 0 1116 1119 1103
1776 2 3 14 14 0 1116 1114 1119
1777 2 3 14 14 0 1106 307 1120
1778 2 3 14 14 0 308 307 1106
1779 2 3 14 14 0 1105 308 1106
1780 2 3 14 14 0 1099 347 1121
1781 2 3 14 14 0 1099 58 347
1782 2 3 14 14 0 346 58 1099
1783 2 3 14 14 0 1093 56 342
1784 2 3 14 14 0 1102 340 341
1785 2 3 14 14 0 1099 1121 1100
1786 2 3 14 14 0 1093 1102 341
1787 2 3 14 14 0 341 56 1093
1788 2 3 14 14 0 337 1122 46
1789 2 3 14 14 0 1122 306 46
1790 2 3 14 14 0 1113 349 1104
1791 2 3 14 14 0 349 350 1104
1792 2 3 14 14 0 1118 1101 1102
1793 2 3 14 14 0 1093 1118 1102
1794 2 3 14 14 0 1118 1093 1094
1795 2 3 14 14 0 1104 350 1105
1796 2 3 14 14 0 1120 1122 1109
1797 2 3 14 14 0 348 1117 1121
1798 2 3 14 14 0 1121 1117 1100
1799 2 3 14 14 0 1121 347 348
1800 2 3 14 14 0 337 1109 1122
1801 2 3 14 14 0 1109 337 338
1802 2 3 14 14 0 307 1122 1120
1803 2 3 14 14 0 1114 1115 1119
1804 2 3 14 14 0 1095 1103 1119
1805 2 3 14 14 0 1119 1115 1095
1806 2 3 14 14 0 1108 1120 1109
1807 2 3 14 14 0 1120 1108 1106
1808 2 3 14 14 0 1100 1117 1116
1809 2 3 14 14 0 338 1110 1109
1810 2 3 14 14 0 1098 344 345
1811 2 3 14 14 0 1116 1103 1100
1812 2 3 14 14 0 1118 1094 1095
1813 2 3 14 14 0 1095 1115 1118
1814 2 3 14 14 0 1113 1117 349
1815 2 3 14 14 0 345 346 1099
1816 2 3 14 14 0 339 1101 1111
1817 2 3 14 14 0 1110 338 339
1818 2 3 14 14 0 1101 339 340
1819 2 3 14 14 0 307 306 1122
1820 2 3 14 14 0 350 45 1105
1821 2 3 14 14 0 1105 45 308
1822 2 3 14 14 0 348 349 1117
1823 2 3 14 14 0 343 57 1096
1824 2 3 14 14 0 1114 1112 1115
1825 2 3 14 14 0 1096 57 344
1826 2 3 14 14 0 344 1098 1097
1827 2 3 15 15 0 1133 1134 1140
1828 2 3 15 15 0 1132 1136 1144
1829 2 3 15 15 0 1134 1132 1140
1830 2 3 15 15 0 366 62 1127
1831 2 3 15 15 0 1132 1134 1136
1832 2 3 15 15 0 1123 1144 1145
1833 2 3 15 15 0 63 61 1127
1834 2 3 15 15 0 1139 1123 1145
1835 2 3 15 15 0 1138 1129 1140
1836 2 3 15 15 0 1129 1138 1146
1837 2 3 15 15 0 365 366 1147
1838 2 3 15 15 0 366 1128 1147
1839 2 3 15 15 0 366 1127 1128
1840 2 3 15 15 0 360 65 1149
1841 2 3 15 15 0 64 360 1149
1842 2 3 15 15 0 1129 1133 1140
1843 2 3 15 15 0 1141 1137 1148
1844 2 3 15 15 0 1126 1142 1145
1845 2 3 15 15 0 1144 1136 1145
1846 2 3 15 15 0 65 361 1149
1847 2 3 15 15 0 1142 1139 1145
1848 2 3 15 15 0 59 357 1131
1849 2 3 15 15 0 1128 1141 1148
1850 2 3 15 15 0 359 64 1130
1851 2 3 15 15 0 1131 1132 1144
1852 2 3 15 15 0 1131 1144 1150
1853 2 3 15 15 0 351 1137 1141
1854 2 3 15 15 0 1125 1138 1140
1855 2 3 15 15 0 1133 1124 1134
1856 2 3 15 15 0 352 1126 1137
1857 2 3 15 15 0 1134 1135 1136
1858 2 3 15 15 0 1131 1125 1132
1859 2 3 15 15 0 364 1124 1133
1860 2 3 15 15 0 1134 1124 1135
1861 2 3 15 15 0 352 353 1126
1862 2 3 15 15 0 1125 358 1138
1863 2 3 15 15 0 364 365 1124
1864 2 3 15 15 0 351 352 1137
1865 2 3 15 15 0 357 1125 1131
1866 2 3 15 15 0 1129 363 1133
1867 2 3 15 15 0 363 364 1133
1868 2 3 15 15 0 362 363 1129
1869 2 3 15 15 0 1127 61 1141
1870 2 3 15 15 0 357 358 1125
1871 2 3 15 15 0 358 359 1138
1872 2 3 15 15 0 1130 64 1149
1873 2 3 15 15 0 355 356 1123
1874 2 3 15 15 0 1137 1126 1143
1875 2 3 15 15 0 1124 365 1147
1876 2 3 15 15 0 354 355 1139
1877 2 3 15 15 0 1126 353 1142
1878 2 3 15 15 0 1128 1127 1141
1879 2 3 15 15 0 1138 1130 1146
1880 2 3 15 15 0 353 60 1142
1881 2 3 15 15 0 355 1123 1139
1882 2 3 15 15 0 1132 1125 1140
1883 2 3 15 15 0 361 362 1146
1884 2 3 15 15 0 59 1131 1150
1885 2 3 15 15 0 361 1146 1149
1886 2 3 15 15 0 1137 1143 1148
1887 2 3 15 15 0 60 354 1142
1888 2 3 15 15 0 1144 1123 1150
1889 2 3 15 15 0 61 351 1141
1890 2 3 15 15 0 359 1130 1138
1891 2 3 15 15 0 356 59 1150
1892 2 3 15 15 0 1136 1135 1143
1893 2 3 15 15 0 354 1139 1142
1894 2 3 15 15 0 1135 1124 1147
1895 2 3 15 15 0 362 1129 1146
1896 2 3 15 15 0 1146 1130 1149
1897 2 3 15 15 0 1143 1135 1148
1898 2 3 15 15 0 1143 1126 1145
1899 2 3 15 15 0 1136 1143 1145
1900 2 3 15 15 0 1123 356 1150
1901 2 3 15 15 0 1147 1128 1148
1902 2 3 15 15 0 62 63 1127
1903 2 3 15 15 0 1135 1147 1148
1904 2 3 16 16 0 1151 1152 1153
1905 2 3 16 16 0 1153 1154 1151
1906 2 3 16 16 0 1152 1155 1153
1907 2 3 16 16 0 1152 371 1155
1908 2 3 16 16 0 1156 68 67
1909 2 3 16 16 0 373 1156 67
1910 2 3 16 16 0 376 66 367
1911 2 3 16 16 0 1151 1154 368
1912 2 3 16 16 0 376 1154 375
1913 2 3 16 16 0 367 1154 376
1914 2 3 16 16 0 372 68 1156
1915 2 3 16 16 0 369 46 370
1916 2 3 16 16 0 1154 1153 375
1917 2 3 16 16 0 1154 367 368
1918 2 3 16 16 0 1153 374 375
1919 2 3 16 16 0 374 1155 1156
1920 2 3 16 16 0 1156 373 374
1921 2 3 16 16 0 1156 1155 372
1922 2 3 16 16 0 1152 370 371
1923 2 3 16 16 0 368 369 1151
1924 2 3 16 16 0 371 372 1155
1925 2 3 16 16 0 374 1153 1155
1926 2 3 16 16 0 1151 369 370
1927 2 3 16 16 0 370 1152 1151
1928 2 3 17 17 0 1157 1158 1159
1929 2 3 17 17 0 1160 384 1161
1930 2 3 17 17 0 1158 264 1159
1931 2 3 17 17 0 1162 297 1163
1932 2 3 17 17 0 1164 1165 1166
1933 2 3 17 17 0 1160 1167 1168
1934 2 3 17 17 0 1169 1163 1170
1935 2 3 17 17 0 1164 295 1165
1936 2 3 17 17 0 1169 1171 1163
1937 2 3 17 17 0 1171 1167 1163
1938 2 3 17 17 0 1168 1171 1172
1939 2 3 17 17 0 1168 1167 1171
1940 2 3 17 17 0 1173 1171 1169
1941 2 3 17 17 0 1173 1174 1171
1942 2 3 17 17 0 1170 1164 1169
1943 2 3 17 17 0 1170 296 1164
1944 2 3 17 17 0 1174 1175 1176
1945 2 3 17 17 0 1175 1174 1177
1946 2 3 17 17 0 1162 41 297
1947 2 3 17 17 0 377 41 1162
1948 2 3 17 17 0 1160 1168 383
1949 2 3 17 17 0 265 264 1158
1950 2 3 17 17 0 383 384 1160
1951 2 3 17 17 0 264 34 1159
1952 2 3 17 17 0 1159 379 1178
1953 2 3 17 17 0 1159 34 379
1954 2 3 17 17 0 1176 1172 1174
1955 2 3 17 17 0 1179 378 377
1956 2 3 17 17 0 382 1172 1176
1957 2 3 17 17 0 1167 1179 1162
1958 2 3 17 17 0 1162 1163 1167
1959 2 3 17 17 0 1180 381 1176
1960 2 3 17 17 0 1176 381 382
1961 2 3 17 17 0 1175 1180 1176
1962 2 3 17 17 0 1179 1167 1160
1963 2 3 17 17 0 1160 1161 1179
1964 2 3 17 17 0 1177 1159 1178
1965 2 3 17 17 0 1166 1169 1164
1966 2 3 17 17 0 296 295 1164
1967 2 3 17 17 0 1174 1172 1171
1968 2 3 17 17 0 1166 1165 1158
1969 2 3 17 17 0 265 1158 1165
1970 2 3 17 17 0 1178 1180 1175
1971 2 3 17 17 0 1180 71 380
1972 2 3 17 17 0 1178 71 1180
1973 2 3 17 17 0 1162 1179 377
1974 2 3 17 17 0 1180 70 381
1975 2 3 17 17 0 380 70 1180
1976 2 3 17 17 0 1166 1157 1173
1977 2 3 17 17 0 1173 1169 1166
1978 2 3 17 17 0 1173 1157 1174
1979 2 3 17 17 0 1158 1157 1166
1980 2 3 17 17 0 1172 382 383
1981 2 3 17 17 0 1177 1157 1159
1982 2 3 17 17 0 1157 1177 1174
1983 2 3 17 17 0 1168 1172 383
1984 2 3 17 17 0 1175 1177 1178
1985 2 3 17 17 0 379 71 1178
1986 2 3 17 17 0 1170 297 296
1987 2 3 17 17 0 297 1170 1163
1988 2 3 17 17 0 1161 69 378
1989 2 3 17 17 0 378 1179 1161
1990 2 3 17 17 0 384 69 1161
1991 2 3 17 17 0 1165 35 265
1992 2 3 17 17 0 295 35 1165
1993 2 3 18 18 0 62 1181 63
1994 2 3 18 18 0 1181 390 1182
1995 2 3 18 18 0 1181 62 390
1996 2 3 18 18 0 1181 389 63
1997 2 3 18 18 0 1183 1184 1185
1998 2 3 18 18 0 1183 388 1184
1999 2 3 18 18 0 1186 1187 72
2000 2 3 18 18 0 387 1183 67
2001 2 3 18 18 0 1183 373 67
2002 2 3 18 18 0 72 1187 391
2003 2 3 18 18 0 385 1186 72
2004 2 3 18 18 0 376 1188 386
2005 2 3 18 18 0 386 1188 385
2006 2 3 18 18 0 386 66 376
2007 2 3 18 18 0 1189 1190 1185
2008 2 3 18 18 0 374 1185 1190
2009 2 3 18 18 0 1190 375 374
2010 2 3 18 18 0 1189 1182 1187
2011 2 3 18 18 0 1189 1181 1182
2012 2 3 18 18 0 391 1187 1182
2013 2 3 18 18 0 1185 1184 1189
2014 2 3 18 18 0 1182 390 391
2015 2 3 18 18 0 1184 389 1181
2016 2 3 18 18 0 388 389 1184
2017 2 3 18 18 0 1184 1181 1189
2018 2 3 18 18 0 1186 1188 1190
2019 2 3 18 18 0 374 373 1185
2020 2 3 18 18 0 1190 1188 375
2021 2 3 18 18 0 1183 1185 373
2022 2 3 18 18 0 1183 387 388
2023 2 3 18 18 0 1187 1186 1189
2024 2 3 18 18 0 1188 1186 385
2025 2 3 18 18 0 1189 1186 1190
2026 2 3 18 18 0 1188 376 375
2027 2 3 19 19 0 1191 1192 1193
2028 2 3 19 19 0 1192 1194 1195
2029 2 3 19 19 0 1192 1196 1194
2030 2 3 19 19 0 1192 396 1196
2031 2 3 19 19 0 1192 1195 1193
2032 2 3 19 19 0 404 74 393
2033 2 3 19 19 0 1194 398 1195
2034 2 3 19 19 0 1197 1198 1199
2035 2 3 19 19 0 1197 402 1198
2036 2 3 19 19 0 1200 1198 403
2037 2 3 19 19 0 1198 402 403
2038 2 3 19 19 0 1201 1191 1200
2039 2 3 19 19 0 1201 394 1191
2040 2 3 19 19 0 404 1201 403
2041 2 3 19 19 0 398 399 1195
2042 2 3 19 19 0 1191 395 1192
2043 2 3 19 19 0 401 1197 55
2044 2 3 19 19 0 1197 400 55
2045 2 3 19 19 0 1193 1200 1191
2046 2 3 19 19 0 394 395 1191
2047 2 3 19 19 0 399 1199 1195
2048 2 3 19 19 0 393 1201 404
2049 2 3 19 19 0 1195 1199 1193
2050 2 3 19 19 0 1198 1200 1193
2051 2 3 19 19 0 1193 1199 1198
2052 2 3 19 19 0 397 1196 1202
2053 2 3 19 19 0 1202 75 397
2054 2 3 19 19 0 399 400 1199
2055 2 3 19 19 0 1202 1196 73
2056 2 3 19 19 0 392 75 1202
2057 2 3 19 19 0 73 392 1202
2058 2 3 19 19 0 395 396 1192
2059 2 3 19 19 0 1197 401 402
2060 2 3 19 19 0 1197 1199 400
2061 2 3 19 19 0 396 73 1196
2062 2 3 19 19 0 397 1194 1196
2063 2 3 19 19 0 1201 1200 403
2064 2 3 19 19 0 1194 397 398
2065 2 3 19 19 0 1201 393 394
2066 2 3 20 20 0 1203 1204 1205
2067 2 3 20 20 0 1206 1207 1208
2068 2 3 20 20 0 411 412 1208
2069 2 3 20 20 0 412 1206 1208
2070 2 3 20 20 0 1209 1210 1211
2071 2 3 20 20 0 1212 1213 1209
2072 2 3 20 20 0 1212 1209 1211
2073 2 3 20 20 0 1210 1209 1214
2074 2 3 20 20 0 1205 1204 1215
2075 2 3 20 20 0 1215 1204 405
2076 2 3 20 20 0 1211 1216 1217
2077 2 3 20 20 0 1217 1212 1211
2078 2 3 20 20 0 407 1212 1217
2079 2 3 20 20 0 1212 408 1213
2080 2 3 20 20 0 408 409 1213
2081 2 3 20 20 0 1218 409 410
2082 2 3 20 20 0 1203 416 1204
2083 2 3 20 20 0 1218 410 79
2084 2 3 20 20 0 411 1218 79
2085 2 3 20 20 0 411 1208 1218
2086 2 3 20 20 0 1206 1214 1207
2087 2 3 20 20 0 413 1214 1206
2088 2 3 20 20 0 413 414 1214
2089 2 3 20 20 0 414 1210 1214
2090 2 3 20 20 0 414 415 1210
2091 2 3 20 20 0 1215 1216 1205
2092 2 3 20 20 0 406 1216 1215
2093 2 3 20 20 0 1214 1209 1207
2094 2 3 20 20 0 1213 1207 1209
2095 2 3 20 20 0 1208 1213 1218
2096 2 3 20 20 0 415 416 1203
2097 2 3 20 20 0 1213 1208 1207
2098 2 3 20 20 0 1218 1213 409
2099 2 3 20 20 0 1205 1210 1203
2100 2 3 20 20 0 1210 1205 1211
2101 2 3 20 20 0 1203 1210 415
2102 2 3 20 20 0 407 408 1212
2103 2 3 20 20 0 406 1217 1216
2104 2 3 20 20 0 1211 1205 1216
2105 2 3 20 20 0 416 77 1204
2106 2 3 20 20 0 1204 77 405
2107 2 3 20 20 0 1206 80 413
2108 2 3 20 20 0 412 80 1206
2109 2 3 20 20 0 1215 78 406
2110 2 3 20 20 0 405 78 1215
2111 2 3 20 20 0 1217 76 407
2112 2 3 20 20 0 406 76 1217
2113 2 3 21 21 0 1219 417 418
2114 2 3 21 21 0 7 417 195
2115 2 3 21 21 0 195 417 1219
2116 2 3 21 21 0 419 422 418
2117 2 3 21 21 0 420 421 419
2118 2 3 21 21 0 423 6 1219
2119 2 3 21 21 0 81 421 420
2120 2 3 21 21 0 422 423 418
2121 2 3 21 21 0 421 422 419
2122 2 3 21 21 0 1219 6 195
2123 2 3 21 21 0 1219 418 423
2124 2 3 22 22 0 85 431 440
2125 2 3 22 22 0 1220 440 1221
2126 2 3 22 22 0 440 431 1221
2127 2 3 22 22 0 1222 1223 1224
2128 2 3 22 22 0 1222 426 1223
2129 2 3 22 22 0 1225 1226 1227
2130 2 3 22 22 0 1226 1228 1227
2131 2 3 22 22 0 1228 429 1227
2132 2 3 22 22 0 439 440 1220
2133 2 3 22 22 0 1229 438 1226
2134 2 3 22 22 0 1230 437 1229
2135 2 3 22 22 0 1223 1231 1232
2136 2 3 22 22 0 1223 425 1231
2137 2 3 22 22 0 437 438 1229
2138 2 3 22 22 0 436 437 1230
2139 2 3 22 22 0 1221 1228 1220
2140 2 3 22 22 0 1221 430 1228
2141 2 3 22 22 0 1223 1232 1233
2142 2 3 22 22 0 424 82 83
2143 2 3 22 22 0 1232 433 1233
2144 2 3 22 22 0 1220 1228 1226
2145 2 3 22 22 0 1224 1223 1233
2146 2 3 22 22 0 1220 1226 86
2147 2 3 22 22 0 438 86 1226
2148 2 3 22 22 0 1234 1229 1225
2149 2 3 22 22 0 83 1231 424
2150 2 3 22 22 0 83 432 1231
2151 2 3 22 22 0 1230 1229 1234
2152 2 3 22 22 0 430 429 1228
2153 2 3 22 22 0 1225 1227 1235
2154 2 3 22 22 0 1227 428 1235
2155 2 3 22 22 0 1229 1226 1225
2156 2 3 22 22 0 1234 1225 1235
2157 2 3 22 22 0 1236 1230 1237
2158 2 3 22 22 0 1237 1230 1234
2159 2 3 22 22 0 1224 1238 1222
2160 2 3 22 22 0 1238 1224 1239
2161 2 3 22 22 0 1222 1238 427
2162 2 3 22 22 0 1240 1239 1224
2163 2 3 22 22 0 1224 1233 1240
2164 2 3 22 22 0 1240 1233 434
2165 2 3 22 22 0 1240 1237 1239
2166 2 3 22 22 0 427 426 1222
2167 2 3 22 22 0 435 1237 1240
2168 2 3 22 22 0 1240 434 435
2169 2 3 22 22 0 1234 1235 1238
2170 2 3 22 22 0 428 427 1235
2171 2 3 22 22 0 435 1236 1237
2172 2 3 22 22 0 1233 433 434
2173 2 3 22 22 0 1234 1239 1237
2174 2 3 22 22 0 1238 1239 1234
2175 2 3 22 22 0 1238 1235 427
2176 2 3 22 22 0 1230 1236 436
2177 2 3 22 22 0 1236 84 436
2178 2 3 22 22 0 435 84 1236
2179 2 3 22 22 0 432 1232 1231
2180 2 3 22 22 0 429 428 1227
2181 2 3 22 22 0 425 424 1231
2182 2 3 22 22 0 426 425 1223
2183 2 3 22 22 0 1232 432 433
2184 2 3 22 22 0 86 439 1220
2185 2 3 22 22 0 1221 431 430
2186 2 3 23 23 0 1241 1242 1243
2187 2 3 23 23 0 1242 187 1243
2188 2 3 23 23 0 1244 1245 1246
2189 2 3 23 23 0 1244 394 1245
2190 2 3 23 23 0 1247 1248 1249
2191 2 3 23 23 0 444 443 1247
2192 2 3 23 23 0 1248 1247 1250
2193 2 3 23 23 0 1248 186 1249
2194 2 3 23 23 0 1250 1245 1243
2195 2 3 23 23 0 1245 393 1243
2196 2 3 23 23 0 441 73 396
2197 2 3 23 23 0 444 1249 1
2198 2 3 23 23 0 1249 185 1
2199 2 3 23 23 0 1250 1246 1245
2200 2 3 23 23 0 394 393 1245
2201 2 3 23 23 0 1248 1243 186
2202 2 3 23 23 0 444 1247 1249
2203 2 3 23 23 0 1250 1243 1248
2204 2 3 23 23 0 443 1246 1247
2205 2 3 23 23 0 441 396 1251
2206 2 3 23 23 0 1247 1246 1250
2207 2 3 23 23 0 1242 1241 445
2208 2 3 23 23 0 1242 2 187
2209 2 3 23 23 0 445 2 1242
2210 2 3 23 23 0 1243 187 186
2211 2 3 23 23 0 1251 396 395
2212 2 3 23 23 0 445 1241 74
2213 2 3 23 23 0 74 1241 393
2214 2 3 23 23 0 443 442 1246
2215 2 3 23 23 0 186 185 1249
2216 2 3 23 23 0 395 1244 1251
2217 2 3 23 23 0 442 441 1251
2218 2 3 23 23 0 1251 1244 442
2219 2 3 23 23 0 1241 1243 393
2220 2 3 23 23 0 1244 395 394
2221 2 3 23 23 0 1244 1246 442
2222 2 3 24 24 0 1252 457 458
2223 2 3 24 24 0 1252 1253 457
2224 2 3 24 24 0 1254 1255 1256
2225 2 3 24 24 0 1257 449 1258
2226 2 3 24 24 0 1254 1259 1255
2227 2 3 24 24 0 1260 1261 1262
2228 2 3 24 24 0 1259 1263 1255
2229 2 3 24 24 0 1255 1263 381
2230 2 3 24 24 0 1264 1265 1266
2231 2 3 24 24 0 1265 1267 1266
2232 2 3 24 24 0 1264 1268 1263
2233 2 3 24 24 0 1268 382 1263
2234 2 3 24 24 0 1269 1270 1271
2235 2 3 24 24 0 384 1271 1270
2236 2 3 24 24 0 1271 384 383
2237 2 3 24 24 0 1269 447 1270
2238 2 3 24 24 0 1253 1252 1257
2239 2 3 24 24 0 87 451 458
2240 2 3 24 24 0 1260 457 1253
2241 2 3 24 24 0 1252 450 1257
2242 2 3 24 24 0 1252 451 450
2243 2 3 24 24 0 1272 88 454
2244 2 3 24 24 0 453 88 1272
2245 2 3 24 24 0 1273 1271 1268
2246 2 3 24 24 0 1271 383 1268
2247 2 3 24 24 0 69 1270 446
2248 2 3 24 24 0 69 384 1270
2249 2 3 24 24 0 454 1274 1272
2250 2 3 24 24 0 455 1274 454
2251 2 3 24 24 0 1258 1266 1267
2252 2 3 24 24 0 1260 1262 456
2253 2 3 24 24 0 1262 455 456
2254 2 3 24 24 0 1274 1262 1275
2255 2 3 24 24 0 455 1262 1274
2256 2 3 24 24 0 1257 1258 1253
2257 2 3 24 24 0 1258 1267 1261
2258 2 3 24 24 0 1271 1273 1269
2259 2 3 24 24 0 1261 1253 1258
2260 2 3 24 24 0 1253 1261 1260
2261 2 3 24 24 0 1276 1277 1266
2262 2 3 24 24 0 448 1277 1276
2263 2 3 24 24 0 456 457 1260
2264 2 3 24 24 0 1277 447 1269
2265 2 3 24 24 0 448 447 1277
2266 2 3 24 24 0 1256 453 1272
2267 2 3 24 24 0 1272 1254 1256
2268 2 3 24 24 0 452 453 1256
2269 2 3 24 24 0 1255 452 1256
2270 2 3 24 24 0 382 381 1263
2271 2 3 24 24 0 1276 1266 1258
2272 2 3 24 24 0 1262 1261 1267
2273 2 3 24 24 0 1267 1275 1262
2274 2 3 24 24 0 1259 1264 1263
2275 2 3 24 24 0 1257 450 449
2276 2 3 24 24 0 1274 1275 1254
2277 2 3 24 24 0 1254 1272 1274
2278 2 3 24 24 0 1273 1264 1266
2279 2 3 24 24 0 1276 449 448
2280 2 3 24 24 0 1259 1254 1275
2281 2 3 24 24 0 1259 1275 1265
2282 2 3 24 24 0 1268 1264 1273
2283 2 3 24 24 0 1268 383 382
2284 2 3 24 24 0 1258 449 1276
2285 2 3 24 24 0 1277 1269 1273
2286 2 3 24 24 0 1273 1266 1277
2287 2 3 24 24 0 1255 70 452
2288 2 3 24 24 0 1265 1264 1259
2289 2 3 24 24 0 381 70 1255
2290 2 3 24 24 0 1265 1275 1267
2291 2 3 24 24 0 447 446 1270
2292 2 3 24 24 0 1252 458 451
2293 2 3 25 25 0 1282 1281 1296
2294 2 3 25 25 0 1288 1281 1295
2295 2 3 25 25 0 1281 1282 1293
2296 2 3 25 25 0 1281 470 1295
2297 2 3 25 25 0 267 461 1297
2298 2 3 25 25 0 267 36 461
2299 2 3 25 25 0 1294 1280 1297
2300 2 3 25 25 0 1279 1287 1290
2301 2 3 25 25 0 461 1283 1297
2302 2 3 25 25 0 1278 1284 1285
2303 2 3 25 25 0 1283 1294 1297
2304 2 3 25 25 0 1278 1285 1286
2305 2 3 25 25 0 1292 1282 1296
2306 2 3 25 25 0 1281 1288 1296
2307 2 3 25 25 0 471 26 1291
2308 2 3 25 25 0 1290 1287 1294
2309 2 3 25 25 0 1278 460 1284
2310 2 3 25 25 0 460 33 1284
2311 2 3 25 25 0 26 459 1291
2312 2 3 25 25 0 468 469 1293
2313 2 3 25 25 0 459 1278 1291
2314 2 3 25 25 0 1282 466 1289
2315 2 3 25 25 0 463 1279 1290
2316 2 3 25 25 0 1287 1285 1294
2317 2 3 25 25 0 33 269 1284
2318 2 3 25 25 0 466 89 1289
2319 2 3 25 25 0 469 470 1281
2320 2 3 25 25 0 1283 462 1290
2321 2 3 25 25 0 461 462 1283
2322 2 3 25 25 0 463 464 1279
2323 2 3 25 25 0 1284 1280 1285
2324 2 3 25 25 0 470 471 1295
2325 2 3 25 25 0 462 463 1290
2326 2 3 25 25 0 1282 1289 1293
2327 2 3 25 25 0 269 268 1280
2328 2 3 25 25 0 1279 464 1292
2329 2 3 25 25 0 269 1280 1284
2330 2 3 25 25 0 464 465 1292
2331 2 3 25 25 0 469 1281 1293
2332 2 3 25 25 0 1286 1285 1287
2333 2 3 25 25 0 468 1293 1298
2334 2 3 25 25 0 465 1282 1292
2335 2 3 25 25 0 1278 1286 1291
2336 2 3 25 25 0 459 460 1278
2337 2 3 25 25 0 465 466 1282
2338 2 3 25 25 0 89 467 1289
2339 2 3 25 25 0 1286 1287 1288
2340 2 3 25 25 0 1293 1289 1298
2341 2 3 25 25 0 1279 1292 1299
2342 2 3 25 25 0 90 468 1298
2343 2 3 25 25 0 1280 268 1297
2344 2 3 25 25 0 1287 1279 1299
2345 2 3 25 25 0 1291 1286 1295
2346 2 3 25 25 0 1283 1290 1294
2347 2 3 25 25 0 1286 1288 1295
2348 2 3 25 25 0 1292 1296 1299
2349 2 3 25 25 0 1285 1280 1294
2350 2 3 25 25 0 467 90 1298
2351 2 3 25 25 0 471 1291 1295
2352 2 3 25 25 0 268 267 1297
2353 2 3 25 25 0 1289 467 1298
2354 2 3 25 25 0 1288 1287 1299
2355 2 3 25 25 0 1296 1288 1299
2356 2 3 26 26 0 56 1300 1301
2357 2 3 26 26 0 56 341 1300
2358 2 3 26 26 0 1302 1300 340
2359 2 3 26 26 0 1300 341 340
2360 2 3 26 26 0 1301 92 476
2361 2 3 26 26 0 1303 475 1301
2362 2 3 26 26 0 475 92 1301
2363 2 3 26 26 0 1304 1302 1305
2364 2 3 26 26 0 1306 1304 1305
2365 2 3 26 26 0 1307 91 1308
2366 2 3 26 26 0 338 337 1309
2367 2 3 26 26 0 1309 337 369
2368 2 3 26 26 0 1309 368 1310
2369 2 3 26 26 0 1309 369 368
2370 2 3 26 26 0 337 46 369
2371 2 3 26 26 0 1309 1305 338
2372 2 3 26 26 0 1311 473 1307
2373 2 3 26 26 0 1305 1309 1310
2374 2 3 26 26 0 1305 339 338
2375 2 3 26 26 0 474 475 1303
2376 2 3 26 26 0 476 56 1301
2377 2 3 26 26 0 1305 1302 339
2378 2 3 26 26 0 1302 340 339
2379 2 3 26 26 0 1305 1310 1306
2380 2 3 26 26 0 1308 1303 1304
2381 2 3 26 26 0 1307 1308 1304
2382 2 3 26 26 0 1311 1307 1304
2383 2 3 26 26 0 1311 1304 1306
2384 2 3 26 26 0 1304 1303 1302
2385 2 3 26 26 0 1302 1303 1300
2386 2 3 26 26 0 1301 1300 1303
2387 2 3 26 26 0 1306 1312 1313
2388 2 3 26 26 0 1306 1310 1312
2389 2 3 26 26 0 367 1313 1312
2390 2 3 26 26 0 1303 1308 474
2391 2 3 26 26 0 1313 1311 1306
2392 2 3 26 26 0 472 1311 1313
2393 2 3 26 26 0 473 91 1307
2394 2 3 26 26 0 1310 368 1312
2395 2 3 26 26 0 1311 472 473
2396 2 3 26 26 0 1312 368 367
2397 2 3 26 26 0 91 474 1308
2398 2 3 26 26 0 1313 66 472
2399 2 3 26 26 0 367 66 1313
2400 2 3 27 27 0 483 1314 1315
2401 2 3 27 27 0 1316 1317 1314
2402 2 3 27 27 0 1314 483 484
2403 2 3 27 27 0 416 1318 1319
2404 2 3 27 27 0 416 415 1318
2405 2 3 27 27 0 1320 1318 1317
2406 2 3 27 27 0 1318 1320 1321
2407 2 3 27 27 0 1321 1320 1322
2408 2 3 27 27 0 1323 1324 1325
2409 2 3 27 27 0 480 481 1325
2410 2 3 27 27 0 1325 1326 1323
2411 2 3 27 27 0 481 1326 1325
2412 2 3 27 27 0 1325 94 480
2413 2 3 27 27 0 1325 1324 479
2414 2 3 27 27 0 479 94 1325
2415 2 3 27 27 0 1327 1323 1319
2416 2 3 27 27 0 1318 1321 1319
2417 2 3 27 27 0 1324 478 479
2418 2 3 27 27 0 1327 1319 1321
2419 2 3 27 27 0 1317 1316 1320
2420 2 3 27 27 0 1326 1319 1323
2421 2 3 27 27 0 1316 484 93
2422 2 3 27 27 0 482 1319 1326
2423 2 3 27 27 0 1319 77 416
2424 2 3 27 27 0 482 77 1319
2425 2 3 27 27 0 1314 484 1316
2426 2 3 27 27 0 1314 1317 414
2427 2 3 27 27 0 1314 414 413
2428 2 3 27 27 0 1316 1322 1320
2429 2 3 27 27 0 1317 1318 415
2430 2 3 27 27 0 1314 413 1315
2431 2 3 27 27 0 413 80 1315
2432 2 3 27 27 0 1322 1327 1321
2433 2 3 27 27 0 1327 1322 478
2434 2 3 27 27 0 1322 477 478
2435 2 3 27 27 0 1322 1316 477
2436 2 3 27 27 0 1316 93 477
2437 2 3 27 27 0 481 95 1326
2438 2 3 27 27 0 1326 95 482
2439 2 3 27 27 0 1323 1327 1324
2440 2 3 27 27 0 415 414 1317
2441 2 3 27 27 0 80 96 1315
2442 2 3 27 27 0 1315 96 483
2443 2 3 27 27 0 1324 1327 478
2444 2 3 28 28 0 1335 1329 1344
2445 2 3 28 28 0 1336 1331 1345
2446 2 3 28 28 0 1345 1331 1349
2447 2 3 28 28 0 1330 1345 1348
2448 2 3 28 28 0 1337 1330 1348
2449 2 3 28 28 0 1329 1339 1344
2450 2 3 28 28 0 1329 1334 1343
2451 2 3 28 28 0 487 1341 1347
2452 2 3 28 28 0 1334 1340 1343
2453 2 3 28 28 0 1338 494 1356
2454 2 3 28 28 0 490 1335 1355
2455 2 3 28 28 0 1338 1332 1339
2456 2 3 28 28 0 1334 1329 1350
2457 2 3 28 28 0 1329 1335 1350
2458 2 3 28 28 0 1339 1332 1348
2459 2 3 28 28 0 1334 491 1359
2460 2 3 28 28 0 494 495 1356
2461 2 3 28 28 0 494 1338 1343
2462 2 3 28 28 0 491 99 1359
2463 2 3 28 28 0 1329 1338 1339
2464 2 3 28 28 0 1341 1331 1347
2465 2 3 28 28 0 1335 490 1350
2466 2 3 28 28 0 97 489 1353
2467 2 3 28 28 0 487 488 1341
2468 2 3 28 28 0 1336 1330 1346
2469 2 3 28 28 0 1328 1339 1348
2470 2 3 28 28 0 1353 489 1355
2471 2 3 28 28 0 1333 1335 1344
2472 2 3 28 28 0 1328 1345 1349
2473 2 3 28 28 0 493 494 1343
2474 2 3 28 28 0 1330 1336 1345
2475 2 3 28 28 0 489 490 1355
2476 2 3 28 28 0 1335 1333 1355
2477 2 3 28 28 0 1338 1329 1343
2478 2 3 28 28 0 491 1334 1350
2479 2 3 28 28 0 495 102 1351
2480 2 3 28 28 0 1331 1336 1352
2481 2 3 28 28 0 1330 1337 1354
2482 2 3 28 28 0 498 103 1342
2483 2 3 28 28 0 103 499 1342
2484 2 3 28 28 0 1332 1337 1348
2485 2 3 28 28 0 485 1352 1358
2486 2 3 28 28 0 497 1337 1357
2487 2 3 28 28 0 1341 1333 1349
2488 2 3 28 28 0 1345 1328 1348
2489 2 3 28 28 0 101 493 1340
2490 2 3 28 28 0 1337 1332 1357
2491 2 3 28 28 0 1339 1328 1344
2492 2 3 28 28 0 1352 1336 1358
2493 2 3 28 28 0 1337 497 1354
2494 2 3 28 28 0 1331 1341 1349
2495 2 3 28 28 0 495 1351 1356
2496 2 3 28 28 0 1332 1338 1356
2497 2 3 28 28 0 492 101 1340
2498 2 3 28 28 0 490 491 1350
2499 2 3 28 28 0 485 486 1352
2500 2 3 28 28 0 1333 1344 1349
2501 2 3 28 28 0 1340 493 1343
2502 2 3 28 28 0 1344 1328 1349
2503 2 3 28 28 0 486 98 1347
2504 2 3 28 28 0 499 100 1346
2505 2 3 28 28 0 1342 499 1346
2506 2 3 28 28 0 98 487 1347
2507 2 3 28 28 0 1330 1342 1346
2508 2 3 28 28 0 1342 1330 1354
2509 2 3 28 28 0 496 497 1357
2510 2 3 28 28 0 488 97 1353
2511 2 3 28 28 0 492 1340 1359
2512 2 3 28 28 0 497 498 1354
2513 2 3 28 28 0 102 496 1351
2514 2 3 28 28 0 1341 488 1353
2515 2 3 28 28 0 1333 1341 1353
2516 2 3 28 28 0 498 1342 1354
2517 2 3 28 28 0 1333 1353 1355
2518 2 3 28 28 0 1340 1334 1359
2519 2 3 28 28 0 1332 1351 1357
2520 2 3 28 28 0 486 1347 1352
2521 2 3 28 28 0 1347 1331 1352
2522 2 3 28 28 0 1336 1346 1358
2523 2 3 28 28 0 100 485 1358
2524 2 3 28 28 0 99 492 1359
2525 2 3 28 28 0 1346 100 1358
2526 2 3 28 28 0 1351 1332 1356
2527 2 3 28 28 0 1351 496 1357
2528 2 3 29 29 0 1362 497 1364
2529 2 3 29 29 0 1366 1360 1367
2530 2 3 29 29 0 1362 1364 1372
2531 2 3 29 29 0 496 500 1364
2532 2 3 29 29 0 497 496 1364
2533 2 3 29 29 0 501 1361 1364
2534 2 3 29 29 0 496 102 500
2535 2 3 29 29 0 500 501 1364
2536 2 3 29 29 0 498 1362 1365
2537 2 3 29 29 0 1365 1366 1367
2538 2 3 29 29 0 1365 1362 1366
2539 2 3 29 29 0 1369 1366 1372
2540 2 3 29 29 0 1360 1366 1371
2541 2 3 29 29 0 1366 1362 1372
2542 2 3 29 29 0 1368 1363 1369
2543 2 3 29 29 0 103 498 1365
2544 2 3 29 29 0 1363 1370 1371
2545 2 3 29 29 0 1363 327 1370
2546 2 3 29 29 0 505 104 1367
2547 2 3 29 29 0 328 327 1363
2548 2 3 29 29 0 1360 505 1367
2549 2 3 29 29 0 1366 1369 1371
2550 2 3 29 29 0 1364 1361 1372
2551 2 3 29 29 0 498 497 1362
2552 2 3 29 29 0 104 506 1367
2553 2 3 29 29 0 501 502 1361
2554 2 3 29 29 0 327 52 1370
2555 2 3 29 29 0 506 103 1365
2556 2 3 29 29 0 1369 1363 1371
2557 2 3 29 29 0 506 1365 1367
2558 2 3 29 29 0 502 503 1368
2559 2 3 29 29 0 1361 502 1368
2560 2 3 29 29 0 1361 1368 1369
2561 2 3 29 29 0 504 505 1360
2562 2 3 29 29 0 1363 1368 1373
2563 2 3 29 29 0 52 504 1370
2564 2 3 29 29 0 48 328 1373
2565 2 3 29 29 0 1370 1360 1371
2566 2 3 29 29 0 504 1360 1370
2567 2 3 29 29 0 328 1363 1373
2568 2 3 29 29 0 503 48 1373
2569 2 3 29 29 0 1361 1369 1372
2570 2 3 29 29 0 1368 503 1373
2571 2 3 30 30 0 1374 1375 1376
2572 2 3 30 30 0 507 1375 1374
2573 2 3 30 30 0 1374 1376 513
2574 2 3 30 30 0 512 513 1376
2575 2 3 30 30 0 508 1377 108
2576 2 3 30 30 0 509 107 510
2577 2 3 30 30 0 108 1377 24
2578 2 3 30 30 0 1377 1376 1378
2579 2 3 30 30 0 1379 512 1376
2580 2 3 30 30 0 1377 1379 1376
2581 2 3 30 30 0 1378 24 1377
2582 2 3 30 30 0 105 1374 513
2583 2 3 30 30 0 105 106 1374
2584 2 3 30 30 0 1380 1379 1377
2585 2 3 30 30 0 511 1379 1380
2586 2 3 30 30 0 1380 510 511
2587 2 3 30 30 0 509 510 1380
2588 2 3 30 30 0 1376 1375 1378
2589 2 3 30 30 0 1378 1375 242
2590 2 3 30 30 0 1374 106 507
2591 2 3 30 30 0 1379 511 512
2592 2 3 30 30 0 1378 242 24
2593 2 3 30 30 0 1375 25 242
2594 2 3 30 30 0 507 25 1375
2595 2 3 30 30 0 1380 1377 508
2596 2 3 30 30 0 508 509 1380
2597 2 3 31 31 0 1381 1382 349
2598 2 3 31 31 0 1382 350 349
2599 2 3 31 31 0 45 1382 1383
2600 2 3 31 31 0 45 350 1382
2601 2 3 31 31 0 1384 1385 1386
2602 2 3 31 31 0 1387 1386 1385
2603 2 3 31 31 0 1387 1385 1388
2604 2 3 31 31 0 1384 270 1385
2605 2 3 31 31 0 1389 1390 1391
2606 2 3 31 31 0 1390 1392 1391
2607 2 3 31 31 0 460 1388 1385
2608 2 3 31 31 0 1387 1393 1386
2609 2 3 31 31 0 1391 1381 1389
2610 2 3 31 31 0 1391 1394 1381
2611 2 3 31 31 0 1381 1394 1395
2612 2 3 31 31 0 1396 1381 1395
2613 2 3 31 31 0 1386 1397 1384
2614 2 3 31 31 0 1398 1397 1386
2615 2 3 31 31 0 1397 271 1384
2616 2 3 31 31 0 1391 1399 1394
2617 2 3 31 31 0 271 270 1384
2618 2 3 31 31 0 1394 1400 1395
2619 2 3 31 31 0 1381 349 1389
2620 2 3 31 31 0 1401 273 1402
2621 2 3 31 31 0 1402 273 272
2622 2 3 31 31 0 1393 1387 1403
2623 2 3 31 31 0 1390 347 1401
2624 2 3 31 31 0 1401 1392 1390
2625 2 3 31 31 0 1401 347 1404
2626 2 3 31 31 0 460 459 1388
2627 2 3 31 31 0 349 348 1389
2628 2 3 31 31 0 1404 273 1401
2629 2 3 31 31 0 1385 33 460
2630 2 3 31 31 0 348 347 1390
2631 2 3 31 31 0 1405 1383 1396
2632 2 3 31 31 0 1382 1396 1383
2633 2 3 31 31 0 1405 516 1383
2634 2 3 31 31 0 44 45 1383
2635 2 3 31 31 0 1404 58 37
2636 2 3 31 31 0 270 33 1385
2637 2 3 31 31 0 347 58 1404
2638 2 3 31 31 0 1402 1399 1392
2639 2 3 31 31 0 1390 1389 348
2640 2 3 31 31 0 1392 1401 1402
2641 2 3 31 31 0 1406 1407 1400
2642 2 3 31 31 0 109 1407 1406
2643 2 3 31 31 0 1388 1408 1387
2644 2 3 31 31 0 1408 1388 26
2645 2 3 31 31 0 27 1408 26
2646 2 3 31 31 0 26 1388 459
2647 2 3 31 31 0 1387 1408 1403
2648 2 3 31 31 0 1403 1408 514
2649 2 3 31 31 0 1395 1407 1396
2650 2 3 31 31 0 1398 1393 1400
2651 2 3 31 31 0 1400 1407 1395
2652 2 3 31 31 0 1393 1398 1386
2653 2 3 31 31 0 1394 1398 1400
2654 2 3 31 31 0 1399 1398 1394
2655 2 3 31 31 0 1396 1382 1381
2656 2 3 31 31 0 1397 1398 1399
2657 2 3 31 31 0 1402 1397 1399
2658 2 3 31 31 0 1408 27 514
2659 2 3 31 31 0 1406 1400 1393
2660 2 3 31 31 0 272 1397 1402
2661 2 3 31 31 0 1405 1407 515
2662 2 3 31 31 0 1396 1407 1405
2663 2 3 31 31 0 515 516 1405
2664 2 3 31 31 0 516 44 1383
2665 2 3 31 31 0 1406 514 109
2666 2 3 31 31 0 514 1406 1403
2667 2 3 31 31 0 1403 1406 1393
2668 2 3 31 31 0 1407 109 515
2669 2 3 31 31 0 1391 1392 1399
2670 2 3 31 31 0 1404 37 273
2671 2 3 31 31 0 1397 272 271
2672 2 3 32 32 0 106 517 507
2673 2 3 32 32 0 507 517 1409
2674 2 3 32 32 0 1410 244 1411
2675 2 3 32 32 0 27 245 514
2676 2 3 32 32 0 518 109 1410
2677 2 3 32 32 0 514 245 1410
2678 2 3 32 32 0 245 244 1410
2679 2 3 32 32 0 109 514 1410
2680 2 3 32 32 0 244 243 1411
2681 2 3 32 32 0 243 25 1409
2682 2 3 32 32 0 518 1410 1411
2683 2 3 32 32 0 25 507 1409
2684 2 3 32 32 0 517 518 1411
2685 2 3 32 32 0 243 1409 1411
2686 2 3 32 32 0 1409 517 1411
2687 2 3 33 33 0 1412 1413 1414
2688 2 3 33 33 0 1412 1415 1413
2689 2 3 33 33 0 1416 1417 1418
2690 2 3 33 33 0 1417 1419 1418
2691 2 3 33 33 0 1420 1421 1422
2692 2 3 33 33 0 1420 371 1421
2693 2 3 33 33 0 370 46 305
2694 2 3 33 33 0 1419 1417 524
2695 2 3 33 33 0 524 81 1419
2696 2 3 33 33 0 1419 81 519
2697 2 3 33 33 0 1418 1423 1424
2698 2 3 33 33 0 1425 1426 1424
2699 2 3 33 33 0 1425 372 1426
2700 2 3 33 33 0 1415 1424 1426
2701 2 3 33 33 0 1417 523 524
2702 2 3 33 33 0 1415 1418 1424
2703 2 3 33 33 0 1423 520 1424
2704 2 3 33 33 0 1412 1427 1428
2705 2 3 33 33 0 1428 1416 1412
2706 2 3 33 33 0 1422 1421 1429
2707 2 3 33 33 0 1421 304 1429
2708 2 3 33 33 0 1416 1418 1412
2709 2 3 33 33 0 1421 305 304
2710 2 3 33 33 0 370 305 1421
2711 2 3 33 33 0 1428 110 1416
2712 2 3 33 33 0 1416 110 523
2713 2 3 33 33 0 1419 519 1423
2714 2 3 33 33 0 1423 1418 1419
2715 2 3 33 33 0 1423 519 520
2716 2 3 33 33 0 110 1428 522
2717 2 3 33 33 0 1429 304 303
2718 2 3 33 33 0 1412 1414 1427
2719 2 3 33 33 0 1427 1414 302
2720 2 3 33 33 0 1417 1416 523
2721 2 3 33 33 0 1427 43 522
2722 2 3 33 33 0 1420 1426 372
2723 2 3 33 33 0 522 1428 1427
2724 2 3 33 33 0 1422 1426 1420
2725 2 3 33 33 0 372 371 1420
2726 2 3 33 33 0 303 1413 1429
2727 2 3 33 33 0 302 43 1427
2728 2 3 33 33 0 1429 1413 1422
2729 2 3 33 33 0 303 302 1414
2730 2 3 33 33 0 1418 1415 1412
2731 2 3 33 33 0 520 521 1424
2732 2 3 33 33 0 1426 1422 1415
2733 2 3 33 33 0 1415 1422 1413
2734 2 3 33 33 0 1425 1424 521
2735 2 3 33 33 0 371 370 1421
2736 2 3 33 33 0 1425 68 372
2737 2 3 33 33 0 303 1414 1413
2738 2 3 33 33 0 521 68 1425
2739 2 3 34 34 0 527 1430 1431
2740 2 3 34 34 0 1432 1433 1434
2741 2 3 34 34 0 527 112 1430
2742 2 3 34 34 0 1435 412 1436
2743 2 3 34 34 0 1437 1438 1439
2744 2 3 34 34 0 1437 190 1438
2745 2 3 34 34 0 1440 1441 1442
2746 2 3 34 34 0 1440 411 1441
2747 2 3 34 34 0 1437 1439 1443
2748 2 3 34 34 0 1439 1432 1443
2749 2 3 34 34 0 1444 1445 1446
2750 2 3 34 34 0 1445 529 1446
2751 2 3 34 34 0 1443 1444 1447
2752 2 3 34 34 0 1448 189 1449
2753 2 3 34 34 0 1447 1450 1443
2754 2 3 34 34 0 1444 1442 1451
2755 2 3 34 34 0 1443 1442 1444
2756 2 3 34 34 0 1431 79 527
2757 2 3 34 34 0 1438 189 1448
2758 2 3 34 34 0 1452 530 1453
2759 2 3 34 34 0 190 189 1438
2760 2 3 34 34 0 112 528 1430
2761 2 3 34 34 0 1446 530 1452
2762 2 3 34 34 0 529 530 1446
2763 2 3 34 34 0 1441 1431 1451
2764 2 3 34 34 0 1441 79 1431
2765 2 3 34 34 0 5 1453 531
2766 2 3 34 34 0 5 193 1453
2767 2 3 34 34 0 1430 528 1445
2768 2 3 34 34 0 1445 528 529
2769 2 3 34 34 0 1452 1453 1454
2770 2 3 34 34 0 193 1454 1453
2771 2 3 34 34 0 1430 1451 1431
2772 2 3 34 34 0 1454 193 192
2773 2 3 34 34 0 1455 1456 1448
2774 2 3 34 34 0 111 526 1455
2775 2 3 34 34 0 526 1456 1455
2776 2 3 34 34 0 1434 1435 1436
2777 2 3 34 34 0 1435 1434 1457
2778 2 3 34 34 0 1454 1447 1452
2779 2 3 34 34 0 1432 1434 1436
2780 2 3 34 34 0 1455 1448 1449
2781 2 3 34 34 0 525 1455 1449
2782 2 3 34 34 0 1455 525 111
2783 2 3 34 34 0 1450 1454 192
2784 2 3 34 34 0 1447 1454 1450
2785 2 3 34 34 0 1450 1437 1443
2786 2 3 34 34 0 191 1437 1450
2787 2 3 34 34 0 1440 412 411
2788 2 3 34 34 0 1433 1456 1434
2789 2 3 34 34 0 1443 1432 1442
2790 2 3 34 34 0 1434 1456 1457
2791 2 3 34 34 0 1440 1442 1432
2792 2 3 34 34 0 1439 1433 1432
2793 2 3 34 34 0 1433 1439 1438
2794 2 3 34 34 0 526 96 1457
2795 2 3 34 34 0 1438 1448 1433
2796 2 3 34 34 0 412 1440 1436
2797 2 3 34 34 0 1437 191 190
2798 2 3 34 34 0 1436 1440 1432
2799 2 3 34 34 0 1433 1448 1456
2800 2 3 34 34 0 1451 1442 1441
2801 2 3 34 34 0 411 79 1441
2802 2 3 34 34 0 1451 1430 1445
2803 2 3 34 34 0 1445 1444 1451
2804 2 3 34 34 0 1450 192 191
2805 2 3 34 34 0 1435 80 412
2806 2 3 34 34 0 96 80 1435
2807 2 3 34 34 0 526 1457 1456
2808 2 3 34 34 0 1447 1444 1446
2809 2 3 34 34 0 1446 1452 1447
2810 2 3 34 34 0 1449 3 525
2811 2 3 34 34 0 189 3 1449
2812 2 3 34 34 0 530 531 1453
2813 2 3 34 34 0 1435 1457 96
2814 2 3 35 35 0 533 532 113
2815 2 3 35 35 0 301 1458 1459
2816 2 3 35 35 0 301 42 1458
2817 2 3 35 35 0 1460 1461 1462
2818 2 3 35 35 0 1461 1459 1462
2819 2 3 35 35 0 1463 1460 1462
2820 2 3 35 35 0 1463 536 1460
2821 2 3 35 35 0 1463 535 536
2822 2 3 35 35 0 1464 510 1465
2823 2 3 35 35 0 1466 1460 537
2824 2 3 35 35 0 1460 1466 1461
2825 2 3 35 35 0 512 1467 1468
2826 2 3 35 35 0 1460 536 537
2827 2 3 35 35 0 512 1468 513
2828 2 3 35 35 0 1469 511 1464
2829 2 3 35 35 0 43 1459 1461
2830 2 3 35 35 0 1459 43 301
2831 2 3 35 35 0 522 43 1461
2832 2 3 35 35 0 533 534 1465
2833 2 3 35 35 0 110 1466 537
2834 2 3 35 35 0 110 522 1466
2835 2 3 35 35 0 533 1465 532
2836 2 3 35 35 0 1465 107 532
2837 2 3 35 35 0 1464 1465 534
2838 2 3 35 35 0 1469 1464 534
2839 2 3 35 35 0 535 1469 534
2840 2 3 35 35 0 1468 1462 1459
2841 2 3 35 35 0 1458 105 513
2842 2 3 35 35 0 42 105 1458
2843 2 3 35 35 0 522 1461 1466
2844 2 3 35 35 0 1467 1462 1468
2845 2 3 35 35 0 1467 1463 1462
2846 2 3 35 35 0 511 510 1464
2847 2 3 35 35 0 535 1463 1469
2848 2 3 35 35 0 1467 511 1469
2849 2 3 35 35 0 512 511 1467
2850 2 3 35 35 0 1458 1468 1459
2851 2 3 35 35 0 1468 1458 513
2852 2 3 35 35 0 1467 1469 1463
2853 2 3 35 35 0 510 107 1465
2854 2 3 36 36 0 540 539 1472
2855 2 3 36 36 0 1471 1474 1475
2856 2 3 36 36 0 1475 1474 1480
2857 2 3 36 36 0 550 540 1472
2858 2 3 36 36 0 1472 539 1476
2859 2 3 36 36 0 542 541 1473
2860 2 3 36 36 0 541 546 1473
2861 2 3 36 36 0 550 115 540
2862 2 3 36 36 0 541 116 546
2863 2 3 36 36 0 546 117 1473
2864 2 3 36 36 0 1471 548 1474
2865 2 3 36 36 0 549 1472 1474
2866 2 3 36 36 0 549 550 1472
2867 2 3 36 36 0 539 538 1476
2868 2 3 36 36 0 1470 1475 1480
2869 2 3 36 36 0 547 548 1471
2870 2 3 36 36 0 548 549 1474
2871 2 3 36 36 0 545 544 1470
2872 2 3 36 36 0 1470 544 1475
2873 2 3 36 36 0 544 543 1475
2874 2 3 36 36 0 542 1473 1477
2875 2 3 36 36 0 543 542 1477
2876 2 3 36 36 0 1473 117 1479
2877 2 3 36 36 0 114 545 1478
2878 2 3 36 36 0 538 114 1478
2879 2 3 36 36 0 117 547 1479
2880 2 3 36 36 0 1475 543 1477
2881 2 3 36 36 0 1471 1475 1477
2882 2 3 36 36 0 1474 1472 1480
2883 2 3 36 36 0 1476 538 1478
2884 2 3 36 36 0 1472 1476 1480
2885 2 3 36 36 0 545 1470 1478
2886 2 3 36 36 0 547 1471 1479
2887 2 3 36 36 0 1470 1476 1478
2888 2 3 36 36 0 1471 1477 1479
2889 2 3 36 36 0 1477 1473 1479
2890 2 3 36 36 0 1476 1470 1480
2891 2 3 37 37 0 380 551 1483
2892 2 3 37 37 0 380 71 551
2893 2 3 37 37 0 551 552 1483
2894 2 3 37 37 0 1483 552 1488
2895 2 3 37 37 0 556 88 1486
2896 2 3 37 37 0 1484 1482 1486
2897 2 3 37 37 0 88 453 1486
2898 2 3 37 37 0 1484 1485 1487
2899 2 3 37 37 0 1487 1485 1491
2900 2 3 37 37 0 1482 1484 1487
2901 2 3 37 37 0 1483 1488 1491
2902 2 3 37 37 0 453 452 1484
2903 2 3 37 37 0 1484 452 1485
2904 2 3 37 37 0 1486 1482 1489
2905 2 3 37 37 0 452 70 1485
2906 2 3 37 37 0 453 1484 1486
2907 2 3 37 37 0 553 554 1481
2908 2 3 37 37 0 119 555 1482
2909 2 3 37 37 0 1481 554 1490
2910 2 3 37 37 0 552 118 1488
2911 2 3 37 37 0 118 553 1488
2912 2 3 37 37 0 556 1486 1489
2913 2 3 37 37 0 1487 1481 1490
2914 2 3 37 37 0 1482 555 1489
2915 2 3 37 37 0 380 1483 1492
2916 2 3 37 37 0 1488 1481 1491
2917 2 3 37 37 0 554 119 1490
2918 2 3 37 37 0 555 120 1489
2919 2 3 37 37 0 553 1481 1488
2920 2 3 37 37 0 1481 1487 1491
2921 2 3 37 37 0 120 556 1489
2922 2 3 37 37 0 70 380 1492
2923 2 3 37 37 0 1491 1485 1492
2924 2 3 37 37 0 1483 1491 1492
2925 2 3 37 37 0 1485 70 1492
2926 2 3 37 37 0 119 1482 1490
2927 2 3 37 37 0 1482 1487 1490
2928 2 3 38 38 0 474 1493 475
2929 2 3 38 38 0 564 92 475
2930 2 3 38 38 0 1493 564 475
2931 2 3 38 38 0 474 1494 1493
2932 2 3 38 38 0 1493 1494 563
2933 2 3 38 38 0 1494 474 91
2934 2 3 38 38 0 1495 559 560
2935 2 3 38 38 0 121 559 1495
2936 2 3 38 38 0 562 1494 1496
2937 2 3 38 38 0 1496 1494 557
2938 2 3 38 38 0 559 122 560
2939 2 3 38 38 0 561 1496 1495
2940 2 3 38 38 0 1494 91 557
2941 2 3 38 38 0 1494 562 563
2942 2 3 38 38 0 1495 1496 558
2943 2 3 38 38 0 1495 560 561
2944 2 3 38 38 0 1495 558 121
2945 2 3 38 38 0 1496 557 558
2946 2 3 38 38 0 563 564 1493
2947 2 3 38 38 0 1496 561 562
2948 2 3 39 39 0 525 1498 1508
2949 2 3 39 39 0 1501 402 1505
2950 2 3 39 39 0 1499 1504 1510
2951 2 3 39 39 0 1501 1505 1512
2952 2 3 39 39 0 1504 1499 1513
2953 2 3 39 39 0 1507 1509 1510
2954 2 3 39 39 0 1505 1497 1512
2955 2 3 39 39 0 401 335 1505
2956 2 3 39 39 0 568 111 1514
2957 2 3 39 39 0 402 401 1505
2958 2 3 39 39 0 401 55 335
2959 2 3 39 39 0 1502 1503 1504
2960 2 3 39 39 0 1511 1502 1512
2961 2 3 39 39 0 1497 1511 1512
2962 2 3 39 39 0 1502 566 1503
2963 2 3 39 39 0 335 334 1505
2964 2 3 39 39 0 334 1497 1505
2965 2 3 39 39 0 567 1500 1503
2966 2 3 39 39 0 567 568 1500
2967 2 3 39 39 0 1504 1501 1512
2968 2 3 39 39 0 188 2 1506
2969 2 3 39 39 0 1504 1503 1510
2970 2 3 39 39 0 1509 1499 1510
2971 2 3 39 39 0 1500 568 1508
2972 2 3 39 39 0 565 566 1502
2973 2 3 39 39 0 566 567 1503
2974 2 3 39 39 0 74 404 1499
2975 2 3 39 39 0 2 445 1506
2976 2 3 39 39 0 1502 1504 1512
2977 2 3 39 39 0 403 402 1501
2978 2 3 39 39 0 1501 1504 1513
2979 2 3 39 39 0 1500 1507 1510
2980 2 3 39 39 0 565 1502 1511
2981 2 3 39 39 0 334 333 1497
2982 2 3 39 39 0 53 565 1511
2983 2 3 39 39 0 525 1508 1514
2984 2 3 39 39 0 445 74 1509
2985 2 3 39 39 0 403 1501 1513
2986 2 3 39 39 0 1503 1500 1510
2987 2 3 39 39 0 1498 188 1506
2988 2 3 39 39 0 74 1499 1509
2989 2 3 39 39 0 1498 1507 1508
2990 2 3 39 39 0 1499 404 1513
2991 2 3 39 39 0 1507 1500 1508
2992 2 3 39 39 0 333 53 1511
2993 2 3 39 39 0 1508 568 1514
2994 2 3 39 39 0 3 188 1498
2995 2 3 39 39 0 404 403 1513
2996 2 3 39 39 0 1498 1506 1507
2997 2 3 39 39 0 1507 1506 1509
2998 2 3 39 39 0 1497 333 1511
2999 2 3 39 39 0 1506 445 1509
3000 2 3 39 39 0 111 525 1514
3001 2 3 39 39 0 525 3 1498
3002 2 3 40 40 0 516 298 44
3003 2 3 40 40 0 298 516 1515
3004 2 3 40 40 0 1515 515 1516
3005 2 3 40 40 0 518 1516 109
3006 2 3 40 40 0 1516 515 109
3007 2 3 40 40 0 518 1517 1516
3008 2 3 40 40 0 1516 1517 1515
3009 2 3 40 40 0 300 1518 1519
3010 2 3 40 40 0 1519 1518 517
3011 2 3 40 40 0 517 106 1519
3012 2 3 40 40 0 1519 42 300
3013 2 3 40 40 0 105 42 1519
3014 2 3 40 40 0 299 298 1515
3015 2 3 40 40 0 1515 516 515
3016 2 3 40 40 0 518 517 1517
3017 2 3 40 40 0 299 1515 1517
3018 2 3 40 40 0 106 105 1519
3019 2 3 40 40 0 1518 1517 517
3020 2 3 40 40 0 1518 300 299
3021 2 3 40 40 0 299 1517 1518
3022 2 3 41 41 0 1520 1521 1522
3023 2 3 41 41 0 1521 581 1522
3024 2 3 41 41 0 1523 1524 125
3025 2 3 41 41 0 586 1523 125
3026 2 3 41 41 0 1524 585 125
3027 2 3 41 41 0 1525 1526 1527
3028 2 3 41 41 0 1528 1525 1527
3029 2 3 41 41 0 1529 1528 1527
3030 2 3 41 41 0 1525 1530 1531
3031 2 3 41 41 0 1530 1525 1528
3032 2 3 41 41 0 579 1525 1531
3033 2 3 41 41 0 574 1532 1533
3034 2 3 41 41 0 1532 574 573
3035 2 3 41 41 0 1534 1535 583
3036 2 3 41 41 0 582 583 1535
3037 2 3 41 41 0 1521 1520 1536
3038 2 3 41 41 0 1536 1537 1521
3039 2 3 41 41 0 1521 1537 200
3040 2 3 41 41 0 1526 10 203
3041 2 3 41 41 0 1526 1525 578
3042 2 3 41 41 0 578 10 1526
3043 2 3 41 41 0 1538 1530 1539
3044 2 3 41 41 0 1530 1528 1539
3045 2 3 41 41 0 124 577 586
3046 2 3 41 41 0 1540 1541 1542
3047 2 3 41 41 0 1541 572 1542
3048 2 3 41 41 0 1539 1528 1543
3049 2 3 41 41 0 1530 1538 1531
3050 2 3 41 41 0 1538 1539 570
3051 2 3 41 41 0 575 1533 1544
3052 2 3 41 41 0 1533 575 574
3053 2 3 41 41 0 1520 1545 1536
3054 2 3 41 41 0 1546 1534 584
3055 2 3 41 41 0 583 584 1534
3056 2 3 41 41 0 1547 1548 1537
3057 2 3 41 41 0 1547 1529 1548
3058 2 3 41 41 0 1536 1547 1537
3059 2 3 41 41 0 1543 1547 1549
3060 2 3 41 41 0 1547 1543 1529
3061 2 3 41 41 0 1540 1532 1541
3062 2 3 41 41 0 580 1531 1550
3063 2 3 41 41 0 580 579 1531
3064 2 3 41 41 0 1545 1551 1532
3065 2 3 41 41 0 1540 1545 1532
3066 2 3 41 41 0 573 1541 1532
3067 2 3 41 41 0 1525 579 578
3068 2 3 41 41 0 1537 1548 201
3069 2 3 41 41 0 1552 1544 1553
3070 2 3 41 41 0 576 1544 1552
3071 2 3 41 41 0 577 576 1552
3072 2 3 41 41 0 1544 576 575
3073 2 3 41 41 0 1524 1552 1553
3074 2 3 41 41 0 1552 1524 1523
3075 2 3 41 41 0 577 1552 1523
3076 2 3 41 41 0 1535 1551 1520
3077 2 3 41 41 0 1520 1551 1545
3078 2 3 41 41 0 1524 1546 585
3079 2 3 41 41 0 584 585 1546
3080 2 3 41 41 0 1524 1553 1546
3081 2 3 41 41 0 1522 1535 1520
3082 2 3 41 41 0 1535 1522 582
3083 2 3 41 41 0 1526 203 1527
3084 2 3 41 41 0 1527 203 202
3085 2 3 41 41 0 1538 1550 1531
3086 2 3 41 41 0 1534 1554 1535
3087 2 3 41 41 0 1551 1554 1533
3088 2 3 41 41 0 1535 1554 1551
3089 2 3 41 41 0 1546 1553 1534
3090 2 3 41 41 0 1554 1553 1544
3091 2 3 41 41 0 1534 1553 1554
3092 2 3 41 41 0 1532 1551 1533
3093 2 3 41 41 0 1549 1540 1542
3094 2 3 41 41 0 1549 1536 1540
3095 2 3 41 41 0 1536 1549 1547
3096 2 3 41 41 0 1533 1554 1544
3097 2 3 41 41 0 1539 1543 1549
3098 2 3 41 41 0 1542 1539 1549
3099 2 3 41 41 0 1542 571 1539
3100 2 3 41 41 0 569 123 1550
3101 2 3 41 41 0 1550 123 580
3102 2 3 41 41 0 1536 1545 1540
3103 2 3 41 41 0 1541 573 572
3104 2 3 41 41 0 202 1529 1527
3105 2 3 41 41 0 570 569 1538
3106 2 3 41 41 0 571 570 1539
3107 2 3 41 41 0 581 582 1522
3108 2 3 41 41 0 202 1548 1529
3109 2 3 41 41 0 1543 1528 1529
3110 2 3 41 41 0 572 571 1542
3111 2 3 41 41 0 1537 201 200
3112 2 3 41 41 0 1548 202 201
3113 2 3 41 41 0 1523 586 577
3114 2 3 41 41 0 1521 11 581
3115 2 3 41 41 0 200 11 1521
3116 2 3 41 41 0 1550 1538 569
3117 2 3 42 42 0 1555 23 589
3118 2 3 42 42 0 1556 239 1555
3119 2 3 42 42 0 239 23 1555
3120 2 3 42 42 0 1557 1558 1559
3121 2 3 42 42 0 589 13 590
3122 2 3 42 42 0 1557 241 1558
3123 2 3 42 42 0 593 126 587
3124 2 3 42 42 0 241 240 1558
3125 2 3 42 42 0 1559 1558 1560
3126 2 3 42 42 0 1561 591 1560
3127 2 3 42 42 0 1561 1560 1558
3128 2 3 42 42 0 1558 240 1556
3129 2 3 42 42 0 1561 1556 1555
3130 2 3 42 42 0 1561 1558 1556
3131 2 3 42 42 0 1562 1557 1559
3132 2 3 42 42 0 593 587 1562
3133 2 3 42 42 0 588 1557 1562
3134 2 3 42 42 0 1562 587 588
3135 2 3 42 42 0 1560 592 1559
3136 2 3 42 42 0 588 20 1557
3137 2 3 42 42 0 591 592 1560
3138 2 3 42 42 0 1557 20 241
3139 2 3 42 42 0 1561 590 591
3140 2 3 42 42 0 592 593 1562
3141 2 3 42 42 0 1562 1559 592
3142 2 3 42 42 0 1555 589 590
3143 2 3 42 42 0 240 239 1556
3144 2 3 42 42 0 590 1561 1555
3145 2 3 43 43 0 599 1563 1567
3146 2 3 43 43 0 129 599 1567
3147 2 3 43 43 0 1574 1570 1576
3148 2 3 43 43 0 1577 1564 1583
3149 2 3 43 43 0 1571 1577 1583
3150 2 3 43 43 0 1567 1563 1568
3151 2 3 43 43 0 1570 1574 1579
3152 2 3 43 43 0 1572 1565 1576
3153 2 3 43 43 0 1572 1576 1581
3154 2 3 43 43 0 598 129 1567
3155 2 3 43 43 0 1565 1574 1576
3156 2 3 43 43 0 1568 1563 1569
3157 2 3 43 43 0 1567 1568 1571
3158 2 3 43 43 0 1565 605 1574
3159 2 3 43 43 0 1567 1571 1580
3160 2 3 43 43 0 602 1572 1573
3161 2 3 43 43 0 606 1566 1574
3162 2 3 43 43 0 606 607 1566
3163 2 3 43 43 0 604 605 1565
3164 2 3 43 43 0 131 602 1573
3165 2 3 43 43 0 605 606 1574
3166 2 3 43 43 0 595 596 1564
3167 2 3 43 43 0 1574 1566 1579
3168 2 3 43 43 0 1578 1564 1579
3169 2 3 43 43 0 1568 1569 1570
3170 2 3 43 43 0 599 600 1563
3171 2 3 43 43 0 602 603 1572
3172 2 3 43 43 0 1571 1568 1577
3173 2 3 43 43 0 601 131 1573
3174 2 3 43 43 0 127 594 1584
3175 2 3 43 43 0 607 127 1584
3176 2 3 43 43 0 1573 1572 1581
3177 2 3 43 43 0 1569 1563 1575
3178 2 3 43 43 0 598 1567 1580
3179 2 3 43 43 0 1565 1572 1582
3180 2 3 43 43 0 1563 600 1575
3181 2 3 43 43 0 128 598 1580
3182 2 3 43 43 0 600 601 1575
3183 2 3 43 43 0 594 595 1578
3184 2 3 43 43 0 1564 596 1583
3185 2 3 43 43 0 601 1573 1575
3186 2 3 43 43 0 1564 1577 1579
3187 2 3 43 43 0 130 604 1582
3188 2 3 43 43 0 1570 1569 1576
3189 2 3 43 43 0 603 130 1582
3190 2 3 43 43 0 1568 1570 1577
3191 2 3 43 43 0 595 1564 1578
3192 2 3 43 43 0 604 1565 1582
3193 2 3 43 43 0 597 128 1580
3194 2 3 43 43 0 1566 1578 1579
3195 2 3 43 43 0 1575 1573 1581
3196 2 3 43 43 0 1566 607 1584
3197 2 3 43 43 0 1569 1575 1581
3198 2 3 43 43 0 1572 603 1582
3199 2 3 43 43 0 1577 1570 1579
3200 2 3 43 43 0 1580 1571 1583
3201 2 3 43 43 0 596 597 1583
3202 2 3 43 43 0 597 1580 1583
3203 2 3 43 43 0 1576 1569 1581
3204 2 3 43 43 0 594 1578 1584
3205 2 3 43 43 0 1578 1566 1584
3206 2 3 44 44 0 1594 1588 1596
3207 2 3 44 44 0 616 133 1587
3208 2 3 44 44 0 1594 1596 1597
3209 2 3 44 44 0 1592 1585 1593
3210 2 3 44 44 0 616 1587 1588
3211 2 3 44 44 0 1589 1592 1593
3212 2 3 44 44 0 608 613 1602
3213 2 3 44 44 0 1594 1598 1599
3214 2 3 44 44 0 1585 1592 1594
3215 2 3 44 44 0 1594 1592 1598
3216 2 3 44 44 0 608 132 613
3217 2 3 44 44 0 1590 1586 1598
3218 2 3 44 44 0 1590 608 1602
3219 2 3 44 44 0 1589 1593 1595
3220 2 3 44 44 0 611 1589 1595
3221 2 3 44 44 0 1586 1590 1602
3222 2 3 44 44 0 1589 1591 1592
3223 2 3 44 44 0 1588 1587 1596
3224 2 3 44 44 0 1596 1587 1600
3225 2 3 44 44 0 52 326 1585
3226 2 3 44 44 0 1589 610 1591
3227 2 3 44 44 0 324 51 612
3228 2 3 44 44 0 612 611 1595
3229 2 3 44 44 0 324 612 1595
3230 2 3 44 44 0 505 1596 1600
3231 2 3 44 44 0 609 1590 1591
3232 2 3 44 44 0 611 610 1589
3233 2 3 44 44 0 609 608 1590
3234 2 3 44 44 0 325 324 1595
3235 2 3 44 44 0 610 609 1591
3236 2 3 44 44 0 614 615 1586
3237 2 3 44 44 0 505 504 1596
3238 2 3 44 44 0 104 505 1600
3239 2 3 44 44 0 1593 325 1595
3240 2 3 44 44 0 326 325 1593
3241 2 3 44 44 0 1585 326 1593
3242 2 3 44 44 0 1591 1590 1598
3243 2 3 44 44 0 52 1585 1597
3244 2 3 44 44 0 1585 1594 1597
3245 2 3 44 44 0 504 52 1597
3246 2 3 44 44 0 1588 1594 1599
3247 2 3 44 44 0 614 1586 1602
3248 2 3 44 44 0 1596 504 1597
3249 2 3 44 44 0 1586 615 1601
3250 2 3 44 44 0 1592 1591 1598
3251 2 3 44 44 0 1598 1586 1599
3252 2 3 44 44 0 133 617 1587
3253 2 3 44 44 0 1599 1586 1601
3254 2 3 44 44 0 616 1588 1601
3255 2 3 44 44 0 615 616 1601
3256 2 3 44 44 0 617 104 1600
3257 2 3 44 44 0 613 614 1602
3258 2 3 44 44 0 1587 617 1600
3259 2 3 44 44 0 1588 1599 1601
3260 2 3 45 45 0 620 134 621
3261 2 3 45 45 0 1603 618 1604
3262 2 3 45 45 0 118 618 1603
3263 2 3 45 45 0 1604 619 1605
3264 2 3 45 45 0 553 118 1603
3265 2 3 45 45 0 619 620 1605
3266 2 3 45 45 0 618 619 1604
3267 2 3 45 45 0 620 621 1605
3268 2 3 45 45 0 623 624 1603
3269 2 3 45 45 0 623 1603 1604
3270 2 3 45 45 0 621 135 1605
3271 2 3 45 45 0 135 622 1605
3272 2 3 45 45 0 625 119 554
3273 2 3 45 45 0 622 1604 1605
3274 2 3 45 45 0 622 623 1604
3275 2 3 45 45 0 1603 624 1606
3276 2 3 45 45 0 553 1603 1606
3277 2 3 45 45 0 624 625 1606
3278 2 3 45 45 0 554 553 1606
3279 2 3 45 45 0 625 554 1606
3280 2 3 46 46 0 1607 1608 1609
3281 2 3 46 46 0 482 1607 1610
3282 2 3 46 46 0 1608 1607 482
3283 2 3 46 46 0 1611 1612 1613
3284 2 3 46 46 0 1614 1613 1612
3285 2 3 46 46 0 1611 352 1612
3286 2 3 46 46 0 1611 1613 1615
3287 2 3 46 46 0 1616 405 1610
3288 2 3 46 46 0 1609 631 632
3289 2 3 46 46 0 1609 1608 631
3290 2 3 46 46 0 1617 9 629
3291 2 3 46 46 0 1611 1615 1618
3292 2 3 46 46 0 628 9 1617
3293 2 3 46 46 0 1610 405 77
3294 2 3 46 46 0 1617 1619 1615
3295 2 3 46 46 0 1620 1613 1614
3296 2 3 46 46 0 1621 1615 1619
3297 2 3 46 46 0 1612 352 351
3298 2 3 46 46 0 626 1614 61
3299 2 3 46 46 0 1614 351 61
3300 2 3 46 46 0 1617 629 1619
3301 2 3 46 46 0 1611 1618 353
3302 2 3 46 46 0 353 352 1611
3303 2 3 46 46 0 1622 1616 1619
3304 2 3 46 46 0 1619 1616 1623
3305 2 3 46 46 0 630 1622 1619
3306 2 3 46 46 0 1624 1618 1625
3307 2 3 46 46 0 1625 1618 1621
3308 2 3 46 46 0 1614 627 1620
3309 2 3 46 46 0 1614 1612 351
3310 2 3 46 46 0 1610 77 482
3311 2 3 46 46 0 1607 1616 1610
3312 2 3 46 46 0 1613 1620 1617
3313 2 3 46 46 0 1617 1620 628
3314 2 3 46 46 0 1615 1613 1617
3315 2 3 46 46 0 1619 1623 1621
3316 2 3 46 46 0 1620 627 628
3317 2 3 46 46 0 1624 60 353
3318 2 3 46 46 0 632 60 1624
3319 2 3 46 46 0 1619 629 630
3320 2 3 46 46 0 1618 1624 353
3321 2 3 46 46 0 1618 1615 1621
3322 2 3 46 46 0 632 1625 1609
3323 2 3 46 46 0 1623 1607 1609
3324 2 3 46 46 0 1609 1625 1623
3325 2 3 46 46 0 632 1624 1625
3326 2 3 46 46 0 1621 1623 1625
3327 2 3 46 46 0 1616 1607 1623
3328 2 3 46 46 0 1616 1622 405
3329 2 3 46 46 0 1608 95 631
3330 2 3 46 46 0 1614 626 627
3331 2 3 46 46 0 482 95 1608
3332 2 3 46 46 0 1622 78 405
3333 2 3 46 46 0 630 78 1622
3334 2 3 47 47 0 1626 638 1627
3335 2 3 47 47 0 1626 637 638
3336 2 3 47 47 0 1628 1627 639
3337 2 3 47 47 0 1627 638 639
3338 2 3 47 47 0 83 636 642
3339 2 3 47 47 0 636 1629 642
3340 2 3 47 47 0 137 1628 138
3341 2 3 47 47 0 633 136 637
3342 2 3 47 47 0 1628 137 640
3343 2 3 47 47 0 83 82 636
3344 2 3 47 47 0 1627 1628 1630
3345 2 3 47 47 0 1630 1626 1627
3346 2 3 47 47 0 635 1629 636
3347 2 3 47 47 0 1628 639 138
3348 2 3 47 47 0 640 641 1630
3349 2 3 47 47 0 1630 1631 1626
3350 2 3 47 47 0 633 637 1626
3351 2 3 47 47 0 1631 1630 641
3352 2 3 47 47 0 640 1630 1628
3353 2 3 47 47 0 1631 635 634
3354 2 3 47 47 0 635 1631 1629
3355 2 3 47 47 0 1626 634 633
3356 2 3 47 47 0 641 642 1629
3357 2 3 47 47 0 1629 1631 641
3358 2 3 47 47 0 1626 1631 634
3359 2 3 48 48 0 643 1632 1633
3360 2 3 48 48 0 1632 197 1633
3361 2 3 48 48 0 1632 644 1634
3362 2 3 48 48 0 644 76 1634
3363 2 3 48 48 0 9 198 629
3364 2 3 48 48 0 1634 76 406
3365 2 3 48 48 0 1635 629 198
3366 2 3 48 48 0 1634 1636 1635
3367 2 3 48 48 0 643 1633 127
3368 2 3 48 48 0 1633 8 127
3369 2 3 48 48 0 1634 1635 1632
3370 2 3 48 48 0 1632 643 644
3371 2 3 48 48 0 1632 1635 197
3372 2 3 48 48 0 1636 1634 406
3373 2 3 48 48 0 1636 78 630
3374 2 3 48 48 0 406 78 1636
3375 2 3 48 48 0 1635 198 197
3376 2 3 48 48 0 1636 630 1635
3377 2 3 48 48 0 630 629 1635
3378 2 3 48 48 0 197 8 1633
3379 2 3 49 49 0 1647 1645 1654
3380 2 3 49 49 0 1647 1654 1657
3381 2 3 49 49 0 126 16 1642
3382 2 3 49 49 0 1639 1650 1652
3383 2 3 49 49 0 16 224 1642
3384 2 3 49 49 0 1648 1651 1653
3385 2 3 49 49 0 1650 1639 1654
3386 2 3 49 49 0 1648 1653 1661
3387 2 3 49 49 0 1644 1638 1661
3388 2 3 49 49 0 1650 1646 1653
3389 2 3 49 49 0 1646 1650 1654
3390 2 3 49 49 0 224 15 1641
3391 2 3 49 49 0 1638 1644 1655
3392 2 3 49 49 0 140 21 1656
3393 2 3 49 49 0 1650 1649 1652
3394 2 3 49 49 0 1642 1641 1643
3395 2 3 49 49 0 224 1641 1642
3396 2 3 49 49 0 1641 15 1655
3397 2 3 49 49 0 317 47 1648
3398 2 3 49 49 0 318 317 1638
3399 2 3 49 49 0 1638 317 1648
3400 2 3 49 49 0 1640 1649 1650
3401 2 3 49 49 0 1643 1641 1644
3402 2 3 49 49 0 1640 647 1649
3403 2 3 49 49 0 646 647 1640
3404 2 3 49 49 0 231 230 1639
3405 2 3 49 49 0 647 648 1649
3406 2 3 49 49 0 1643 1644 1645
3407 2 3 49 49 0 1646 1644 1661
3408 2 3 49 49 0 126 1642 1660
3409 2 3 49 49 0 1645 1644 1646
3410 2 3 49 49 0 645 646 1651
3411 2 3 49 49 0 588 587 1637
3412 2 3 49 49 0 229 1647 1657
3413 2 3 49 49 0 1640 1650 1653
3414 2 3 49 49 0 21 231 1652
3415 2 3 49 49 0 646 1640 1651
3416 2 3 49 49 0 1637 1647 1659
3417 2 3 49 49 0 1647 229 1659
3418 2 3 49 49 0 229 20 1659
3419 2 3 49 49 0 1638 1648 1661
3420 2 3 49 49 0 231 1639 1652
3421 2 3 49 49 0 1647 1637 1662
3422 2 3 49 49 0 15 318 1655
3423 2 3 49 49 0 230 229 1657
3424 2 3 49 49 0 648 140 1656
3425 2 3 49 49 0 1651 1640 1653
3426 2 3 49 49 0 1645 1647 1662
3427 2 3 49 49 0 587 126 1660
3428 2 3 49 49 0 1643 1637 1660
3429 2 3 49 49 0 1642 1643 1660
3430 2 3 49 49 0 1645 1646 1654
3431 2 3 49 49 0 588 1637 1659
3432 2 3 49 49 0 139 645 1658
3433 2 3 49 49 0 47 139 1658
3434 2 3 49 49 0 1644 1641 1655
3435 2 3 49 49 0 1654 1639 1657
3436 2 3 49 49 0 318 1638 1655
3437 2 3 49 49 0 1637 1643 1662
3438 2 3 49 49 0 645 1651 1658
3439 2 3 49 49 0 1649 648 1656
3440 2 3 49 49 0 21 1652 1656
3441 2 3 49 49 0 1639 230 1657
3442 2 3 49 49 0 1651 1648 1658
3443 2 3 49 49 0 1648 47 1658
3444 2 3 49 49 0 1643 1645 1662
3445 2 3 49 49 0 20 588 1659
3446 2 3 49 49 0 1652 1649 1656
3447 2 3 49 49 0 1637 587 1660
3448 2 3 49 49 0 1653 1646 1661
3449 2 3 50 50 0 1663 1664 1665
3450 2 3 50 50 0 1664 652 1665
3451 2 3 50 50 0 649 1666 500
3452 2 3 50 50 0 1666 501 500
3453 2 3 50 50 0 1666 1667 501
3454 2 3 50 50 0 650 1667 1666
3455 2 3 50 50 0 502 501 1667
3456 2 3 50 50 0 500 102 649
3457 2 3 50 50 0 653 50 1668
3458 2 3 50 50 0 1668 50 320
3459 2 3 50 50 0 1667 1664 1663
3460 2 3 50 50 0 651 1664 1667
3461 2 3 50 50 0 1663 503 502
3462 2 3 50 50 0 503 1668 48
3463 2 3 50 50 0 1664 141 652
3464 2 3 50 50 0 651 141 1664
3465 2 3 50 50 0 48 1668 320
3466 2 3 50 50 0 1666 649 650
3467 2 3 50 50 0 652 653 1665
3468 2 3 50 50 0 503 1663 1665
3469 2 3 50 50 0 503 1665 1668
3470 2 3 50 50 0 1668 1665 653
3471 2 3 50 50 0 1667 650 651
3472 2 3 50 50 0 1667 1663 502
3473 2 3 51 51 0 661 1670 1672
3474 2 3 51 51 0 1670 1669 1672
3475 2 3 51 51 0 654 655 1670
3476 2 3 51 51 0 662 654 1670
3477 2 3 51 51 0 654 662 143
3478 2 3 51 51 0 144 661 1672
3479 2 3 51 51 0 661 662 1670
3480 2 3 51 51 0 145 659 658
3481 2 3 51 51 0 1670 655 1673
3482 2 3 51 51 0 1669 1670 1673
3483 2 3 51 51 0 657 658 1671
3484 2 3 51 51 0 1669 657 1671
3485 2 3 51 51 0 656 657 1669
3486 2 3 51 51 0 659 660 1671
3487 2 3 51 51 0 658 659 1671
3488 2 3 51 51 0 1669 1671 1672
3489 2 3 51 51 0 1671 660 1672
3490 2 3 51 51 0 660 144 1672
3491 2 3 51 51 0 656 1669 1673
3492 2 3 51 51 0 142 656 1673
3493 2 3 51 51 0 655 142 1673
3494 2 3 52 52 0 1674 1675 1676
3495 2 3 52 52 0 1676 1677 1678
3496 2 3 52 52 0 1674 673 1675
3497 2 3 52 52 0 1679 675 1680
3498 2 3 52 52 0 1681 1682 1683
3499 2 3 52 52 0 1681 342 1682
3500 2 3 52 52 0 1684 1685 1675
3501 2 3 52 52 0 1679 1686 1684
3502 2 3 52 52 0 1684 1687 1685
3503 2 3 52 52 0 1688 1687 1683
3504 2 3 52 52 0 1689 1690 1691
3505 2 3 52 52 0 1689 1687 1690
3506 2 3 52 52 0 1692 1693 1694
3507 2 3 52 52 0 1695 672 1674
3508 2 3 52 52 0 1678 1692 1695
3509 2 3 52 52 0 1693 1692 1678
3510 2 3 52 52 0 1691 1696 1689
3511 2 3 52 52 0 1685 1676 1675
3512 2 3 52 52 0 1677 1689 1696
3513 2 3 52 52 0 1691 664 1696
3514 2 3 52 52 0 1697 1692 1694
3515 2 3 52 52 0 1691 1690 1698
3516 2 3 52 52 0 1692 1697 1699
3517 2 3 52 52 0 1699 1700 1692
3518 2 3 52 52 0 1701 57 343
3519 2 3 52 52 0 1696 1693 1677
3520 2 3 52 52 0 1693 1678 1677
3521 2 3 52 52 0 1679 1701 1686
3522 2 3 52 52 0 1679 1680 1701
3523 2 3 52 52 0 1687 1686 1683
3524 2 3 52 52 0 1687 1684 1686
3525 2 3 52 52 0 1683 1682 1688
3526 2 3 52 52 0 676 57 1701
3527 2 3 52 52 0 671 1695 1702
3528 2 3 52 52 0 676 1701 1680
3529 2 3 52 52 0 1702 147 671
3530 2 3 52 52 0 1699 1697 1703
3531 2 3 52 52 0 1697 666 1703
3532 2 3 52 52 0 1702 670 147
3533 2 3 52 52 0 1692 1702 1695
3534 2 3 52 52 0 1700 670 1702
3535 2 3 52 52 0 668 1703 139
3536 2 3 52 52 0 1703 667 139
3537 2 3 52 52 0 669 670 1700
3538 2 3 52 52 0 1679 1684 674
3539 2 3 52 52 0 674 675 1679
3540 2 3 52 52 0 1704 1688 1682
3541 2 3 52 52 0 1676 1695 1674
3542 2 3 52 52 0 671 672 1695
3543 2 3 52 52 0 1700 1702 1692
3544 2 3 52 52 0 1680 146 676
3545 2 3 52 52 0 1695 1676 1678
3546 2 3 52 52 0 1696 1694 1693
3547 2 3 52 52 0 1696 665 1694
3548 2 3 52 52 0 92 1698 1704
3549 2 3 52 52 0 92 1704 476
3550 2 3 52 52 0 663 1698 92
3551 2 3 52 52 0 1682 56 1704
3552 2 3 52 52 0 476 1704 56
3553 2 3 52 52 0 342 56 1682
3554 2 3 52 52 0 1689 1677 1685
3555 2 3 52 52 0 1689 1685 1687
3556 2 3 52 52 0 1700 1699 669
3557 2 3 52 52 0 675 146 1680
3558 2 3 52 52 0 1701 343 1681
3559 2 3 52 52 0 1681 1683 1701
3560 2 3 52 52 0 1681 343 342
3561 2 3 52 52 0 1699 668 669
3562 2 3 52 52 0 1684 1675 674
3563 2 3 52 52 0 665 666 1694
3564 2 3 52 52 0 1686 1701 1683
3565 2 3 52 52 0 1675 673 674
3566 2 3 52 52 0 663 1691 1698
3567 2 3 52 52 0 666 667 1703
3568 2 3 52 52 0 668 1699 1703
3569 2 3 52 52 0 1690 1688 1704
3570 2 3 52 52 0 1704 1698 1690
3571 2 3 52 52 0 1674 672 673
3572 2 3 52 52 0 1676 1685 1677
3573 2 3 52 52 0 664 665 1696
3574 2 3 52 52 0 1687 1688 1690
3575 2 3 52 52 0 1697 1694 666
3576 2 3 52 52 0 663 664 1691
3577 2 3 53 53 0 1705 1706 1707
3578 2 3 53 53 0 1707 1708 624
3579 2 3 53 53 0 1709 1710 683
3580 2 3 53 53 0 1707 1706 1711
3581 2 3 53 53 0 1712 1710 1709
3582 2 3 53 53 0 1713 625 1708
3583 2 3 53 53 0 1714 120 555
3584 2 3 53 53 0 684 120 1714
3585 2 3 53 53 0 1715 1710 1716
3586 2 3 53 53 0 1712 1716 1710
3587 2 3 53 53 0 682 1710 1715
3588 2 3 53 53 0 1717 679 1718
3589 2 3 53 53 0 1717 148 679
3590 2 3 53 53 0 555 119 1713
3591 2 3 53 53 0 678 148 1717
3592 2 3 53 53 0 1708 625 624
3593 2 3 53 53 0 1716 1707 1711
3594 2 3 53 53 0 1716 1711 1715
3595 2 3 53 53 0 1719 1720 1717
3596 2 3 53 53 0 1719 622 1720
3597 2 3 53 53 0 1714 1709 684
3598 2 3 53 53 0 1709 683 684
3599 2 3 53 53 0 680 1711 1706
3600 2 3 53 53 0 681 1715 1711
3601 2 3 53 53 0 1718 680 1706
3602 2 3 53 53 0 680 681 1711
3603 2 3 53 53 0 1705 623 1719
3604 2 3 53 53 0 1717 1718 1719
3605 2 3 53 53 0 1714 1713 1712
3606 2 3 53 53 0 1705 1707 624
3607 2 3 53 53 0 682 137 1710
3608 2 3 53 53 0 1706 1705 1719
3609 2 3 53 53 0 1718 1706 1719
3610 2 3 53 53 0 1710 138 683
3611 2 3 53 53 0 137 138 1710
3612 2 3 53 53 0 1720 135 677
3613 2 3 53 53 0 622 135 1720
3614 2 3 53 53 0 623 622 1719
3615 2 3 53 53 0 1713 119 625
3616 2 3 53 53 0 624 623 1705
3617 2 3 53 53 0 1713 1708 1712
3618 2 3 53 53 0 1716 1712 1708
3619 2 3 53 53 0 1708 1707 1716
3620 2 3 53 53 0 555 1713 1714
3621 2 3 53 53 0 1709 1714 1712
3622 2 3 53 53 0 1718 679 680
3623 2 3 53 53 0 681 682 1715
3624 2 3 53 53 0 1720 677 678
3625 2 3 53 53 0 678 1717 1720
3626 2 3 54 54 0 1726 1725 1737
3627 2 3 54 54 0 4 194 1737
3628 2 3 54 54 0 1729 1728 1731
3629 2 3 54 54 0 694 150 1735
3630 2 3 54 54 0 149 685 1725
3631 2 3 54 54 0 194 1726 1737
3632 2 3 54 54 0 1729 1731 1742
3633 2 3 54 54 0 150 686 1735
3634 2 3 54 54 0 5 531 1736
3635 2 3 54 54 0 1728 1724 1731
3636 2 3 54 54 0 1726 5 1736
3637 2 3 54 54 0 1721 1733 1742
3638 2 3 54 54 0 1725 1726 1734
3639 2 3 54 54 0 528 112 1727
3640 2 3 54 54 0 1722 1732 1733
3641 2 3 54 54 0 112 690 1727
3642 2 3 54 54 0 1733 1721 1735
3643 2 3 54 54 0 194 5 1726
3644 2 3 54 54 0 1724 1727 1730
3645 2 3 54 54 0 689 149 1725
3646 2 3 54 54 0 529 1724 1728
3647 2 3 54 54 0 691 692 1730
3648 2 3 54 54 0 1723 1728 1729
3649 2 3 54 54 0 531 530 1723
3650 2 3 54 54 0 1723 530 1728
3651 2 3 54 54 0 1732 1729 1733
3652 2 3 54 54 0 1724 528 1727
3653 2 3 54 54 0 1733 1729 1742
3654 2 3 54 54 0 1725 685 1737
3655 2 3 54 54 0 1723 1729 1732
3656 2 3 54 54 0 693 694 1721
3657 2 3 54 54 0 529 528 1724
3658 2 3 54 54 0 530 529 1728
3659 2 3 54 54 0 1730 692 1740
3660 2 3 54 54 0 1721 694 1735
3661 2 3 54 54 0 687 688 1722
3662 2 3 54 54 0 1724 1730 1731
3663 2 3 54 54 0 1731 1730 1740
3664 2 3 54 54 0 688 689 1734
3665 2 3 54 54 0 531 1723 1736
3666 2 3 54 54 0 1722 688 1734
3667 2 3 54 54 0 151 691 1738
3668 2 3 54 54 0 693 1721 1740
3669 2 3 54 54 0 1740 1721 1742
3670 2 3 54 54 0 1732 1722 1741
3671 2 3 54 54 0 1730 1727 1738
3672 2 3 54 54 0 1722 1733 1739
3673 2 3 54 54 0 690 151 1738
3674 2 3 54 54 0 689 1725 1734
3675 2 3 54 54 0 1722 1734 1741
3676 2 3 54 54 0 1734 1726 1741
3677 2 3 54 54 0 1723 1732 1736
3678 2 3 54 54 0 691 1730 1738
3679 2 3 54 54 0 687 1722 1739
3680 2 3 54 54 0 1727 690 1738
3681 2 3 54 54 0 686 687 1739
3682 2 3 54 54 0 685 4 1737
3683 2 3 54 54 0 1731 1740 1742
3684 2 3 54 54 0 692 693 1740
3685 2 3 54 54 0 1735 686 1739
3686 2 3 54 54 0 1733 1735 1739
3687 2 3 54 54 0 1726 1736 1741
3688 2 3 54 54 0 1736 1732 1741
3689 2 3 55 55 0 1743 1744 1745
3690 2 3 55 55 0 695 421 81
3691 2 3 55 55 0 1744 423 1745
3692 2 3 55 55 0 1745 1746 1743
3693 2 3 55 55 0 1746 596 1743
3694 2 3 55 55 0 1747 1746 1748
3695 2 3 55 55 0 1747 597 1746
3696 2 3 55 55 0 196 594 8
3697 2 3 55 55 0 196 1749 594
3698 2 3 55 55 0 594 127 8
3699 2 3 55 55 0 1746 1745 1748
3700 2 3 55 55 0 1746 597 596
3701 2 3 55 55 0 696 128 1747
3702 2 3 55 55 0 1747 1748 696
3703 2 3 55 55 0 1747 128 597
3704 2 3 55 55 0 594 1749 595
3705 2 3 55 55 0 1750 421 695
3706 2 3 55 55 0 422 421 1750
3707 2 3 55 55 0 422 1748 1745
3708 2 3 55 55 0 1745 423 422
3709 2 3 55 55 0 1750 1748 422
3710 2 3 55 55 0 596 595 1743
3711 2 3 55 55 0 1750 695 696
3712 2 3 55 55 0 696 1748 1750
3713 2 3 55 55 0 6 1744 1749
3714 2 3 55 55 0 1749 1744 595
3715 2 3 55 55 0 1749 196 6
3716 2 3 55 55 0 1744 6 423
3717 2 3 55 55 0 1744 1743 595
3718 2 3 56 56 0 1751 1752 1753
3719 2 3 56 56 0 1754 698 1755
3720 2 3 56 56 0 1751 699 1752
3721 2 3 56 56 0 1756 1757 1758
3722 2 3 56 56 0 1756 1759 1757
3723 2 3 56 56 0 1760 1757 1759
3724 2 3 56 56 0 1757 533 1758
3725 2 3 56 56 0 1761 129 598
3726 2 3 56 56 0 1761 1752 700
3727 2 3 56 56 0 700 129 1761
3728 2 3 56 56 0 1762 1763 1764
3729 2 3 56 56 0 1751 1765 1755
3730 2 3 56 56 0 1763 1762 1766
3731 2 3 56 56 0 537 1767 1768
3732 2 3 56 56 0 1769 1767 1770
3733 2 3 56 56 0 1767 536 1770
3734 2 3 56 56 0 1771 1772 1753
3735 2 3 56 56 0 1772 1773 1753
3736 2 3 56 56 0 1771 1774 1775
3737 2 3 56 56 0 1774 128 1775
3738 2 3 56 56 0 1762 1776 1768
3739 2 3 56 56 0 1768 1767 1766
3740 2 3 56 56 0 1766 1762 1768
3741 2 3 56 56 0 524 523 1776
3742 2 3 56 56 0 524 1776 1777
3743 2 3 56 56 0 1777 81 524
3744 2 3 56 56 0 695 81 1777
3745 2 3 56 56 0 1778 1765 1773
3746 2 3 56 56 0 1765 1754 1755
3747 2 3 56 56 0 1752 699 700
3748 2 3 56 56 0 1778 1760 1765
3749 2 3 56 56 0 1754 1765 1759
3750 2 3 56 56 0 1760 1759 1765
3751 2 3 56 56 0 523 1768 1776
3752 2 3 56 56 0 699 1751 1755
3753 2 3 56 56 0 492 1758 101
3754 2 3 56 56 0 1758 113 101
3755 2 3 56 56 0 1755 698 699
3756 2 3 56 56 0 1759 1756 1754
3757 2 3 56 56 0 99 697 1756
3758 2 3 56 56 0 1756 697 1754
3759 2 3 56 56 0 1778 535 1760
3760 2 3 56 56 0 535 534 1760
3761 2 3 56 56 0 1763 1775 1764
3762 2 3 56 56 0 1764 1775 696
3763 2 3 56 56 0 1757 1760 534
3764 2 3 56 56 0 1764 695 1777
3765 2 3 56 56 0 696 695 1764
3766 2 3 56 56 0 492 1756 1758
3767 2 3 56 56 0 534 533 1757
3768 2 3 56 56 0 1756 492 99
3769 2 3 56 56 0 1763 1771 1775
3770 2 3 56 56 0 128 696 1775
3771 2 3 56 56 0 1761 598 1774
3772 2 3 56 56 0 1774 1771 1761
3773 2 3 56 56 0 1774 598 128
3774 2 3 56 56 0 1776 1762 1777
3775 2 3 56 56 0 1773 1765 1751
3776 2 3 56 56 0 1751 1753 1773
3777 2 3 56 56 0 1767 537 536
3778 2 3 56 56 0 1761 1753 1752
3779 2 3 56 56 0 1772 1769 1773
3780 2 3 56 56 0 1772 1771 1763
3781 2 3 56 56 0 1763 1769 1772
3782 2 3 56 56 0 1767 1769 1766
3783 2 3 56 56 0 1754 697 698
3784 2 3 56 56 0 1778 1770 535
3785 2 3 56 56 0 1761 1771 1753
3786 2 3 56 56 0 1773 1770 1778
3787 2 3 56 56 0 1773 1769 1770
3788 2 3 56 56 0 536 535 1770
3789 2 3 56 56 0 1763 1766 1769
3790 2 3 56 56 0 1768 110 537
3791 2 3 56 56 0 1764 1777 1762
3792 2 3 56 56 0 523 110 1768
3793 2 3 56 56 0 533 113 1758
3794 2 3 57 57 0 1779 1780 1781
3795 2 3 57 57 0 1780 703 1781
3796 2 3 57 57 0 1782 440 1783
3797 2 3 57 57 0 439 1784 1783
3798 2 3 57 57 0 440 439 1783
3799 2 3 57 57 0 1785 1786 1787
3800 2 3 57 57 0 1785 310 1786
3801 2 3 57 57 0 1785 311 310
3802 2 3 57 57 0 1788 1789 1790
3803 2 3 57 57 0 1788 1790 1791
3804 2 3 57 57 0 1790 1792 1791
3805 2 3 57 57 0 1788 705 1789
3806 2 3 57 57 0 1793 1794 1795
3807 2 3 57 57 0 1793 1796 1794
3808 2 3 57 57 0 1797 1798 1799
3809 2 3 57 57 0 1796 1793 1790
3810 2 3 57 57 0 1800 1801 1802
3811 2 3 57 57 0 1802 1781 1800
3812 2 3 57 57 0 1791 1802 1801
3813 2 3 57 57 0 1797 1803 1798
3814 2 3 57 57 0 1797 708 1803
3815 2 3 57 57 0 1804 1797 1799
3816 2 3 57 57 0 1800 1781 1805
3817 2 3 57 57 0 1781 702 1805
3818 2 3 57 57 0 1804 707 1797
3819 2 3 57 57 0 701 85 1782
3820 2 3 57 57 0 1782 85 440
3821 2 3 57 57 0 1806 1807 1808
3822 2 3 57 57 0 1793 1795 1785
3823 2 3 57 57 0 1795 311 1785
3824 2 3 57 57 0 1792 1793 1785
3825 2 3 57 57 0 1792 1790 1793
3826 2 3 57 57 0 1798 1807 1806
3827 2 3 57 57 0 1798 1806 1799
3828 2 3 57 57 0 1799 1794 1796
3829 2 3 57 57 0 1787 1792 1785
3830 2 3 57 57 0 1804 1799 1796
3831 2 3 57 57 0 1809 315 1808
3832 2 3 57 57 0 1810 1811 1809
3833 2 3 57 57 0 1808 315 314
3834 2 3 57 57 0 1781 703 702
3835 2 3 57 57 0 1789 1796 1790
3836 2 3 57 57 0 1794 1806 1812
3837 2 3 57 57 0 1794 1799 1806
3838 2 3 57 57 0 1794 1812 1795
3839 2 3 57 57 0 1802 1779 1781
3840 2 3 57 57 0 1812 312 1795
3841 2 3 57 57 0 1800 1783 1801
3842 2 3 57 57 0 1789 1804 1796
3843 2 3 57 57 0 1811 1813 1814
3844 2 3 57 57 0 1813 316 1814
3845 2 3 57 57 0 706 1804 1789
3846 2 3 57 57 0 1779 309 1780
3847 2 3 57 57 0 1813 1811 668
3848 2 3 57 57 0 669 668 1811
3849 2 3 57 57 0 1803 1810 1798
3850 2 3 57 57 0 1798 1810 1807
3851 2 3 57 57 0 1810 1809 1807
3852 2 3 57 57 0 1810 1803 670
3853 2 3 57 57 0 1806 1815 1812
3854 2 3 57 57 0 47 1813 139
3855 2 3 57 57 0 1813 668 139
3856 2 3 57 57 0 1809 1814 315
3857 2 3 57 57 0 1807 1809 1808
3858 2 3 57 57 0 1811 1814 1809
3859 2 3 57 57 0 1815 313 1812
3860 2 3 57 57 0 1806 1808 1815
3861 2 3 57 57 0 314 1815 1808
3862 2 3 57 57 0 1784 86 704
3863 2 3 57 57 0 439 86 1784
3864 2 3 57 57 0 1810 669 1811
3865 2 3 57 57 0 670 669 1810
3866 2 3 57 57 0 1786 309 1779
3867 2 3 57 57 0 1779 1787 1786
3868 2 3 57 57 0 310 309 1786
3869 2 3 57 57 0 1801 1816 1791
3870 2 3 57 57 0 1783 1816 1801
3871 2 3 57 57 0 1804 706 707
3872 2 3 57 57 0 1795 312 311
3873 2 3 57 57 0 1800 1782 1783
3874 2 3 57 57 0 1784 1816 1783
3875 2 3 57 57 0 704 1816 1784
3876 2 3 57 57 0 1789 705 706
3877 2 3 57 57 0 1797 707 708
3878 2 3 57 57 0 1813 47 316
3879 2 3 57 57 0 1791 1792 1787
3880 2 3 57 57 0 1802 1787 1779
3881 2 3 57 57 0 1814 316 315
3882 2 3 57 57 0 1791 1787 1802
3883 2 3 57 57 0 1812 313 312
3884 2 3 57 57 0 704 1788 1816
3885 2 3 57 57 0 1816 1788 1791
3886 2 3 57 57 0 1788 704 705
3887 2 3 57 57 0 309 14 1780
3888 2 3 57 57 0 1815 314 313
3889 2 3 57 57 0 1805 701 1782
3890 2 3 57 57 0 1782 1800 1805
3891 2 3 57 57 0 1803 147 670
3892 2 3 57 57 0 702 701 1805
3893 2 3 57 57 0 708 147 1803
3894 2 3 57 57 0 1780 14 703
3895 2 3 58 58 0 1817 1818 1819
3896 2 3 58 58 0 1819 714 1817
3897 2 3 58 58 0 1817 478 1818
3898 2 3 58 58 0 1817 479 478
3899 2 3 58 58 0 1820 1821 1819
3900 2 3 58 58 0 1819 713 714
3901 2 3 58 58 0 477 93 709
3902 2 3 58 58 0 1819 1821 713
3903 2 3 58 58 0 477 709 1820
3904 2 3 58 58 0 1820 1819 1818
3905 2 3 58 58 0 712 1821 711
3906 2 3 58 58 0 711 54 712
3907 2 3 58 58 0 1820 709 710
3908 2 3 58 58 0 711 1821 710
3909 2 3 58 58 0 710 1821 1820
3910 2 3 58 58 0 477 1820 1818
3911 2 3 58 58 0 478 477 1818
3912 2 3 58 58 0 1822 94 479
3913 2 3 58 58 0 479 1817 1822
3914 2 3 58 58 0 1822 1817 715
3915 2 3 58 58 0 1821 712 713
3916 2 3 58 58 0 714 715 1817
3917 2 3 58 58 0 715 152 1822
3918 2 3 58 58 0 1822 152 94
3919 2 3 59 59 0 1823 1824 50
3920 2 3 59 59 0 321 50 1824
3921 2 3 59 59 0 719 718 154
3922 2 3 59 59 0 1825 1826 1827
3923 2 3 59 59 0 1828 1829 1825
3924 2 3 59 59 0 716 49 323
3925 2 3 59 59 0 1825 1830 1828
3926 2 3 59 59 0 1827 1830 1825
3927 2 3 59 59 0 1831 1830 1832
3928 2 3 59 59 0 1830 1827 717
3929 2 3 59 59 0 1830 717 1832
3930 2 3 59 59 0 1833 321 1824
3931 2 3 59 59 0 322 321 1833
3932 2 3 59 59 0 1834 1835 1833
3933 2 3 59 59 0 1836 1834 1833
3934 2 3 59 59 0 719 720 1831
3935 2 3 59 59 0 1834 1836 723
3936 2 3 59 59 0 1823 1837 1824
3937 2 3 59 59 0 716 1835 1834
3938 2 3 59 59 0 716 323 1835
3939 2 3 59 59 0 719 1831 1832
3940 2 3 59 59 0 1835 322 1833
3941 2 3 59 59 0 1825 1837 1823
3942 2 3 59 59 0 1837 722 1836
3943 2 3 59 59 0 1829 1837 1825
3944 2 3 59 59 0 1825 1823 1826
3945 2 3 59 59 0 1826 1823 653
3946 2 3 59 59 0 1831 1828 1830
3947 2 3 59 59 0 323 322 1835
3948 2 3 59 59 0 720 1828 1831
3949 2 3 59 59 0 1824 1836 1833
3950 2 3 59 59 0 1824 1837 1836
3951 2 3 59 59 0 723 153 1834
3952 2 3 59 59 0 1834 153 716
3953 2 3 59 59 0 1827 141 717
3954 2 3 59 59 0 652 141 1827
3955 2 3 59 59 0 1837 1829 722
3956 2 3 59 59 0 1829 721 722
3957 2 3 59 59 0 722 723 1836
3958 2 3 59 59 0 1829 1828 721
3959 2 3 59 59 0 1827 1826 652
3960 2 3 59 59 0 1823 50 653
3961 2 3 59 59 0 1828 720 721
3962 2 3 59 59 0 653 652 1826
3963 2 3 59 59 0 1832 718 719
3964 2 3 59 59 0 717 718 1832
3965 2 3 60 60 0 724 153 723
3966 2 3 60 60 0 720 1838 1839
3967 2 3 60 60 0 467 89 1840
3968 2 3 60 60 0 720 719 1838
3969 2 3 60 60 0 1841 1840 729
3970 2 3 60 60 0 1840 89 729
3971 2 3 60 60 0 1842 1840 1838
3972 2 3 60 60 0 1840 1843 1838
3973 2 3 60 60 0 1841 1844 1845
3974 2 3 60 60 0 1846 1843 1841
3975 2 3 60 60 0 1838 1843 1839
3976 2 3 60 60 0 1844 1841 730
3977 2 3 60 60 0 1841 729 730
3978 2 3 60 60 0 1847 1848 1839
3979 2 3 60 60 0 1848 721 1839
3980 2 3 60 60 0 721 720 1839
3981 2 3 60 60 0 1844 1849 1845
3982 2 3 60 60 0 1850 1846 1845
3983 2 3 60 60 0 1846 1841 1845
3984 2 3 60 60 0 1850 1851 1852
3985 2 3 60 60 0 1851 727 1852
3986 2 3 60 60 0 1853 1854 1855
3987 2 3 60 60 0 1853 725 1854
3988 2 3 60 60 0 1838 719 1842
3989 2 3 60 60 0 719 154 1842
3990 2 3 60 60 0 1856 39 728
3991 2 3 60 60 0 1856 1857 288
3992 2 3 60 60 0 288 39 1856
3993 2 3 60 60 0 1857 40 288
3994 2 3 60 60 0 1854 724 723
3995 2 3 60 60 0 725 724 1854
3996 2 3 60 60 0 1843 1840 1841
3997 2 3 60 60 0 1839 1843 1847
3998 2 3 60 60 0 1854 722 1855
3999 2 3 60 60 0 1849 1856 1851
4000 2 3 60 60 0 1856 728 1851
4001 2 3 60 60 0 1847 1843 1846
4002 2 3 60 60 0 1855 722 1848
4003 2 3 60 60 0 1848 722 721
4004 2 3 60 60 0 1855 1858 1853
4005 2 3 60 60 0 1844 40 1857
4006 2 3 60 60 0 730 40 1844
4007 2 3 60 60 0 726 725 1853
4008 2 3 60 60 0 1856 1849 1857
4009 2 3 60 60 0 1854 723 722
4010 2 3 60 60 0 1858 1847 1846
4011 2 3 60 60 0 1858 1852 1853
4012 2 3 60 60 0 1853 1852 726
4013 2 3 60 60 0 1842 90 467
4014 2 3 60 60 0 154 90 1842
4015 2 3 60 60 0 1842 467 1840
4016 2 3 60 60 0 1858 1850 1852
4017 2 3 60 60 0 727 726 1852
4018 2 3 60 60 0 1846 1850 1858
4019 2 3 60 60 0 1849 1850 1845
4020 2 3 60 60 0 1848 1847 1858
4021 2 3 60 60 0 1858 1855 1848
4022 2 3 60 60 0 1851 728 727
4023 2 3 60 60 0 1851 1850 1849
4024 2 3 60 60 0 1844 1857 1849
4025 2 3 61 61 0 1859 1860 1861
4026 2 3 61 61 0 1860 582 1861
4027 2 3 61 61 0 1862 1863 1864
4028 2 3 61 61 0 1863 1865 1866
4029 2 3 61 61 0 1866 1864 1863
4030 2 3 61 61 0 1867 1859 1868
4031 2 3 61 61 0 1869 1870 1867
4032 2 3 61 61 0 1870 1859 1867
4033 2 3 61 61 0 1859 1866 1860
4034 2 3 61 61 0 1870 1864 1859
4035 2 3 61 61 0 1864 1866 1859
4036 2 3 61 61 0 1869 1871 1872
4037 2 3 61 61 0 23 1872 1871
4038 2 3 61 61 0 1869 1867 1873
4039 2 3 61 61 0 1874 1869 1872
4040 2 3 61 61 0 1874 1870 1869
4041 2 3 61 61 0 238 1872 23
4042 2 3 61 61 0 1866 1875 1860
4043 2 3 61 61 0 1875 583 1860
4044 2 3 61 61 0 1867 1876 1873
4045 2 3 61 61 0 1871 1869 1873
4046 2 3 61 61 0 1876 212 1873
4047 2 3 61 61 0 212 211 1873
4048 2 3 61 61 0 1861 582 581
4049 2 3 61 61 0 1875 1866 1865
4050 2 3 61 61 0 1877 213 1868
4051 2 3 61 61 0 1862 1864 1874
4052 2 3 61 61 0 1878 585 1879
4053 2 3 61 61 0 1862 731 1863
4054 2 3 61 61 0 1880 1878 1879
4055 2 3 61 61 0 1879 1875 1865
4056 2 3 61 61 0 1879 584 1875
4057 2 3 61 61 0 585 1878 125
4058 2 3 61 61 0 1878 733 125
4059 2 3 61 61 0 1878 1880 155
4060 2 3 61 61 0 732 155 1880
4061 2 3 61 61 0 1861 1877 1868
4062 2 3 61 61 0 1877 1861 581
4063 2 3 61 61 0 1868 213 1876
4064 2 3 61 61 0 1876 1867 1868
4065 2 3 61 61 0 1876 213 212
4066 2 3 61 61 0 589 23 1871
4067 2 3 61 61 0 1880 1879 1865
4068 2 3 61 61 0 1865 1863 1880
4069 2 3 61 61 0 1880 1863 732
4070 2 3 61 61 0 211 13 1881
4071 2 3 61 61 0 1873 1881 1871
4072 2 3 61 61 0 211 1881 1873
4073 2 3 61 61 0 1874 1864 1870
4074 2 3 61 61 0 1868 1859 1861
4075 2 3 61 61 0 1874 1872 22
4076 2 3 61 61 0 1879 585 584
4077 2 3 61 61 0 22 731 1862
4078 2 3 61 61 0 1862 1874 22
4079 2 3 61 61 0 1860 583 582
4080 2 3 61 61 0 1875 584 583
4081 2 3 61 61 0 1877 11 213
4082 2 3 61 61 0 731 732 1863
4083 2 3 61 61 0 581 11 1877
4084 2 3 61 61 0 589 1871 1881
4085 2 3 61 61 0 238 22 1872
4086 2 3 61 61 0 155 733 1878
4087 2 3 61 61 0 1881 13 589
4088 2 3 62 62 0 1882 1883 1884
4089 2 3 62 62 0 1882 483 1883
4090 2 3 62 62 0 1885 1886 1887
4091 2 3 62 62 0 1886 710 1887
4092 2 3 62 62 0 1888 1885 1887
4093 2 3 62 62 0 1888 566 1885
4094 2 3 62 62 0 1889 1890 1882
4095 2 3 62 62 0 1890 484 1882
4096 2 3 62 62 0 1887 1891 1888
4097 2 3 62 62 0 1887 709 1891
4098 2 3 62 62 0 1890 1891 484
4099 2 3 62 62 0 1890 1889 1888
4100 2 3 62 62 0 1888 1891 1890
4101 2 3 62 62 0 1882 1884 1889
4102 2 3 62 62 0 1884 568 1889
4103 2 3 62 62 0 567 566 1888
4104 2 3 62 62 0 1892 54 711
4105 2 3 62 62 0 332 54 1892
4106 2 3 62 62 0 1883 96 526
4107 2 3 62 62 0 567 1888 1889
4108 2 3 62 62 0 1889 568 567
4109 2 3 62 62 0 526 1884 1883
4110 2 3 62 62 0 1887 710 709
4111 2 3 62 62 0 483 96 1883
4112 2 3 62 62 0 1884 111 568
4113 2 3 62 62 0 526 111 1884
4114 2 3 62 62 0 484 483 1882
4115 2 3 62 62 0 53 1892 565
4116 2 3 62 62 0 332 1892 53
4117 2 3 62 62 0 1892 1886 565
4118 2 3 62 62 0 711 1886 1892
4119 2 3 62 62 0 1886 1885 565
4120 2 3 62 62 0 566 565 1885
4121 2 3 62 62 0 1886 711 710
4122 2 3 62 62 0 709 93 1891
4123 2 3 62 62 0 1891 93 484
4124 2 3 63 63 0 1893 1894 734
4125 2 3 63 63 0 1894 130 734
4126 2 3 63 63 0 1895 1896 1897
4127 2 3 63 63 0 1895 643 1896
4128 2 3 63 63 0 1898 1899 1900
4129 2 3 63 63 0 1900 1899 1901
4130 2 3 63 63 0 1894 604 130
4131 2 3 63 63 0 1899 1898 1897
4132 2 3 63 63 0 606 1899 1897
4133 2 3 63 63 0 1902 1895 1898
4134 2 3 63 63 0 1898 1895 1897
4135 2 3 63 63 0 409 1903 1904
4136 2 3 63 63 0 1903 1898 1900
4137 2 3 63 63 0 1904 1903 1900
4138 2 3 63 63 0 1903 409 408
4139 2 3 63 63 0 1905 1906 1907
4140 2 3 63 63 0 1908 1909 1910
4141 2 3 63 63 0 1908 1905 1909
4142 2 3 63 63 0 1901 1911 1910
4143 2 3 63 63 0 1906 1905 1912
4144 2 3 63 63 0 1906 410 1907
4145 2 3 63 63 0 1911 1901 605
4146 2 3 63 63 0 1901 1899 605
4147 2 3 63 63 0 1899 606 605
4148 2 3 63 63 0 643 1895 644
4149 2 3 63 63 0 1897 607 606
4150 2 3 63 63 0 527 1912 112
4151 2 3 63 63 0 1906 1912 527
4152 2 3 63 63 0 112 1912 690
4153 2 3 63 63 0 408 1902 1903
4154 2 3 63 63 0 1903 1902 1898
4155 2 3 63 63 0 1902 408 407
4156 2 3 63 63 0 1896 607 1897
4157 2 3 63 63 0 1902 76 644
4158 2 3 63 63 0 644 1895 1902
4159 2 3 63 63 0 407 76 1902
4160 2 3 63 63 0 1893 1908 1894
4161 2 3 63 63 0 151 690 1893
4162 2 3 63 63 0 690 1908 1893
4163 2 3 63 63 0 1911 604 1894
4164 2 3 63 63 0 1894 1910 1911
4165 2 3 63 63 0 605 604 1911
4166 2 3 63 63 0 1893 734 151
4167 2 3 63 63 0 1905 1908 1912
4168 2 3 63 63 0 1906 79 410
4169 2 3 63 63 0 1912 1908 690
4170 2 3 63 63 0 1908 1910 1894
4171 2 3 63 63 0 1907 410 409
4172 2 3 63 63 0 1907 1904 1905
4173 2 3 63 63 0 409 1904 1907
4174 2 3 63 63 0 1901 1910 1900
4175 2 3 63 63 0 1896 127 607
4176 2 3 63 63 0 1905 1904 1909
4177 2 3 63 63 0 643 127 1896
4178 2 3 63 63 0 1900 1910 1909
4179 2 3 63 63 0 1909 1904 1900
4180 2 3 63 63 0 527 79 1906
4181 2 3 64 64 0 1913 1914 736
4182 2 3 64 64 0 735 736 1914
4183 2 3 64 64 0 1915 65 737
4184 2 3 64 64 0 1915 361 65
4185 2 3 64 64 0 737 1916 1915
4186 2 3 64 64 0 738 1916 737
4187 2 3 64 64 0 1917 1918 1919
4188 2 3 64 64 0 1918 1920 1919
4189 2 3 64 64 0 1913 1921 1918
4190 2 3 64 64 0 1922 1917 1919
4191 2 3 64 64 0 1918 1921 1920
4192 2 3 64 64 0 1922 1919 1923
4193 2 3 64 64 0 1919 363 1923
4194 2 3 64 64 0 1919 364 363
4195 2 3 64 64 0 1924 1925 1926
4196 2 3 64 64 0 1925 1927 1928
4197 2 3 64 64 0 1926 1925 122
4198 2 3 64 64 0 1929 741 1925
4199 2 3 64 64 0 1930 1914 1931
4200 2 3 64 64 0 1923 1932 1922
4201 2 3 64 64 0 1932 1924 1922
4202 2 3 64 64 0 1931 1922 1924
4203 2 3 64 64 0 1931 1926 1930
4204 2 3 64 64 0 1930 1926 559
4205 2 3 64 64 0 1933 1929 1928
4206 2 3 64 64 0 1933 740 1929
4207 2 3 64 64 0 1914 1917 1931
4208 2 3 64 64 0 1914 1930 735
4209 2 3 64 64 0 1931 1924 1926
4210 2 3 64 64 0 391 390 1934
4211 2 3 64 64 0 1920 364 1919
4212 2 3 64 64 0 1920 365 364
4213 2 3 64 64 0 1913 72 391
4214 2 3 64 64 0 391 1921 1913
4215 2 3 64 64 0 736 72 1913
4216 2 3 64 64 0 366 365 1935
4217 2 3 64 64 0 1913 1918 1914
4218 2 3 64 64 0 1921 391 1934
4219 2 3 64 64 0 366 1934 62
4220 2 3 64 64 0 1934 390 62
4221 2 3 64 64 0 1936 361 1915
4222 2 3 64 64 0 362 361 1936
4223 2 3 64 64 0 1929 740 741
4224 2 3 64 64 0 559 121 1930
4225 2 3 64 64 0 1932 1923 362
4226 2 3 64 64 0 1916 1933 1928
4227 2 3 64 64 0 1933 738 739
4228 2 3 64 64 0 1933 1916 738
4229 2 3 64 64 0 1921 1934 1935
4230 2 3 64 64 0 1927 1916 1928
4231 2 3 64 64 0 366 1935 1934
4232 2 3 64 64 0 1933 156 740
4233 2 3 64 64 0 739 156 1933
4234 2 3 64 64 0 1925 1928 1929
4235 2 3 64 64 0 365 1920 1935
4236 2 3 64 64 0 1924 1927 1925
4237 2 3 64 64 0 1935 1920 1921
4238 2 3 64 64 0 741 122 1925
4239 2 3 64 64 0 363 362 1923
4240 2 3 64 64 0 1931 1917 1922
4241 2 3 64 64 0 1932 1927 1924
4242 2 3 64 64 0 1926 122 559
4243 2 3 64 64 0 1927 1932 1936
4244 2 3 64 64 0 1936 1915 1927
4245 2 3 64 64 0 1936 1932 362
4246 2 3 64 64 0 1927 1915 1916
4247 2 3 64 64 0 1914 1918 1917
4248 2 3 64 64 0 1930 121 735
4249 2 3 65 65 0 1937 1938 1939
4250 2 3 65 65 0 1938 748 1940
4251 2 3 65 65 0 1941 747 1937
4252 2 3 65 65 0 747 1938 1937
4253 2 3 65 65 0 746 1942 156
4254 2 3 65 65 0 1942 745 156
4255 2 3 65 65 0 140 1943 1944
4256 2 3 65 65 0 744 1943 140
4257 2 3 65 65 0 140 1944 21
4258 2 3 65 65 0 1945 1939 1940
4259 2 3 65 65 0 1939 1938 1940
4260 2 3 65 65 0 157 1940 748
4261 2 3 65 65 0 742 1940 157
4262 2 3 65 65 0 743 19 235
4263 2 3 65 65 0 1946 1945 1940
4264 2 3 65 65 0 1938 747 748
4265 2 3 65 65 0 234 1945 1946
4266 2 3 65 65 0 1946 235 234
4267 2 3 65 65 0 743 235 1946
4268 2 3 65 65 0 1947 1944 1937
4269 2 3 65 65 0 232 1944 1947
4270 2 3 65 65 0 1943 1942 1941
4271 2 3 65 65 0 744 1942 1943
4272 2 3 65 65 0 1945 234 233
4273 2 3 65 65 0 1945 1947 1939
4274 2 3 65 65 0 233 1947 1945
4275 2 3 65 65 0 232 21 1944
4276 2 3 65 65 0 1943 1941 1937
4277 2 3 65 65 0 1937 1944 1943
4278 2 3 65 65 0 1947 233 232
4279 2 3 65 65 0 746 1941 1942
4280 2 3 65 65 0 744 745 1942
4281 2 3 65 65 0 1941 746 747
4282 2 3 65 65 0 1946 1940 742
4283 2 3 65 65 0 1947 1937 1939
4284 2 3 65 65 0 742 743 1946
4285 2 3 66 66 0 1954 1952 1972
4286 2 3 66 66 0 753 675 1956
4287 2 3 66 66 0 706 1955 1973
4288 2 3 66 66 0 1952 1954 1964
4289 2 3 66 66 0 675 674 1956
4290 2 3 66 66 0 1956 674 1963
4291 2 3 66 66 0 707 706 1973
4292 2 3 66 66 0 1967 708 1973
4293 2 3 66 66 0 1951 1957 1961
4294 2 3 66 66 0 1949 1956 1963
4295 2 3 66 66 0 708 707 1973
4296 2 3 66 66 0 752 753 1956
4297 2 3 66 66 0 1955 706 1971
4298 2 3 66 66 0 1951 1955 1971
4299 2 3 66 66 0 671 147 1967
4300 2 3 66 66 0 754 158 1958
4301 2 3 66 66 0 437 436 1957
4302 2 3 66 66 0 158 749 1958
4303 2 3 66 66 0 84 1966 1976
4304 2 3 66 66 0 1955 1951 1965
4305 2 3 66 66 0 436 84 1976
4306 2 3 66 66 0 147 708 1967
4307 2 3 66 66 0 753 146 675
4308 2 3 66 66 0 437 1957 1970
4309 2 3 66 66 0 1957 1950 1961
4310 2 3 66 66 0 1951 1961 1965
4311 2 3 66 66 0 1957 1951 1970
4312 2 3 66 66 0 1950 1957 1976
4313 2 3 66 66 0 1956 1949 1975
4314 2 3 66 66 0 752 1956 1975
4315 2 3 66 66 0 754 1958 1966
4316 2 3 66 66 0 705 704 1959
4317 2 3 66 66 0 1958 1950 1966
4318 2 3 66 66 0 1965 1948 1978
4319 2 3 66 66 0 1964 671 1967
4320 2 3 66 66 0 1959 1951 1971
4321 2 3 66 66 0 1948 1972 1978
4322 2 3 66 66 0 672 671 1964
4323 2 3 66 66 0 1949 1960 1975
4324 2 3 66 66 0 1958 749 1968
4325 2 3 66 66 0 1962 1954 1972
4326 2 3 66 66 0 1963 1980 1983
4327 2 3 66 66 0 1952 1967 1973
4328 2 3 66 66 0 674 673 1963
4329 2 3 66 66 0 1957 436 1976
4330 2 3 66 66 0 1960 751 1975
4331 2 3 66 66 0 1961 1948 1965
4332 2 3 66 66 0 1980 1954 1983
4333 2 3 66 66 0 751 1960 1979
4334 2 3 66 66 0 1950 1958 1977
4335 2 3 66 66 0 751 752 1975
4336 2 3 66 66 0 84 754 1966
4337 2 3 66 66 0 706 705 1971
4338 2 3 66 66 0 1948 1961 1969
4339 2 3 66 66 0 705 1959 1971
4340 2 3 66 66 0 749 750 1968
4341 2 3 66 66 0 750 751 1979
4342 2 3 66 66 0 438 437 1970
4343 2 3 66 66 0 1952 1964 1967
4344 2 3 66 66 0 1951 1959 1970
4345 2 3 66 66 0 1963 673 1980
4346 2 3 66 66 0 1961 1950 1969
4347 2 3 66 66 0 86 438 1981
4348 2 3 66 66 0 1948 1962 1972
4349 2 3 66 66 0 1953 1960 1974
4350 2 3 66 66 0 1960 1949 1974
4351 2 3 66 66 0 704 86 1981
4352 2 3 66 66 0 438 1970 1981
4353 2 3 66 66 0 1970 1959 1981
4354 2 3 66 66 0 1964 1954 1980
4355 2 3 66 66 0 1952 1973 1978
4356 2 3 66 66 0 1973 1955 1978
4357 2 3 66 66 0 672 1964 1980
4358 2 3 66 66 0 1960 1953 1979
4359 2 3 66 66 0 1949 1962 1974
4360 2 3 66 66 0 1959 704 1981
4361 2 3 66 66 0 1962 1948 1982
4362 2 3 66 66 0 1962 1949 1983
4363 2 3 66 66 0 1949 1963 1983
4364 2 3 66 66 0 1954 1962 1983
4365 2 3 66 66 0 1968 1953 1977
4366 2 3 66 66 0 1955 1965 1978
4367 2 3 66 66 0 1953 1969 1977
4368 2 3 66 66 0 673 672 1980
4369 2 3 66 66 0 1966 1950 1976
4370 2 3 66 66 0 1968 750 1979
4371 2 3 66 66 0 1958 1968 1977
4372 2 3 66 66 0 1969 1950 1977
4373 2 3 66 66 0 1948 1969 1982
4374 2 3 66 66 0 1953 1968 1979
4375 2 3 66 66 0 1969 1953 1982
4376 2 3 66 66 0 1972 1952 1978
4377 2 3 66 66 0 1974 1962 1982
4378 2 3 66 66 0 1953 1974 1982
4379 2 3 67 67 0 1984 1985 766
4380 2 3 67 67 0 1985 162 766
4381 2 3 67 67 0 1986 1987 1988
4382 2 3 67 67 0 1986 756 1987
4383 2 3 67 67 0 1989 1990 769
4384 2 3 67 67 0 765 162 1985
4385 2 3 67 67 0 1991 1990 1992
4386 2 3 67 67 0 1991 768 1990
4387 2 3 67 67 0 1993 1994 1995
4388 2 3 67 67 0 1994 1996 1995
4389 2 3 67 67 0 758 159 759
4390 2 3 67 67 0 1997 1994 1993
4391 2 3 67 67 0 1997 1998 1994
4392 2 3 67 67 0 1990 768 769
4393 2 3 67 67 0 1999 2000 763
4394 2 3 67 67 0 2000 762 763
4395 2 3 67 67 0 766 767 1984
4396 2 3 67 67 0 2001 1985 1984
4397 2 3 67 67 0 1993 2000 1997
4398 2 3 67 67 0 1984 2002 2001
4399 2 3 67 67 0 1984 1991 2002
4400 2 3 67 67 0 767 1991 1984
4401 2 3 67 67 0 1996 757 2003
4402 2 3 67 67 0 160 1989 769
4403 2 3 67 67 0 160 755 1989
4404 2 3 67 67 0 1990 1989 1986
4405 2 3 67 67 0 1986 1992 1990
4406 2 3 67 67 0 2004 765 1985
4407 2 3 67 67 0 1994 1988 1996
4408 2 3 67 67 0 1998 1988 1994
4409 2 3 67 67 0 764 765 2004
4410 2 3 67 67 0 1999 764 2004
4411 2 3 67 67 0 1999 161 764
4412 2 3 67 67 0 763 161 1999
4413 2 3 67 67 0 1996 2003 1995
4414 2 3 67 67 0 2003 760 1995
4415 2 3 67 67 0 2003 759 760
4416 2 3 67 67 0 758 759 2003
4417 2 3 67 67 0 1995 760 761
4418 2 3 67 67 0 2004 2000 1999
4419 2 3 67 67 0 2000 2004 2001
4420 2 3 67 67 0 1986 755 756
4421 2 3 67 67 0 1997 2000 2001
4422 2 3 67 67 0 2002 1997 2001
4423 2 3 67 67 0 1986 1988 1992
4424 2 3 67 67 0 1992 1988 1998
4425 2 3 67 67 0 1987 757 1996
4426 2 3 67 67 0 1996 1988 1987
4427 2 3 67 67 0 756 757 1987
4428 2 3 67 67 0 1997 2002 1998
4429 2 3 67 67 0 762 2000 1993
4430 2 3 67 67 0 1998 2002 1992
4431 2 3 67 67 0 761 762 1993
4432 2 3 67 67 0 757 758 2003
4433 2 3 67 67 0 761 1993 1995
4434 2 3 67 67 0 1991 767 768
4435 2 3 67 67 0 1991 1992 2002
4436 2 3 67 67 0 755 1986 1989
4437 2 3 67 67 0 2004 1985 2001
4438 2 3 68 68 0 2006 775 2010
4439 2 3 68 68 0 2006 2010 2011
4440 2 3 68 68 0 773 774 2013
4441 2 3 68 68 0 2009 2021 2028
4442 2 3 68 68 0 691 151 2028
4443 2 3 68 68 0 2021 2009 2025
4444 2 3 68 68 0 775 163 2010
4445 2 3 68 68 0 2021 2018 2029
4446 2 3 68 68 0 693 2008 2027
4447 2 3 68 68 0 2008 2021 2029
4448 2 3 68 68 0 774 2006 2013
4449 2 3 68 68 0 2017 2015 2029
4450 2 3 68 68 0 2013 2014 2020
4451 2 3 68 68 0 2008 2019 2027
4452 2 3 68 68 0 150 694 2022
4453 2 3 68 68 0 2013 2020 2023
4454 2 3 68 68 0 2007 602 2016
4455 2 3 68 68 0 2011 2022 2027
4456 2 3 68 68 0 2011 2010 2022
4457 2 3 68 68 0 773 2013 2023
4458 2 3 68 68 0 2018 2017 2029
4459 2 3 68 68 0 2007 2016 2017
4460 2 3 68 68 0 130 603 2030
4461 2 3 68 68 0 2014 2005 2020
4462 2 3 68 68 0 2017 2016 2026
4463 2 3 68 68 0 602 131 2016
4464 2 3 68 68 0 2024 2017 2026
4465 2 3 68 68 0 2006 2012 2013
4466 2 3 68 68 0 693 692 2008
4467 2 3 68 68 0 2021 691 2028
4468 2 3 68 68 0 2013 2012 2014
4469 2 3 68 68 0 2015 2017 2024
4470 2 3 68 68 0 2008 692 2021
4471 2 3 68 68 0 2018 2021 2025
4472 2 3 68 68 0 603 602 2007
4473 2 3 68 68 0 131 770 2016
4474 2 3 68 68 0 2007 2017 2018
4475 2 3 68 68 0 2006 2011 2012
4476 2 3 68 68 0 770 165 2026
4477 2 3 68 68 0 2005 2014 2024
4478 2 3 68 68 0 2014 2012 2015
4479 2 3 68 68 0 165 771 2005
4480 2 3 68 68 0 603 2025 2030
4481 2 3 68 68 0 2022 694 2027
4482 2 3 68 68 0 165 2005 2026
4483 2 3 68 68 0 774 775 2006
4484 2 3 68 68 0 603 2007 2025
4485 2 3 68 68 0 2012 2011 2019
4486 2 3 68 68 0 771 772 2020
4487 2 3 68 68 0 2015 2012 2019
4488 2 3 68 68 0 2005 771 2020
4489 2 3 68 68 0 164 773 2023
4490 2 3 68 68 0 692 691 2021
4491 2 3 68 68 0 772 164 2023
4492 2 3 68 68 0 163 776 2010
4493 2 3 68 68 0 694 693 2027
4494 2 3 68 68 0 2014 2015 2024
4495 2 3 68 68 0 2015 2019 2029
4496 2 3 68 68 0 776 150 2022
4497 2 3 68 68 0 2020 772 2023
4498 2 3 68 68 0 734 130 2009
4499 2 3 68 68 0 2005 2024 2026
4500 2 3 68 68 0 2016 770 2026
4501 2 3 68 68 0 2007 2018 2025
4502 2 3 68 68 0 2019 2008 2029
4503 2 3 68 68 0 151 734 2028
4504 2 3 68 68 0 2019 2011 2027
4505 2 3 68 68 0 2010 776 2022
4506 2 3 68 68 0 734 2009 2028
4507 2 3 68 68 0 2025 2009 2030
4508 2 3 68 68 0 2009 130 2030
4509 2 3 69 69 0 167 777 2037
4510 2 3 69 69 0 2032 2045 2047
4511 2 3 69 69 0 786 167 2037
4512 2 3 69 69 0 2045 2036 2047
4513 2 3 69 69 0 2035 2037 2040
4514 2 3 69 69 0 784 2034 2036
4515 2 3 69 69 0 783 784 2036
4516 2 3 69 69 0 783 2036 2045
4517 2 3 69 69 0 2034 785 2035
4518 2 3 69 69 0 784 785 2034
4519 2 3 69 69 0 785 786 2035
4520 2 3 69 69 0 2035 786 2037
4521 2 3 69 69 0 774 773 2039
4522 2 3 69 69 0 163 775 2038
4523 2 3 69 69 0 780 163 2038
4524 2 3 69 69 0 779 780 2033
4525 2 3 69 69 0 778 779 2040
4526 2 3 69 69 0 2034 2041 2042
4527 2 3 69 69 0 775 774 2031
4528 2 3 69 69 0 2031 774 2039
4529 2 3 69 69 0 779 2033 2040
4530 2 3 69 69 0 2033 780 2038
4531 2 3 69 69 0 2036 2034 2042
4532 2 3 69 69 0 775 2031 2038
4533 2 3 69 69 0 168 783 2045
4534 2 3 69 69 0 2041 2034 2046
4535 2 3 69 69 0 2035 2040 2046
4536 2 3 69 69 0 2037 777 2043
4537 2 3 69 69 0 2040 2037 2043
4538 2 3 69 69 0 781 782 2032
4539 2 3 69 69 0 778 2040 2043
4540 2 3 69 69 0 2033 2038 2041
4541 2 3 69 69 0 2034 2035 2046
4542 2 3 69 69 0 2038 2031 2041
4543 2 3 69 69 0 773 164 2044
4544 2 3 69 69 0 2039 2044 2047
4545 2 3 69 69 0 2031 2039 2042
4546 2 3 69 69 0 2044 2032 2047
4547 2 3 69 69 0 164 781 2044
4548 2 3 69 69 0 2039 773 2044
4549 2 3 69 69 0 166 778 2043
4550 2 3 69 69 0 2040 2033 2046
4551 2 3 69 69 0 2041 2031 2042
4552 2 3 69 69 0 777 166 2043
4553 2 3 69 69 0 2032 782 2045
4554 2 3 69 69 0 2042 2039 2047
4555 2 3 69 69 0 782 168 2045
4556 2 3 69 69 0 781 2032 2044
4557 2 3 69 69 0 2033 2041 2046
4558 2 3 69 69 0 2036 2042 2047
4559 2 3 70 70 0 787 791 2057
4560 2 3 70 70 0 787 169 791
4561 2 3 70 70 0 142 655 2051
4562 2 3 70 70 0 655 2048 2051
4563 2 3 70 70 0 2059 2050 2061
4564 2 3 70 70 0 2048 654 2053
4565 2 3 70 70 0 2053 2059 2061
4566 2 3 70 70 0 654 143 2053
4567 2 3 70 70 0 2051 2048 2052
4568 2 3 70 70 0 2055 2056 2058
4569 2 3 70 70 0 792 142 2051
4570 2 3 70 70 0 2049 2054 2058
4571 2 3 70 70 0 2055 2058 2060
4572 2 3 70 70 0 2051 2054 2063
4573 2 3 70 70 0 143 793 2053
4574 2 3 70 70 0 2054 2052 2058
4575 2 3 70 70 0 2054 2049 2057
4576 2 3 70 70 0 2050 2060 2061
4577 2 3 70 70 0 2050 795 2055
4578 2 3 70 70 0 794 795 2050
4579 2 3 70 70 0 792 2051 2063
4580 2 3 70 70 0 2051 2052 2054
4581 2 3 70 70 0 795 796 2055
4582 2 3 70 70 0 789 788 2049
4583 2 3 70 70 0 789 2049 2056
4584 2 3 70 70 0 790 789 2056
4585 2 3 70 70 0 2049 788 2057
4586 2 3 70 70 0 788 787 2057
4587 2 3 70 70 0 171 794 2059
4588 2 3 70 70 0 655 654 2048
4589 2 3 70 70 0 793 171 2059
4590 2 3 70 70 0 2057 791 2063
4591 2 3 70 70 0 2048 2053 2061
4592 2 3 70 70 0 2056 2049 2058
4593 2 3 70 70 0 2050 2055 2060
4594 2 3 70 70 0 796 170 2062
4595 2 3 70 70 0 2052 2048 2061
4596 2 3 70 70 0 794 2050 2059
4597 2 3 70 70 0 170 790 2062
4598 2 3 70 70 0 2056 2055 2062
4599 2 3 70 70 0 2053 793 2059
4600 2 3 70 70 0 2055 796 2062
4601 2 3 70 70 0 2058 2052 2060
4602 2 3 70 70 0 791 792 2063
4603 2 3 70 70 0 790 2056 2062
4604 2 3 70 70 0 2054 2057 2063
4605 2 3 70 70 0 2060 2052 2061
4606 2 3 71 71 0 2064 2065 2066
4607 2 3 71 71 0 2067 800 2066
4608 2 3 71 71 0 2064 2066 770
4609 2 3 71 71 0 2068 97 797
4610 2 3 71 71 0 489 97 2068
4611 2 3 71 71 0 2069 2070 2071
4612 2 3 71 71 0 2071 2072 2069
4613 2 3 71 71 0 2069 2072 798
4614 2 3 71 71 0 2073 2074 2065
4615 2 3 71 71 0 2073 2075 2074
4616 2 3 71 71 0 600 2075 2073
4617 2 3 71 71 0 2076 699 2077
4618 2 3 71 71 0 2067 2066 2065
4619 2 3 71 71 0 2065 2064 2073
4620 2 3 71 71 0 2078 2079 2075
4621 2 3 71 71 0 2075 2079 2074
4622 2 3 71 71 0 2079 2070 2074
4623 2 3 71 71 0 2071 2077 2080
4624 2 3 71 71 0 2071 2081 2068
4625 2 3 71 71 0 2080 2081 2071
4626 2 3 71 71 0 2067 2082 799
4627 2 3 71 71 0 799 800 2067
4628 2 3 71 71 0 699 2080 2077
4629 2 3 71 71 0 2078 700 2079
4630 2 3 71 71 0 699 698 2080
4631 2 3 71 71 0 2083 490 2084
4632 2 3 71 71 0 2071 2068 2072
4633 2 3 71 71 0 2085 698 697
4634 2 3 71 71 0 2068 797 2072
4635 2 3 71 71 0 2076 2077 2070
4636 2 3 71 71 0 2071 2070 2077
4637 2 3 71 71 0 491 2083 99
4638 2 3 71 71 0 2083 697 99
4639 2 3 71 71 0 2067 2065 2082
4640 2 3 71 71 0 2082 2065 2074
4641 2 3 71 71 0 2064 601 2073
4642 2 3 71 71 0 2075 599 2078
4643 2 3 71 71 0 2085 2083 2084
4644 2 3 71 71 0 2083 2085 697
4645 2 3 71 71 0 2081 2086 2068
4646 2 3 71 71 0 2068 2086 489
4647 2 3 71 71 0 2084 2080 2085
4648 2 3 71 71 0 2080 2084 2081
4649 2 3 71 71 0 2085 2080 698
4650 2 3 71 71 0 2070 2069 2082
4651 2 3 71 71 0 700 699 2076
4652 2 3 71 71 0 2082 2074 2070
4653 2 3 71 71 0 2082 2069 799
4654 2 3 71 71 0 2079 2076 2070
4655 2 3 71 71 0 2086 490 489
4656 2 3 71 71 0 2086 2081 2084
4657 2 3 71 71 0 2084 490 2086
4658 2 3 71 71 0 700 2076 2079
4659 2 3 71 71 0 2073 601 600
4660 2 3 71 71 0 2072 797 798
4661 2 3 71 71 0 2069 798 799
4662 2 3 71 71 0 2075 600 599
4663 2 3 71 71 0 2064 131 601
4664 2 3 71 71 0 770 131 2064
4665 2 3 71 71 0 2066 165 770
4666 2 3 71 71 0 800 165 2066
4667 2 3 71 71 0 599 129 2078
4668 2 3 71 71 0 2078 129 700
4669 2 3 71 71 0 2083 491 490
4670 2 3 72 72 0 683 138 2087
4671 2 3 72 72 0 2087 2088 683
4672 2 3 72 72 0 683 2088 684
4673 2 3 72 72 0 2089 458 2090
4674 2 3 72 72 0 2090 458 457
4675 2 3 72 72 0 2091 2092 2093
4676 2 3 72 72 0 2091 454 2092
4677 2 3 72 72 0 2091 455 454
4678 2 3 72 72 0 138 639 2087
4679 2 3 72 72 0 2092 88 2094
4680 2 3 72 72 0 556 2094 88
4681 2 3 72 72 0 454 88 2092
4682 2 3 72 72 0 2095 2096 2097
4683 2 3 72 72 0 2095 2098 2096
4684 2 3 72 72 0 2099 2100 2097
4685 2 3 72 72 0 2099 2087 2100
4686 2 3 72 72 0 2095 136 2098
4687 2 3 72 72 0 136 808 2098
4688 2 3 72 72 0 136 2095 637
4689 2 3 72 72 0 2101 2102 2103
4690 2 3 72 72 0 2101 2104 2102
4691 2 3 72 72 0 2101 2105 2104
4692 2 3 72 72 0 2106 2107 2108
4693 2 3 72 72 0 2102 2109 2090
4694 2 3 72 72 0 2107 2106 2109
4695 2 3 72 72 0 2110 806 2111
4696 2 3 72 72 0 2109 2106 2090
4697 2 3 72 72 0 2110 2111 2104
4698 2 3 72 72 0 2110 2104 2105
4699 2 3 72 72 0 2109 2102 2104
4700 2 3 72 72 0 2094 120 2112
4701 2 3 72 72 0 2112 120 684
4702 2 3 72 72 0 2113 2110 2114
4703 2 3 72 72 0 2110 2105 2114
4704 2 3 72 72 0 2115 2113 2116
4705 2 3 72 72 0 2115 807 2113
4706 2 3 72 72 0 2116 2113 2114
4707 2 3 72 72 0 2101 2103 2091
4708 2 3 72 72 0 2103 455 2091
4709 2 3 72 72 0 2117 2101 2091
4710 2 3 72 72 0 2117 2105 2101
4711 2 3 72 72 0 120 2094 556
4712 2 3 72 72 0 2093 2117 2091
4713 2 3 72 72 0 2118 2112 2088
4714 2 3 72 72 0 2118 2094 2112
4715 2 3 72 72 0 2088 2099 2118
4716 2 3 72 72 0 2099 2119 2118
4717 2 3 72 72 0 2118 2120 2093
4718 2 3 72 72 0 2118 2119 2120
4719 2 3 72 72 0 2102 2121 2103
4720 2 3 72 72 0 2121 456 2103
4721 2 3 72 72 0 2111 2107 2109
4722 2 3 72 72 0 2111 2109 2104
4723 2 3 72 72 0 2111 805 2107
4724 2 3 72 72 0 2089 87 458
4725 2 3 72 72 0 801 87 2089
4726 2 3 72 72 0 2106 2122 2089
4727 2 3 72 72 0 2122 2108 803
4728 2 3 72 72 0 2095 638 637
4729 2 3 72 72 0 2102 2090 2121
4730 2 3 72 72 0 457 2121 2090
4731 2 3 72 72 0 2108 2122 2106
4732 2 3 72 72 0 801 2089 2122
4733 2 3 72 72 0 2108 2107 804
4734 2 3 72 72 0 2108 804 803
4735 2 3 72 72 0 2090 2106 2089
4736 2 3 72 72 0 684 2088 2112
4737 2 3 72 72 0 802 801 2122
4738 2 3 72 72 0 2122 172 802
4739 2 3 72 72 0 803 172 2122
4740 2 3 72 72 0 2119 2097 2096
4741 2 3 72 72 0 2098 2116 2096
4742 2 3 72 72 0 2096 2116 2119
4743 2 3 72 72 0 2103 456 455
4744 2 3 72 72 0 2119 2114 2120
4745 2 3 72 72 0 2117 2093 2120
4746 2 3 72 72 0 2120 2114 2117
4747 2 3 72 72 0 2098 808 2115
4748 2 3 72 72 0 2115 2116 2098
4749 2 3 72 72 0 2115 808 807
4750 2 3 72 72 0 807 806 2113
4751 2 3 72 72 0 2094 2093 2092
4752 2 3 72 72 0 2116 2114 2119
4753 2 3 72 72 0 638 2097 2100
4754 2 3 72 72 0 2087 639 2100
4755 2 3 72 72 0 2100 639 638
4756 2 3 72 72 0 2110 2113 806
4757 2 3 72 72 0 806 805 2111
4758 2 3 72 72 0 2114 2105 2117
4759 2 3 72 72 0 2121 457 456
4760 2 3 72 72 0 805 804 2107
4761 2 3 72 72 0 2118 2093 2094
4762 2 3 72 72 0 2095 2097 638
4763 2 3 72 72 0 2099 2088 2087
4764 2 3 72 72 0 2099 2097 2119
4765 2 3 73 73 0 2123 2124 2125
4766 2 3 73 73 0 2123 2126 2124
4767 2 3 73 73 0 468 90 809
4768 2 3 73 73 0 2124 2127 2128
4769 2 3 73 73 0 2124 2126 2129
4770 2 3 73 73 0 2130 471 470
4771 2 3 73 73 0 2124 2129 2127
4772 2 3 73 73 0 2130 246 471
4773 2 3 73 73 0 247 246 2130
4774 2 3 73 73 0 246 26 471
4775 2 3 73 73 0 2124 2128 2125
4776 2 3 73 73 0 2131 24 249
4777 2 3 73 73 0 469 2129 2126
4778 2 3 73 73 0 2129 2132 2127
4779 2 3 73 73 0 2130 2123 247
4780 2 3 73 73 0 2123 248 247
4781 2 3 73 73 0 2128 2131 2125
4782 2 3 73 73 0 2128 811 812
4783 2 3 73 73 0 2131 2128 812
4784 2 3 73 73 0 2131 249 2125
4785 2 3 73 73 0 2126 470 469
4786 2 3 73 73 0 2123 2125 248
4787 2 3 73 73 0 812 108 2131
4788 2 3 73 73 0 811 2128 2127
4789 2 3 73 73 0 2132 810 2127
4790 2 3 73 73 0 2127 810 811
4791 2 3 73 73 0 2125 249 248
4792 2 3 73 73 0 2123 2130 2126
4793 2 3 73 73 0 2132 809 810
4794 2 3 73 73 0 469 468 2132
4795 2 3 73 73 0 468 809 2132
4796 2 3 73 73 0 470 2126 2130
4797 2 3 73 73 0 2131 108 24
4798 2 3 73 73 0 2132 2129 469
4799 2 3 74 74 0 2135 2133 2136
4800 2 3 74 74 0 815 814 2138
4801 2 3 74 74 0 816 2134 2137
4802 2 3 74 74 0 687 2136 2142
4803 2 3 74 74 0 2134 815 2138
4804 2 3 74 74 0 687 686 2136
4805 2 3 74 74 0 2133 2135 2140
4806 2 3 74 74 0 686 150 2135
4807 2 3 74 74 0 813 149 689
4808 2 3 74 74 0 778 817 2137
4809 2 3 74 74 0 817 816 2137
4810 2 3 74 74 0 2137 2134 2141
4811 2 3 74 74 0 2138 814 2139
4812 2 3 74 74 0 778 166 817
4813 2 3 74 74 0 779 778 2137
4814 2 3 74 74 0 2133 779 2137
4815 2 3 74 74 0 686 2135 2136
4816 2 3 74 74 0 2136 2133 2141
4817 2 3 74 74 0 2138 687 2142
4818 2 3 74 74 0 688 2138 2139
4819 2 3 74 74 0 688 687 2138
4820 2 3 74 74 0 816 815 2134
4821 2 3 74 74 0 689 688 2139
4822 2 3 74 74 0 780 779 2133
4823 2 3 74 74 0 2134 2138 2142
4824 2 3 74 74 0 814 813 2139
4825 2 3 74 74 0 780 2133 2140
4826 2 3 74 74 0 163 780 2140
4827 2 3 74 74 0 2133 2137 2141
4828 2 3 74 74 0 150 776 2135
4829 2 3 74 74 0 813 689 2139
4830 2 3 74 74 0 776 163 2140
4831 2 3 74 74 0 2135 776 2140
4832 2 3 74 74 0 2136 2141 2142
4833 2 3 74 74 0 2141 2134 2142
4834 2 3 75 75 0 2143 2144 2145
4835 2 3 75 75 0 2143 768 2144
4836 2 3 75 75 0 2143 769 768
4837 2 3 75 75 0 2146 2147 2148
4838 2 3 75 75 0 2147 2149 2143
4839 2 3 75 75 0 2149 2147 2146
4840 2 3 75 75 0 2150 2151 2152
4841 2 3 75 75 0 2153 162 819
4842 2 3 75 75 0 2153 2154 766
4843 2 3 75 75 0 766 162 2153
4844 2 3 75 75 0 2148 2155 2156
4845 2 3 75 75 0 2155 330 2156
4846 2 3 75 75 0 2144 2157 2145
4847 2 3 75 75 0 2157 2158 2145
4848 2 3 75 75 0 2150 2159 2151
4849 2 3 75 75 0 2159 2157 2154
4850 2 3 75 75 0 2158 2159 2150
4851 2 3 75 75 0 2145 2147 2143
4852 2 3 75 75 0 2157 2159 2158
4853 2 3 75 75 0 2160 2150 2161
4854 2 3 75 75 0 2160 2158 2150
4855 2 3 75 75 0 2148 2147 2162
4856 2 3 75 75 0 714 2161 2150
4857 2 3 75 75 0 2155 2162 2160
4858 2 3 75 75 0 2148 2162 2155
4859 2 3 75 75 0 2163 2155 2160
4860 2 3 75 75 0 2146 30 32
4861 2 3 75 75 0 818 2146 32
4862 2 3 75 75 0 818 2149 2146
4863 2 3 75 75 0 329 30 2146
4864 2 3 75 75 0 2162 2158 2160
4865 2 3 75 75 0 2162 2145 2158
4866 2 3 75 75 0 2149 160 2143
4867 2 3 75 75 0 2143 160 769
4868 2 3 75 75 0 2163 712 2164
4869 2 3 75 75 0 712 54 2164
4870 2 3 75 75 0 2164 54 331
4871 2 3 75 75 0 2163 2161 713
4872 2 3 75 75 0 713 712 2163
4873 2 3 75 75 0 2156 2146 2148
4874 2 3 75 75 0 2163 2164 2155
4875 2 3 75 75 0 2146 2156 329
4876 2 3 75 75 0 2155 2164 330
4877 2 3 75 75 0 2154 767 766
4878 2 3 75 75 0 2165 2152 2151
4879 2 3 75 75 0 2152 2165 715
4880 2 3 75 75 0 160 2149 818
4881 2 3 75 75 0 2151 2166 2165
4882 2 3 75 75 0 2159 2166 2151
4883 2 3 75 75 0 2153 819 2166
4884 2 3 75 75 0 2166 819 820
4885 2 3 75 75 0 2147 2145 2162
4886 2 3 75 75 0 820 2165 2166
4887 2 3 75 75 0 2159 2153 2166
4888 2 3 75 75 0 2154 2157 767
4889 2 3 75 75 0 2160 2161 2163
4890 2 3 75 75 0 2157 2144 767
4891 2 3 75 75 0 768 767 2144
4892 2 3 75 75 0 2164 331 330
4893 2 3 75 75 0 2161 714 713
4894 2 3 75 75 0 2152 715 714
4895 2 3 75 75 0 714 2150 2152
4896 2 3 75 75 0 2154 2153 2159
4897 2 3 75 75 0 330 329 2156
4898 2 3 75 75 0 2165 152 715
4899 2 3 75 75 0 820 152 2165
4900 2 3 76 76 0 2167 586 2168
4901 2 3 76 76 0 2168 125 2169
4902 2 3 76 76 0 2170 2171 2172
4903 2 3 76 76 0 2170 823 2171
4904 2 3 76 76 0 2168 586 125
4905 2 3 76 76 0 2171 2173 2174
4906 2 3 76 76 0 2173 2175 2174
4907 2 3 76 76 0 2174 2172 2171
4908 2 3 76 76 0 2176 2177 2178
4909 2 3 76 76 0 2176 2179 2169
4910 2 3 76 76 0 2177 2180 2178
4911 2 3 76 76 0 2180 2181 2178
4912 2 3 76 76 0 2182 2183 2184
4913 2 3 76 76 0 2182 2185 2183
4914 2 3 76 76 0 2184 2186 2182
4915 2 3 76 76 0 155 825 2176
4916 2 3 76 76 0 2187 2188 791
4917 2 3 76 76 0 791 2188 792
4918 2 3 76 76 0 2188 2182 2189
4919 2 3 76 76 0 2185 2182 2188
4920 2 3 76 76 0 2189 792 2188
4921 2 3 76 76 0 824 823 2170
4922 2 3 76 76 0 2189 142 792
4923 2 3 76 76 0 2187 791 2190
4924 2 3 76 76 0 656 142 2189
4925 2 3 76 76 0 825 2177 2176
4926 2 3 76 76 0 145 658 2191
4927 2 3 76 76 0 2178 2179 2176
4928 2 3 76 76 0 2168 2173 2167
4929 2 3 76 76 0 2181 2179 2178
4930 2 3 76 76 0 2173 2168 2175
4931 2 3 76 76 0 2179 2175 2168
4932 2 3 76 76 0 2187 2190 2170
4933 2 3 76 76 0 824 2170 2190
4934 2 3 76 76 0 2169 2179 2168
4935 2 3 76 76 0 2169 125 733
4936 2 3 76 76 0 2173 822 2167
4937 2 3 76 76 0 2167 822 821
4938 2 3 76 76 0 2167 124 586
4939 2 3 76 76 0 821 124 2167
4940 2 3 76 76 0 2179 2181 2175
4941 2 3 76 76 0 2183 2174 2181
4942 2 3 76 76 0 2185 2174 2183
4943 2 3 76 76 0 2181 2184 2183
4944 2 3 76 76 0 173 145 2191
4945 2 3 76 76 0 2170 2172 2187
4946 2 3 76 76 0 2173 2171 822
4947 2 3 76 76 0 2189 2192 656
4948 2 3 76 76 0 2191 2177 173
4949 2 3 76 76 0 173 2177 826
4950 2 3 76 76 0 2191 658 2186
4951 2 3 76 76 0 2186 2184 2191
4952 2 3 76 76 0 2186 658 657
4953 2 3 76 76 0 2188 2187 2185
4954 2 3 76 76 0 2192 657 656
4955 2 3 76 76 0 2185 2187 2172
4956 2 3 76 76 0 2169 733 2176
4957 2 3 76 76 0 733 155 2176
4958 2 3 76 76 0 2180 2184 2181
4959 2 3 76 76 0 2182 2186 2192
4960 2 3 76 76 0 2192 2189 2182
4961 2 3 76 76 0 2180 2177 2191
4962 2 3 76 76 0 2191 2184 2180
4963 2 3 76 76 0 2174 2175 2181
4964 2 3 76 76 0 2192 2186 657
4965 2 3 76 76 0 2177 825 826
4966 2 3 76 76 0 791 169 2190
4967 2 3 76 76 0 823 822 2171
4968 2 3 76 76 0 2190 169 824
4969 2 3 76 76 0 2172 2174 2185
4970 2 3 77 77 0 2193 2194 832
4971 2 3 77 77 0 2195 2193 2196
4972 2 3 77 77 0 832 833 2193
4973 2 3 77 77 0 2197 2196 2193
4974 2 3 77 77 0 2198 2199 2200
4975 2 3 77 77 0 2198 830 2199
4976 2 3 77 77 0 2201 2197 2193
4977 2 3 77 77 0 2201 2193 833
4978 2 3 77 77 0 2198 2200 2202
4979 2 3 77 77 0 13 210 834
4980 2 3 77 77 0 2200 227 2202
4981 2 3 77 77 0 209 2197 2201
4982 2 3 77 77 0 2197 827 2196
4983 2 3 77 77 0 228 2199 17
4984 2 3 77 77 0 2199 174 17
4985 2 3 77 77 0 2201 210 209
4986 2 3 77 77 0 834 210 2201
4987 2 3 77 77 0 2195 2196 2203
4988 2 3 77 77 0 827 2203 2196
4989 2 3 77 77 0 827 828 2203
4990 2 3 77 77 0 2194 2193 2195
4991 2 3 77 77 0 2204 2194 2205
4992 2 3 77 77 0 2205 2203 2206
4993 2 3 77 77 0 2194 2195 2205
4994 2 3 77 77 0 2205 2195 2203
4995 2 3 77 77 0 2207 2194 2204
4996 2 3 77 77 0 2200 228 227
4997 2 3 77 77 0 2205 2202 2204
4998 2 3 77 77 0 226 2207 2204
4999 2 3 77 77 0 2203 828 2206
5000 2 3 77 77 0 828 829 2206
5001 2 3 77 77 0 2202 227 2204
5002 2 3 77 77 0 2204 227 226
5003 2 3 77 77 0 2202 2205 2206
5004 2 3 77 77 0 2206 2198 2202
5005 2 3 77 77 0 829 2198 2206
5006 2 3 77 77 0 2194 2207 831
5007 2 3 77 77 0 831 832 2194
5008 2 3 77 77 0 2207 18 831
5009 2 3 77 77 0 226 18 2207
5010 2 3 77 77 0 829 830 2198
5011 2 3 77 77 0 228 2200 2199
5012 2 3 77 77 0 830 174 2199
5013 2 3 77 77 0 209 12 2197
5014 2 3 77 77 0 833 834 2201
5015 2 3 77 77 0 2197 12 827
5016 2 3 78 78 0 2208 2209 2210
5017 2 3 78 78 0 2209 175 2210
5018 2 3 78 78 0 2211 2212 2213
5019 2 3 78 78 0 838 2210 175
5020 2 3 78 78 0 2214 2211 2215
5021 2 3 78 78 0 2216 797 2211
5022 2 3 78 78 0 797 2215 2211
5023 2 3 78 78 0 2217 836 2218
5024 2 3 78 78 0 835 2217 2219
5025 2 3 78 78 0 2219 98 835
5026 2 3 78 78 0 2216 2211 2220
5027 2 3 78 78 0 487 98 2219
5028 2 3 78 78 0 2221 2222 2223
5029 2 3 78 78 0 2224 2216 2225
5030 2 3 78 78 0 2224 798 2216
5031 2 3 78 78 0 2225 2216 2220
5032 2 3 78 78 0 2208 2218 2209
5033 2 3 78 78 0 2208 2213 2218
5034 2 3 78 78 0 2221 2223 2226
5035 2 3 78 78 0 2221 781 2222
5036 2 3 78 78 0 2209 837 175
5037 2 3 78 78 0 2225 2227 2224
5038 2 3 78 78 0 835 836 2217
5039 2 3 78 78 0 2225 2228 2227
5040 2 3 78 78 0 799 2224 2227
5041 2 3 78 78 0 2220 2211 2213
5042 2 3 78 78 0 2229 772 2230
5043 2 3 78 78 0 800 2230 165
5044 2 3 78 78 0 2230 771 165
5045 2 3 78 78 0 164 772 2222
5046 2 3 78 78 0 2222 772 2229
5047 2 3 78 78 0 2217 2212 2219
5048 2 3 78 78 0 2217 2218 2212
5049 2 3 78 78 0 2213 2212 2218
5050 2 3 78 78 0 2229 2230 2227
5051 2 3 78 78 0 800 2227 2230
5052 2 3 78 78 0 2227 800 799
5053 2 3 78 78 0 168 2231 2210
5054 2 3 78 78 0 2214 2215 488
5055 2 3 78 78 0 782 2231 168
5056 2 3 78 78 0 168 2210 838
5057 2 3 78 78 0 2214 487 2219
5058 2 3 78 78 0 2219 2212 2214
5059 2 3 78 78 0 488 487 2214
5060 2 3 78 78 0 2214 2212 2211
5061 2 3 78 78 0 781 164 2222
5062 2 3 78 78 0 2209 836 837
5063 2 3 78 78 0 2228 2226 2223
5064 2 3 78 78 0 2223 2229 2228
5065 2 3 78 78 0 2221 2231 782
5066 2 3 78 78 0 2226 2231 2221
5067 2 3 78 78 0 782 781 2221
5068 2 3 78 78 0 2226 2208 2231
5069 2 3 78 78 0 2227 2228 2229
5070 2 3 78 78 0 2231 2208 2210
5071 2 3 78 78 0 2213 2226 2220
5072 2 3 78 78 0 2226 2213 2208
5073 2 3 78 78 0 2225 2220 2226
5074 2 3 78 78 0 772 771 2230
5075 2 3 78 78 0 2226 2228 2225
5076 2 3 78 78 0 2215 97 488
5077 2 3 78 78 0 2224 799 798
5078 2 3 78 78 0 836 2209 2218
5079 2 3 78 78 0 2229 2223 2222
5080 2 3 78 78 0 797 97 2215
5081 2 3 78 78 0 798 797 2216
5082 2 3 79 79 0 2237 613 2240
5083 2 3 79 79 0 614 613 2237
5084 2 3 79 79 0 2234 548 2241
5085 2 3 79 79 0 548 2234 2243
5086 2 3 79 79 0 615 2242 2244
5087 2 3 79 79 0 2242 2235 2244
5088 2 3 79 79 0 2233 2237 2240
5089 2 3 79 79 0 550 549 2236
5090 2 3 79 79 0 2234 2238 2248
5091 2 3 79 79 0 845 133 616
5092 2 3 79 79 0 2236 2233 2239
5093 2 3 79 79 0 2241 842 2245
5094 2 3 79 79 0 550 2236 2239
5095 2 3 79 79 0 2233 2236 2250
5096 2 3 79 79 0 844 2244 2249
5097 2 3 79 79 0 844 845 2244
5098 2 3 79 79 0 2238 2234 2245
5099 2 3 79 79 0 616 615 2244
5100 2 3 79 79 0 2238 2232 2248
5101 2 3 79 79 0 547 117 841
5102 2 3 79 79 0 2238 2235 2247
5103 2 3 79 79 0 2234 2241 2245
5104 2 3 79 79 0 2232 2238 2247
5105 2 3 79 79 0 2237 2233 2250
5106 2 3 79 79 0 845 616 2244
5107 2 3 79 79 0 132 840 2240
5108 2 3 79 79 0 839 115 2239
5109 2 3 79 79 0 115 550 2239
5110 2 3 79 79 0 613 132 2240
5111 2 3 79 79 0 548 547 2241
5112 2 3 79 79 0 2232 2237 2250
5113 2 3 79 79 0 841 842 2241
5114 2 3 79 79 0 614 2237 2242
5115 2 3 79 79 0 2238 843 2249
5116 2 3 79 79 0 547 841 2241
5117 2 3 79 79 0 2236 549 2243
5118 2 3 79 79 0 843 844 2249
5119 2 3 79 79 0 2237 2232 2247
5120 2 3 79 79 0 549 548 2243
5121 2 3 79 79 0 615 614 2242
5122 2 3 79 79 0 843 2238 2245
5123 2 3 79 79 0 2244 2235 2249
5124 2 3 79 79 0 2235 2238 2249
5125 2 3 79 79 0 839 2239 2246
5126 2 3 79 79 0 842 843 2245
5127 2 3 79 79 0 2236 2248 2250
5128 2 3 79 79 0 2239 2233 2246
5129 2 3 79 79 0 2240 840 2246
5130 2 3 79 79 0 840 839 2246
5131 2 3 79 79 0 2248 2232 2250
5132 2 3 79 79 0 2233 2240 2246
5133 2 3 79 79 0 2236 2243 2248
5134 2 3 79 79 0 2242 2237 2247
5135 2 3 79 79 0 2235 2242 2247
5136 2 3 79 79 0 2243 2234 2248
5137 2 3 80 80 0 2257 678 2260
5138 2 3 80 80 0 148 678 2257
5139 2 3 80 80 0 847 2271 2290
5140 2 3 80 80 0 2258 146 2295
5141 2 3 80 80 0 677 2251 2260
5142 2 3 80 80 0 146 753 2295
5143 2 3 80 80 0 846 847 2290
5144 2 3 80 80 0 678 677 2260
5145 2 3 80 80 0 2262 2261 2263
5146 2 3 80 80 0 2260 2261 2262
5147 2 3 80 80 0 2268 2264 2275
5148 2 3 80 80 0 2260 2251 2261
5149 2 3 80 80 0 847 2257 2271
5150 2 3 80 80 0 2287 2274 2288
5151 2 3 80 80 0 2269 2287 2288
5152 2 3 80 80 0 37 58 2259
5153 2 3 80 80 0 38 275 2272
5154 2 3 80 80 0 749 158 2290
5155 2 3 80 80 0 2273 2268 2280
5156 2 3 80 80 0 2268 2275 2285
5157 2 3 80 80 0 2264 2261 2275
5158 2 3 80 80 0 158 846 2290
5159 2 3 80 80 0 2268 2273 2287
5160 2 3 80 80 0 2278 344 2279
5161 2 3 80 80 0 2270 2278 2286
5162 2 3 80 80 0 2259 2274 2296
5163 2 3 80 80 0 847 148 2257
5164 2 3 80 80 0 2262 2263 2283
5165 2 3 80 80 0 2263 2261 2264
5166 2 3 80 80 0 2261 2251 2275
5167 2 3 80 80 0 2282 2271 2283
5168 2 3 80 80 0 2257 2260 2262
5169 2 3 80 80 0 2255 2276 2277
5170 2 3 80 80 0 2278 2279 2286
5171 2 3 80 80 0 2278 2270 2292
5172 2 3 80 80 0 2272 2253 2273
5173 2 3 80 80 0 2280 2268 2285
5174 2 3 80 80 0 2266 2264 2268
5175 2 3 80 80 0 2274 2259 2294
5176 2 3 80 80 0 2252 752 2277
5177 2 3 80 80 0 2256 345 2278
5178 2 3 80 80 0 751 750 2255
5179 2 3 80 80 0 751 2255 2277
5180 2 3 80 80 0 2271 2262 2283
5181 2 3 80 80 0 275 2253 2272
5182 2 3 80 80 0 346 345 2256
5183 2 3 80 80 0 345 344 2278
5184 2 3 80 80 0 2263 2276 2283
5185 2 3 80 80 0 344 57 2279
5186 2 3 80 80 0 752 751 2277
5187 2 3 80 80 0 2284 2286 2295
5188 2 3 80 80 0 753 752 2252
5189 2 3 80 80 0 2252 2277 2281
5190 2 3 80 80 0 275 274 2253
5191 2 3 80 80 0 2280 2254 2291
5192 2 3 80 80 0 2267 2269 2270
5193 2 3 80 80 0 2263 2264 2265
5194 2 3 80 80 0 2284 2270 2286
5195 2 3 80 80 0 750 749 2282
5196 2 3 80 80 0 677 135 2251
5197 2 3 80 80 0 2257 2262 2271
5198 2 3 80 80 0 2267 2266 2269
5199 2 3 80 80 0 2277 2276 2281
5200 2 3 80 80 0 2265 2266 2267
5201 2 3 80 80 0 2263 2265 2276
5202 2 3 80 80 0 38 2272 2291
5203 2 3 80 80 0 2265 2264 2266
5204 2 3 80 80 0 2255 2282 2283
5205 2 3 80 80 0 2272 2273 2280
5206 2 3 80 80 0 2265 2267 2281
5207 2 3 80 80 0 2274 2253 2296
5208 2 3 80 80 0 2266 2268 2287
5209 2 3 80 80 0 2276 2265 2281
5210 2 3 80 80 0 2273 2253 2274
5211 2 3 80 80 0 2255 750 2282
5212 2 3 80 80 0 2270 2269 2292
5213 2 3 80 80 0 2276 2255 2283
5214 2 3 80 80 0 621 134 2293
5215 2 3 80 80 0 676 146 2258
5216 2 3 80 80 0 2273 2274 2287
5217 2 3 80 80 0 2252 2281 2284
5218 2 3 80 80 0 37 2259 2296
5219 2 3 80 80 0 346 2256 2297
5220 2 3 80 80 0 753 2252 2295
5221 2 3 80 80 0 57 676 2279
5222 2 3 80 80 0 2281 2267 2284
5223 2 3 80 80 0 2254 2280 2285
5224 2 3 80 80 0 134 848 2254
5225 2 3 80 80 0 2267 2270 2284
5226 2 3 80 80 0 274 37 2296
5227 2 3 80 80 0 135 621 2289
5228 2 3 80 80 0 2282 749 2290
5229 2 3 80 80 0 2256 2294 2297
5230 2 3 80 80 0 2286 2258 2295
5231 2 3 80 80 0 2269 2288 2292
5232 2 3 80 80 0 2285 2275 2289
5233 2 3 80 80 0 2272 2280 2291
5234 2 3 80 80 0 2251 135 2289
5235 2 3 80 80 0 676 2258 2279
5236 2 3 80 80 0 2285 2289 2293
5237 2 3 80 80 0 2275 2251 2289
5238 2 3 80 80 0 134 2254 2293
5239 2 3 80 80 0 2269 2266 2287
5240 2 3 80 80 0 2279 2258 2286
5241 2 3 80 80 0 2256 2278 2292
5242 2 3 80 80 0 2259 58 2297
5243 2 3 80 80 0 2271 2282 2290
5244 2 3 80 80 0 848 38 2291
5245 2 3 80 80 0 2288 2274 2294
5246 2 3 80 80 0 2254 848 2291
5247 2 3 80 80 0 58 346 2297
5248 2 3 80 80 0 2253 274 2296
5249 2 3 80 80 0 2254 2285 2293
5250 2 3 80 80 0 2252 2284 2295
5251 2 3 80 80 0 2288 2256 2292
5252 2 3 80 80 0 2289 621 2293
5253 2 3 80 80 0 2256 2288 2294
5254 2 3 80 80 0 2294 2259 2297
5255 2 3 81 81 0 859 860 2304
5256 2 3 81 81 0 2305 2298 2307
5257 2 3 81 81 0 859 2304 2311
5258 2 3 81 81 0 857 2303 2306
5259 2 3 81 81 0 177 857 2306
5260 2 3 81 81 0 98 486 2308
5261 2 3 81 81 0 2304 2299 2311
5262 2 3 81 81 0 849 177 2306
5263 2 3 81 81 0 2299 2303 2323
5264 2 3 81 81 0 2307 2298 2313
5265 2 3 81 81 0 2303 857 2323
5266 2 3 81 81 0 2303 2299 2310
5267 2 3 81 81 0 485 850 2309
5268 2 3 81 81 0 850 851 2309
5269 2 3 81 81 0 2308 486 2318
5270 2 3 81 81 0 485 2309 2318
5271 2 3 81 81 0 485 100 850
5272 2 3 81 81 0 486 485 2318
5273 2 3 81 81 0 2302 2308 2313
5274 2 3 81 81 0 2304 860 2315
5275 2 3 81 81 0 856 176 2322
5276 2 3 81 81 0 2308 2300 2313
5277 2 3 81 81 0 2309 851 2314
5278 2 3 81 81 0 2299 2304 2312
5279 2 3 81 81 0 2299 2305 2319
5280 2 3 81 81 0 835 98 2308
5281 2 3 81 81 0 2310 855 2324
5282 2 3 81 81 0 2298 2305 2312
5283 2 3 81 81 0 837 2316 2317
5284 2 3 81 81 0 2305 2299 2312
5285 2 3 81 81 0 852 2307 2314
5286 2 3 81 81 0 2303 2310 2324
5287 2 3 81 81 0 2311 2299 2323
5288 2 3 81 81 0 2300 2307 2313
5289 2 3 81 81 0 835 2308 2326
5290 2 3 81 81 0 851 852 2314
5291 2 3 81 81 0 2315 861 2317
5292 2 3 81 81 0 837 836 2316
5293 2 3 81 81 0 2308 2302 2326
5294 2 3 81 81 0 849 2306 2322
5295 2 3 81 81 0 853 2319 2320
5296 2 3 81 81 0 2316 2301 2317
5297 2 3 81 81 0 2319 2305 2320
5298 2 3 81 81 0 854 855 2310
5299 2 3 81 81 0 2301 2315 2317
5300 2 3 81 81 0 2310 2299 2319
5301 2 3 81 81 0 860 861 2315
5302 2 3 81 81 0 2307 2300 2314
5303 2 3 81 81 0 2300 2309 2314
5304 2 3 81 81 0 2305 2307 2320
5305 2 3 81 81 0 858 859 2311
5306 2 3 81 81 0 2307 852 2320
5307 2 3 81 81 0 857 858 2323
5308 2 3 81 81 0 861 175 2317
5309 2 3 81 81 0 2298 2312 2325
5310 2 3 81 81 0 853 854 2319
5311 2 3 81 81 0 175 837 2317
5312 2 3 81 81 0 2312 2304 2325
5313 2 3 81 81 0 2322 2306 2324
5314 2 3 81 81 0 2300 2308 2318
5315 2 3 81 81 0 2309 2300 2318
5316 2 3 81 81 0 852 853 2320
5317 2 3 81 81 0 855 856 2324
5318 2 3 81 81 0 2302 2313 2321
5319 2 3 81 81 0 2313 2298 2321
5320 2 3 81 81 0 836 835 2326
5321 2 3 81 81 0 176 849 2322
5322 2 3 81 81 0 854 2310 2319
5323 2 3 81 81 0 2306 2303 2324
5324 2 3 81 81 0 856 2322 2324
5325 2 3 81 81 0 2316 2302 2321
5326 2 3 81 81 0 858 2311 2323
5327 2 3 81 81 0 2301 2316 2321
5328 2 3 81 81 0 2315 2301 2325
5329 2 3 81 81 0 2304 2315 2325
5330 2 3 81 81 0 2316 836 2326
5331 2 3 81 81 0 2302 2316 2326
5332 2 3 81 81 0 2321 2298 2325
5333 2 3 81 81 0 2301 2321 2325
5334 2 3 82 82 0 2327 2328 865
5335 2 3 82 82 0 865 2329 2327
5336 2 3 82 82 0 2330 2331 2332
5337 2 3 82 82 0 2330 869 2331
5338 2 3 82 82 0 2333 2329 2334
5339 2 3 82 82 0 2329 864 2334
5340 2 3 82 82 0 2335 2336 2337
5341 2 3 82 82 0 2335 2338 2336
5342 2 3 82 82 0 2339 2340 2337
5343 2 3 82 82 0 2339 259 2340
5344 2 3 82 82 0 2335 2341 2342
5345 2 3 82 82 0 2335 2343 2341
5346 2 3 82 82 0 2342 2341 2344
5347 2 3 82 82 0 2341 399 2344
5348 2 3 82 82 0 2333 2336 2345
5349 2 3 82 82 0 2333 2346 2336
5350 2 3 82 82 0 2329 2333 2345
5351 2 3 82 82 0 2345 2347 2329
5352 2 3 82 82 0 2338 2345 2336
5353 2 3 82 82 0 2348 2332 2331
5354 2 3 82 82 0 2348 2349 2332
5355 2 3 82 82 0 2345 2348 2347
5356 2 3 82 82 0 2345 2338 2348
5357 2 3 82 82 0 2347 2348 2331
5358 2 3 82 82 0 864 2329 865
5359 2 3 82 82 0 2350 261 260
5360 2 3 82 82 0 2346 2350 260
5361 2 3 82 82 0 260 2339 2346
5362 2 3 82 82 0 2343 336 2351
5363 2 3 82 82 0 2343 29 336
5364 2 3 82 82 0 2352 75 870
5365 2 3 82 82 0 2352 2353 397
5366 2 3 82 82 0 397 75 2352
5367 2 3 82 82 0 2353 398 397
5368 2 3 82 82 0 400 2341 2351
5369 2 3 82 82 0 400 399 2341
5370 2 3 82 82 0 2350 862 28
5371 2 3 82 82 0 261 2350 28
5372 2 3 82 82 0 2354 863 2350
5373 2 3 82 82 0 863 862 2350
5374 2 3 82 82 0 2327 2347 2355
5375 2 3 82 82 0 2328 2327 2355
5376 2 3 82 82 0 2355 867 2328
5377 2 3 82 82 0 2344 2353 2349
5378 2 3 82 82 0 2344 398 2353
5379 2 3 82 82 0 868 867 2355
5380 2 3 82 82 0 866 865 2328
5381 2 3 82 82 0 2352 870 2330
5382 2 3 82 82 0 2330 2332 2352
5383 2 3 82 82 0 2330 870 869
5384 2 3 82 82 0 2352 2349 2353
5385 2 3 82 82 0 2351 55 400
5386 2 3 82 82 0 336 55 2351
5387 2 3 82 82 0 2349 2342 2344
5388 2 3 82 82 0 399 398 2344
5389 2 3 82 82 0 867 178 2328
5390 2 3 82 82 0 2347 2331 2355
5391 2 3 82 82 0 2328 178 866
5392 2 3 82 82 0 2355 2331 868
5393 2 3 82 82 0 2350 2346 2354
5394 2 3 82 82 0 2347 2327 2329
5395 2 3 82 82 0 2348 2342 2349
5396 2 3 82 82 0 2343 2351 2341
5397 2 3 82 82 0 2340 29 2343
5398 2 3 82 82 0 2343 2337 2340
5399 2 3 82 82 0 259 29 2340
5400 2 3 82 82 0 2338 2342 2348
5401 2 3 82 82 0 869 868 2331
5402 2 3 82 82 0 2346 2337 2336
5403 2 3 82 82 0 2349 2352 2332
5404 2 3 82 82 0 864 863 2334
5405 2 3 82 82 0 2333 2354 2346
5406 2 3 82 82 0 2339 260 259
5407 2 3 82 82 0 2339 2337 2346
5408 2 3 82 82 0 2335 2342 2338
5409 2 3 82 82 0 2334 863 2354
5410 2 3 82 82 0 2335 2337 2343
5411 2 3 82 82 0 2354 2333 2334
5412 2 3 83 83 0 2356 2357 2358
5413 2 3 83 83 0 2356 874 2357
5414 2 3 83 83 0 873 874 2356
5415 2 3 83 83 0 2359 2360 2358
5416 2 3 83 83 0 2356 2358 2360
5417 2 3 83 83 0 2359 2361 2362
5418 2 3 83 83 0 2359 2358 2361
5419 2 3 83 83 0 2363 2364 2365
5420 2 3 83 83 0 2363 880 2364
5421 2 3 83 83 0 2366 2359 2367
5422 2 3 83 83 0 2366 2360 2359
5423 2 3 83 83 0 2368 2369 2370
5424 2 3 83 83 0 2369 872 2370
5425 2 3 83 83 0 2359 2362 2367
5426 2 3 83 83 0 2371 2372 2365
5427 2 3 83 83 0 2362 876 2367
5428 2 3 83 83 0 2373 2366 2371
5429 2 3 83 83 0 2373 2371 2365
5430 2 3 83 83 0 2357 2374 2375
5431 2 3 83 83 0 2357 874 2374
5432 2 3 83 83 0 2365 2364 2373
5433 2 3 83 83 0 2364 880 881
5434 2 3 83 83 0 2376 2373 2364
5435 2 3 83 83 0 2377 871 2376
5436 2 3 83 83 0 2378 2379 2380
5437 2 3 83 83 0 2379 764 2380
5438 2 3 83 83 0 2380 161 2363
5439 2 3 83 83 0 2363 161 880
5440 2 3 83 83 0 765 2379 162
5441 2 3 83 83 0 2379 879 162
5442 2 3 83 83 0 359 2374 64
5443 2 3 83 83 0 2374 875 64
5444 2 3 83 83 0 161 2380 764
5445 2 3 83 83 0 2375 358 2361
5446 2 3 83 83 0 2375 2358 2357
5447 2 3 83 83 0 2358 2375 2361
5448 2 3 83 83 0 2381 2378 2372
5449 2 3 83 83 0 2380 2372 2378
5450 2 3 83 83 0 2366 2382 2371
5451 2 3 83 83 0 2371 2382 2372
5452 2 3 83 83 0 2376 871 2369
5453 2 3 83 83 0 2369 2368 2376
5454 2 3 83 83 0 2369 871 872
5455 2 3 83 83 0 878 2378 2381
5456 2 3 83 83 0 2364 2377 2376
5457 2 3 83 83 0 2377 2364 881
5458 2 3 83 83 0 2372 2380 2365
5459 2 3 83 83 0 2366 2367 2382
5460 2 3 83 83 0 2382 2367 877
5461 2 3 83 83 0 876 877 2367
5462 2 3 83 83 0 2376 2368 2373
5463 2 3 83 83 0 878 879 2378
5464 2 3 83 83 0 2360 2368 2370
5465 2 3 83 83 0 2361 358 357
5466 2 3 83 83 0 357 59 2362
5467 2 3 83 83 0 2381 2382 877
5468 2 3 83 83 0 872 873 2370
5469 2 3 83 83 0 2373 2368 2366
5470 2 3 83 83 0 357 2362 2361
5471 2 3 83 83 0 2368 2360 2366
5472 2 3 83 83 0 2356 2370 873
5473 2 3 83 83 0 2375 359 358
5474 2 3 83 83 0 2360 2370 2356
5475 2 3 83 83 0 877 878 2381
5476 2 3 83 83 0 881 179 2377
5477 2 3 83 83 0 2379 765 764
5478 2 3 83 83 0 2379 2378 879
5479 2 3 83 83 0 2377 179 871
5480 2 3 83 83 0 2363 2365 2380
5481 2 3 83 83 0 2372 2382 2381
5482 2 3 83 83 0 2362 59 876
5483 2 3 83 83 0 874 875 2374
5484 2 3 83 83 0 359 2375 2374
5485 2 3 84 84 0 2383 2384 290
5486 2 3 84 84 0 2384 2385 290
5487 2 3 84 84 0 294 266 35
5488 2 3 84 84 0 2386 2387 2388
5489 2 3 84 84 0 2386 461 2387
5490 2 3 84 84 0 266 2388 2387
5491 2 3 84 84 0 294 293 2388
5492 2 3 84 84 0 2388 266 294
5493 2 3 84 84 0 2389 2385 2390
5494 2 3 84 84 0 2384 2390 2385
5495 2 3 84 84 0 2391 730 729
5496 2 3 84 84 0 2392 2393 2394
5497 2 3 84 84 0 2392 292 2393
5498 2 3 84 84 0 2388 2392 2386
5499 2 3 84 84 0 2388 293 2392
5500 2 3 84 84 0 2394 2393 2395
5501 2 3 84 84 0 2393 2396 2397
5502 2 3 84 84 0 2393 291 2396
5503 2 3 84 84 0 2385 2396 290
5504 2 3 84 84 0 2389 2397 2385
5505 2 3 84 84 0 2385 2397 2396
5506 2 3 84 84 0 466 2398 89
5507 2 3 84 84 0 2398 729 89
5508 2 3 84 84 0 2398 2390 2391
5509 2 3 84 84 0 2384 2391 2390
5510 2 3 84 84 0 2398 465 2390
5511 2 3 84 84 0 2398 2391 729
5512 2 3 84 84 0 2384 2383 2391
5513 2 3 84 84 0 289 40 2383
5514 2 3 84 84 0 2391 2383 730
5515 2 3 84 84 0 2383 40 730
5516 2 3 84 84 0 2397 2389 2395
5517 2 3 84 84 0 2389 463 2395
5518 2 3 84 84 0 2389 464 463
5519 2 3 84 84 0 290 289 2383
5520 2 3 84 84 0 2389 2390 464
5521 2 3 84 84 0 2392 2394 2386
5522 2 3 84 84 0 463 462 2395
5523 2 3 84 84 0 2392 293 292
5524 2 3 84 84 0 2390 465 464
5525 2 3 84 84 0 291 290 2396
5526 2 3 84 84 0 2387 36 266
5527 2 3 84 84 0 461 36 2387
5528 2 3 84 84 0 2398 466 465
5529 2 3 84 84 0 462 461 2386
5530 2 3 84 84 0 2394 2395 462
5531 2 3 84 84 0 292 291 2393
5532 2 3 84 84 0 2397 2395 2393
5533 2 3 84 84 0 462 2386 2394
5534 2 3 85 85 0 2399 2400 2401
5535 2 3 85 85 0 2399 434 2400
5536 2 3 85 85 0 2402 2403 2404
5537 2 3 85 85 0 2405 2406 2407
5538 2 3 85 85 0 2403 2408 2409
5539 2 3 85 85 0 2409 2404 2403
5540 2 3 85 85 0 2410 432 2411
5541 2 3 85 85 0 433 432 2410
5542 2 3 85 85 0 2412 2413 2399
5543 2 3 85 85 0 2399 2406 2412
5544 2 3 85 85 0 2406 2399 2401
5545 2 3 85 85 0 2413 435 2399
5546 2 3 85 85 0 2414 2415 2416
5547 2 3 85 85 0 2415 2402 2416
5548 2 3 85 85 0 2402 2415 2417
5549 2 3 85 85 0 432 83 2411
5550 2 3 85 85 0 2402 680 2416
5551 2 3 85 85 0 642 641 2408
5552 2 3 85 85 0 2418 2404 2409
5553 2 3 85 85 0 2418 681 2404
5554 2 3 85 85 0 2403 2411 2408
5555 2 3 85 85 0 641 2409 2408
5556 2 3 85 85 0 682 2418 137
5557 2 3 85 85 0 2418 640 137
5558 2 3 85 85 0 2405 2407 847
5559 2 3 85 85 0 847 846 2405
5560 2 3 85 85 0 2405 158 2412
5561 2 3 85 85 0 2405 2412 2406
5562 2 3 85 85 0 2419 2407 2414
5563 2 3 85 85 0 2414 2416 2419
5564 2 3 85 85 0 2419 2416 679
5565 2 3 85 85 0 2417 2401 2410
5566 2 3 85 85 0 2403 2417 2410
5567 2 3 85 85 0 2410 2411 2403
5568 2 3 85 85 0 642 2408 2411
5569 2 3 85 85 0 2411 83 642
5570 2 3 85 85 0 2399 435 434
5571 2 3 85 85 0 2414 2406 2401
5572 2 3 85 85 0 433 2410 2400
5573 2 3 85 85 0 2415 2414 2401
5574 2 3 85 85 0 2417 2415 2401
5575 2 3 85 85 0 754 2412 158
5576 2 3 85 85 0 2405 846 158
5577 2 3 85 85 0 2407 2406 2414
5578 2 3 85 85 0 2407 2419 847
5579 2 3 85 85 0 681 2402 2404
5580 2 3 85 85 0 2416 680 679
5581 2 3 85 85 0 2402 2417 2403
5582 2 3 85 85 0 2402 681 680
5583 2 3 85 85 0 641 640 2409
5584 2 3 85 85 0 2413 2412 754
5585 2 3 85 85 0 2413 84 435
5586 2 3 85 85 0 754 84 2413
5587 2 3 85 85 0 2400 2410 2401
5588 2 3 85 85 0 2400 434 433
5589 2 3 85 85 0 2419 148 847
5590 2 3 85 85 0 679 148 2419
5591 2 3 85 85 0 2418 2409 640
5592 2 3 85 85 0 2418 682 681
5593 2 3 86 86 0 2420 2421 2422
5594 2 3 86 86 0 2420 831 2421
5595 2 3 86 86 0 225 2422 2421
5596 2 3 86 86 0 831 18 2421
5597 2 3 86 86 0 2421 18 225
5598 2 3 86 86 0 126 2422 16
5599 2 3 86 86 0 590 834 591
5600 2 3 86 86 0 16 2422 225
5601 2 3 86 86 0 834 833 591
5602 2 3 86 86 0 832 2420 2423
5603 2 3 86 86 0 13 834 590
5604 2 3 86 86 0 2423 2420 593
5605 2 3 86 86 0 2422 126 593
5606 2 3 86 86 0 593 592 2423
5607 2 3 86 86 0 833 832 2423
5608 2 3 86 86 0 2423 591 833
5609 2 3 86 86 0 592 591 2423
5610 2 3 86 86 0 2420 832 831
5611 2 3 86 86 0 2420 2422 593
5612 2 3 87 87 0 887 886 2424
5613 2 3 87 87 0 886 2425 2424
5614 2 3 87 87 0 2425 2426 263
5615 2 3 87 87 0 2425 263 2424
5616 2 3 87 87 0 262 31 887
5617 2 3 87 87 0 882 159 758
5618 2 3 87 87 0 2427 2428 2429
5619 2 3 87 87 0 2428 756 2429
5620 2 3 87 87 0 2429 2430 2427
5621 2 3 87 87 0 2430 885 2427
5622 2 3 87 87 0 886 2430 2425
5623 2 3 87 87 0 2431 2425 2430
5624 2 3 87 87 0 2428 757 756
5625 2 3 87 87 0 883 882 758
5626 2 3 87 87 0 2429 2432 2431
5627 2 3 87 87 0 756 755 2429
5628 2 3 87 87 0 755 2432 2429
5629 2 3 87 87 0 883 2428 884
5630 2 3 87 87 0 758 757 883
5631 2 3 87 87 0 757 2428 883
5632 2 3 87 87 0 2428 2427 884
5633 2 3 87 87 0 2426 32 263
5634 2 3 87 87 0 818 32 2426
5635 2 3 87 87 0 2426 2425 2431
5636 2 3 87 87 0 2431 2432 2426
5637 2 3 87 87 0 2426 2432 818
5638 2 3 87 87 0 2424 262 887
5639 2 3 87 87 0 263 262 2424
5640 2 3 87 87 0 2430 2429 2431
5641 2 3 87 87 0 885 884 2427
5642 2 3 87 87 0 2430 886 885
5643 2 3 87 87 0 755 160 2432
5644 2 3 87 87 0 2432 160 818
5645 2 3 88 88 0 91 473 557
5646 2 3 88 88 0 2435 735 2437
5647 2 3 88 88 0 736 385 72
5648 2 3 88 88 0 736 735 2435
5649 2 3 88 88 0 557 473 2436
5650 2 3 88 88 0 2434 386 2435
5651 2 3 88 88 0 385 736 2435
5652 2 3 88 88 0 386 385 2435
5653 2 3 88 88 0 2433 2434 2435
5654 2 3 88 88 0 735 121 2437
5655 2 3 88 88 0 121 558 2437
5656 2 3 88 88 0 2433 2435 2437
5657 2 3 88 88 0 66 386 2434
5658 2 3 88 88 0 472 66 2434
5659 2 3 88 88 0 473 472 2436
5660 2 3 88 88 0 557 2436 2438
5661 2 3 88 88 0 472 2434 2436
5662 2 3 88 88 0 2434 2433 2436
5663 2 3 88 88 0 558 557 2438
5664 2 3 88 88 0 2436 2433 2438
5665 2 3 88 88 0 2433 2437 2438
5666 2 3 88 88 0 2437 558 2438
5667 2 3 89 89 0 2439 2440 2441
5668 2 3 89 89 0 2439 2442 2440
5669 2 3 89 89 0 2443 2444 2445
5670 2 3 89 89 0 2444 2442 2445
5671 2 3 89 89 0 2441 2446 2439
5672 2 3 89 89 0 2446 2447 2439
5673 2 3 89 89 0 2448 2449 2450
5674 2 3 89 89 0 2450 2449 2451
5675 2 3 89 89 0 2452 2453 2442
5676 2 3 89 89 0 2452 2442 2444
5677 2 3 89 89 0 2450 2454 2455
5678 2 3 89 89 0 2447 2450 2455
5679 2 3 89 89 0 2450 2447 2446
5680 2 3 89 89 0 2456 2457 2452
5681 2 3 89 89 0 2458 2457 2456
5682 2 3 89 89 0 2458 2456 117
5683 2 3 89 89 0 2450 2446 2448
5684 2 3 89 89 0 2448 2446 851
5685 2 3 89 89 0 2459 2460 2449
5686 2 3 89 89 0 2449 2448 2459
5687 2 3 89 89 0 2459 2448 850
5688 2 3 89 89 0 2453 2461 2440
5689 2 3 89 89 0 2442 2453 2440
5690 2 3 89 89 0 2461 2453 2452
5691 2 3 89 89 0 2461 854 2440
5692 2 3 89 89 0 2461 855 854
5693 2 3 89 89 0 2458 2462 2457
5694 2 3 89 89 0 2463 2457 2462
5695 2 3 89 89 0 546 2462 2458
5696 2 3 89 89 0 2444 2443 842
5697 2 3 89 89 0 2452 2457 2461
5698 2 3 89 89 0 2441 2440 853
5699 2 3 89 89 0 2450 2451 2454
5700 2 3 89 89 0 2446 2441 852
5701 2 3 89 89 0 2447 2455 2443
5702 2 3 89 89 0 2443 2445 2447
5703 2 3 89 89 0 2443 2455 843
5704 2 3 89 89 0 133 2464 2465
5705 2 3 89 89 0 2466 2465 2464
5706 2 3 89 89 0 2467 889 888
5707 2 3 89 89 0 845 2464 133
5708 2 3 89 89 0 856 855 2468
5709 2 3 89 89 0 2466 2469 2470
5710 2 3 89 89 0 2466 2460 2469
5711 2 3 89 89 0 2469 2460 499
5712 2 3 89 89 0 2467 2471 2468
5713 2 3 89 89 0 2467 2468 2463
5714 2 3 89 89 0 2471 856 2468
5715 2 3 89 89 0 2463 2462 2467
5716 2 3 89 89 0 2467 2462 889
5717 2 3 89 89 0 2454 844 2455
5718 2 3 89 89 0 2470 104 2465
5719 2 3 89 89 0 617 2465 104
5720 2 3 89 89 0 506 104 2470
5721 2 3 89 89 0 2442 2439 2445
5722 2 3 89 89 0 2439 2447 2445
5723 2 3 89 89 0 2452 2444 2456
5724 2 3 89 89 0 2456 2444 841
5725 2 3 89 89 0 2468 2461 2463
5726 2 3 89 89 0 2457 2463 2461
5727 2 3 89 89 0 855 2461 2468
5728 2 3 89 89 0 2471 2467 888
5729 2 3 89 89 0 133 2465 617
5730 2 3 89 89 0 2465 2466 2470
5731 2 3 89 89 0 2469 506 2470
5732 2 3 89 89 0 845 2454 2451
5733 2 3 89 89 0 841 117 2456
5734 2 3 89 89 0 2464 2451 2449
5735 2 3 89 89 0 2449 2466 2464
5736 2 3 89 89 0 845 2451 2464
5737 2 3 89 89 0 2444 842 841
5738 2 3 89 89 0 2440 854 853
5739 2 3 89 89 0 117 546 2458
5740 2 3 89 89 0 2443 843 842
5741 2 3 89 89 0 2441 853 852
5742 2 3 89 89 0 2455 844 843
5743 2 3 89 89 0 2446 852 851
5744 2 3 89 89 0 2454 845 844
5745 2 3 89 89 0 2448 851 850
5746 2 3 89 89 0 2460 2459 499
5747 2 3 89 89 0 2460 2466 2449
5748 2 3 89 89 0 2471 176 856
5749 2 3 89 89 0 888 176 2471
5750 2 3 89 89 0 2462 116 889
5751 2 3 89 89 0 546 116 2462
5752 2 3 89 89 0 2469 103 506
5753 2 3 89 89 0 499 103 2469
5754 2 3 89 89 0 2459 100 499
5755 2 3 89 89 0 850 100 2459
5756 2 3 90 90 0 829 891 830
5757 2 3 90 90 0 829 2472 891
5758 2 3 90 90 0 890 174 830
5759 2 3 90 90 0 2473 2474 2475
5760 2 3 90 90 0 2473 206 2474
5761 2 3 90 90 0 204 897 896
5762 2 3 90 90 0 2473 2475 2476
5763 2 3 90 90 0 205 204 896
5764 2 3 90 90 0 2475 894 2476
5765 2 3 90 90 0 892 891 2472
5766 2 3 90 90 0 2472 828 2477
5767 2 3 90 90 0 2476 2478 2473
5768 2 3 90 90 0 2478 207 2473
5769 2 3 90 90 0 828 2479 2477
5770 2 3 90 90 0 891 890 830
5771 2 3 90 90 0 828 827 2479
5772 2 3 90 90 0 892 2472 2477
5773 2 3 90 90 0 204 10 897
5774 2 3 90 90 0 894 2480 2476
5775 2 3 90 90 0 2481 208 2478
5776 2 3 90 90 0 2478 2476 2481
5777 2 3 90 90 0 2478 208 207
5778 2 3 90 90 0 827 2482 2479
5779 2 3 90 90 0 2481 2477 2479
5780 2 3 90 90 0 2479 2482 2481
5781 2 3 90 90 0 894 893 2480
5782 2 3 90 90 0 2477 2480 892
5783 2 3 90 90 0 2482 12 208
5784 2 3 90 90 0 208 2481 2482
5785 2 3 90 90 0 2480 893 892
5786 2 3 90 90 0 205 896 2474
5787 2 3 90 90 0 827 12 2482
5788 2 3 90 90 0 2474 896 895
5789 2 3 90 90 0 2472 829 828
5790 2 3 90 90 0 206 205 2474
5791 2 3 90 90 0 895 2475 2474
5792 2 3 90 90 0 207 206 2473
5793 2 3 90 90 0 2475 895 894
5794 2 3 90 90 0 2480 2477 2481
5795 2 3 90 90 0 2481 2476 2480
5796 2 3 91 91 0 2483 2484 2485
5797 2 3 91 91 0 2486 2483 2485
5798 2 3 91 91 0 2485 2487 2486
5799 2 3 91 91 0 2488 2489 2490
5800 2 3 91 91 0 2489 2488 2491
5801 2 3 91 91 0 2490 901 2488
5802 2 3 91 91 0 2487 2492 905
5803 2 3 91 91 0 904 905 2492
5804 2 3 91 91 0 2493 2489 2494
5805 2 3 91 91 0 2491 2494 2489
5806 2 3 91 91 0 739 738 2493
5807 2 3 91 91 0 738 2489 2493
5808 2 3 91 91 0 2491 2488 2495
5809 2 3 91 91 0 2496 898 899
5810 2 3 91 91 0 2497 144 660
5811 2 3 91 91 0 2487 905 2497
5812 2 3 91 91 0 2493 2494 746
5813 2 3 91 91 0 2498 2499 2500
5814 2 3 91 91 0 2492 2501 2500
5815 2 3 91 91 0 2501 2498 2500
5816 2 3 91 91 0 2484 157 2498
5817 2 3 91 91 0 2501 2484 2498
5818 2 3 91 91 0 900 157 2484
5819 2 3 91 91 0 2486 2502 2496
5820 2 3 91 91 0 2496 2483 2486
5821 2 3 91 91 0 2496 899 2483
5822 2 3 91 91 0 2486 659 2502
5823 2 3 91 91 0 2494 747 746
5824 2 3 91 91 0 2499 2494 2491
5825 2 3 91 91 0 901 902 2488
5826 2 3 91 91 0 2494 2499 747
5827 2 3 91 91 0 898 2502 173
5828 2 3 91 91 0 2502 145 173
5829 2 3 91 91 0 739 2493 156
5830 2 3 91 91 0 2493 746 156
5831 2 3 91 91 0 2499 748 747
5832 2 3 91 91 0 2503 2492 2500
5833 2 3 91 91 0 2492 2503 904
5834 2 3 91 91 0 2487 2485 2492
5835 2 3 91 91 0 2501 2485 2484
5836 2 3 91 91 0 2492 2485 2501
5837 2 3 91 91 0 2500 2495 2503
5838 2 3 91 91 0 2495 2500 2491
5839 2 3 91 91 0 2503 2495 903
5840 2 3 91 91 0 2490 65 901
5841 2 3 91 91 0 737 65 2490
5842 2 3 91 91 0 2486 2487 2497
5843 2 3 91 91 0 2483 899 900
5844 2 3 91 91 0 900 2484 2483
5845 2 3 91 91 0 2497 660 2486
5846 2 3 91 91 0 660 659 2486
5847 2 3 91 91 0 2490 738 737
5848 2 3 91 91 0 2490 2489 738
5849 2 3 91 91 0 2499 2498 748
5850 2 3 91 91 0 2491 2500 2499
5851 2 3 91 91 0 903 904 2503
5852 2 3 91 91 0 2498 157 748
5853 2 3 91 91 0 902 903 2495
5854 2 3 91 91 0 902 2495 2488
5855 2 3 91 91 0 898 2496 2502
5856 2 3 91 91 0 659 145 2502
5857 2 3 91 91 0 905 144 2497
5858 2 3 92 92 0 626 2514 2525
5859 2 3 92 92 0 626 61 2514
5860 2 3 92 92 0 2506 626 2525
5861 2 3 92 92 0 419 2509 2518
5862 2 3 92 92 0 61 63 2514
5863 2 3 92 92 0 2507 2512 2519
5864 2 3 92 92 0 521 2507 2519
5865 2 3 92 92 0 2517 2520 2521
5866 2 3 92 92 0 2518 2509 2526
5867 2 3 92 92 0 2517 2521 2523
5868 2 3 92 92 0 68 521 2519
5869 2 3 92 92 0 519 81 420
5870 2 3 92 92 0 2508 2510 2513
5871 2 3 92 92 0 420 419 2518
5872 2 3 92 92 0 2508 388 2510
5873 2 3 92 92 0 387 67 2505
5874 2 3 92 92 0 2513 2516 2524
5875 2 3 92 92 0 2516 2517 2524
5876 2 3 92 92 0 2510 2511 2513
5877 2 3 92 92 0 519 420 2518
5878 2 3 92 92 0 417 7 2504
5879 2 3 92 92 0 2513 2511 2516
5880 2 3 92 92 0 2509 418 2515
5881 2 3 92 92 0 2507 2518 2526
5882 2 3 92 92 0 520 519 2518
5883 2 3 92 92 0 2515 2504 2516
5884 2 3 92 92 0 2513 2524 2525
5885 2 3 92 92 0 2505 67 2519
5886 2 3 92 92 0 2507 520 2518
5887 2 3 92 92 0 389 2508 2514
5888 2 3 92 92 0 2508 2513 2525
5889 2 3 92 92 0 63 389 2514
5890 2 3 92 92 0 2510 2505 2511
5891 2 3 92 92 0 389 388 2508
5892 2 3 92 92 0 2516 2504 2517
5893 2 3 92 92 0 419 418 2509
5894 2 3 92 92 0 388 387 2510
5895 2 3 92 92 0 2509 2515 2522
5896 2 3 92 92 0 387 2505 2510
5897 2 3 92 92 0 2512 2507 2526
5898 2 3 92 92 0 2511 2505 2512
5899 2 3 92 92 0 418 417 2515
5900 2 3 92 92 0 67 68 2519
5901 2 3 92 92 0 521 520 2507
5902 2 3 92 92 0 627 626 2506
5903 2 3 92 92 0 2512 2505 2519
5904 2 3 92 92 0 2515 2516 2522
5905 2 3 92 92 0 2509 2522 2526
5906 2 3 92 92 0 7 199 2520
5907 2 3 92 92 0 2516 2511 2522
5908 2 3 92 92 0 9 628 2521
5909 2 3 92 92 0 417 2504 2515
5910 2 3 92 92 0 2504 7 2520
5911 2 3 92 92 0 627 2506 2523
5912 2 3 92 92 0 2523 2506 2524
5913 2 3 92 92 0 2517 2504 2520
5914 2 3 92 92 0 2522 2512 2526
5915 2 3 92 92 0 2521 628 2523
5916 2 3 92 92 0 628 627 2523
5917 2 3 92 92 0 2511 2512 2522
5918 2 3 92 92 0 199 9 2521
5919 2 3 92 92 0 2514 2508 2525
5920 2 3 92 92 0 2520 199 2521
5921 2 3 92 92 0 2517 2523 2524
5922 2 3 92 92 0 2524 2506 2525
5923 2 3 93 93 0 2527 2528 2529
5924 2 3 93 93 0 2528 2530 2529
5925 2 3 93 93 0 2531 2530 2528
5926 2 3 93 93 0 2530 2531 19
5927 2 3 93 93 0 743 2530 19
5928 2 3 93 93 0 19 2531 236
5929 2 3 93 93 0 2530 2532 2529
5930 2 3 93 93 0 2533 826 825
5931 2 3 93 93 0 2529 2532 899
5932 2 3 93 93 0 742 157 900
5933 2 3 93 93 0 732 731 2534
5934 2 3 93 93 0 2533 2534 2527
5935 2 3 93 93 0 2527 2535 2533
5936 2 3 93 93 0 731 2536 2534
5937 2 3 93 93 0 2533 2535 826
5938 2 3 93 93 0 2534 2536 2527
5939 2 3 93 93 0 2537 2536 2538
5940 2 3 93 93 0 2531 2528 2537
5941 2 3 93 93 0 2528 2536 2537
5942 2 3 93 93 0 2529 2535 2527
5943 2 3 93 93 0 898 2535 2529
5944 2 3 93 93 0 2533 825 155
5945 2 3 93 93 0 732 2534 2533
5946 2 3 93 93 0 732 2533 155
5947 2 3 93 93 0 2532 742 900
5948 2 3 93 93 0 743 742 2532
5949 2 3 93 93 0 2531 2537 236
5950 2 3 93 93 0 2537 2538 237
5951 2 3 93 93 0 237 236 2537
5952 2 3 93 93 0 731 22 2538
5953 2 3 93 93 0 2528 2527 2536
5954 2 3 93 93 0 2529 899 898
5955 2 3 93 93 0 2538 22 237
5956 2 3 93 93 0 731 2538 2536
5957 2 3 93 93 0 2535 173 826
5958 2 3 93 93 0 898 173 2535
5959 2 3 93 93 0 2532 900 899
5960 2 3 93 93 0 2532 2530 743
5961 2 3 94 94 0 2539 2540 277
5962 2 3 94 94 0 2539 619 2540
5963 2 3 94 94 0 2541 2542 2543
5964 2 3 94 94 0 2542 279 2543
5965 2 3 94 94 0 619 2544 2540
5966 2 3 94 94 0 619 618 2544
5967 2 3 94 94 0 2543 2545 2541
5968 2 3 94 94 0 2545 552 2541
5969 2 3 94 94 0 277 276 2539
5970 2 3 94 94 0 2546 38 848
5971 2 3 94 94 0 276 38 2546
5972 2 3 94 94 0 2545 2544 118
5973 2 3 94 94 0 618 118 2544
5974 2 3 94 94 0 2547 2540 2544
5975 2 3 94 94 0 379 34 280
5976 2 3 94 94 0 278 277 2547
5977 2 3 94 94 0 2545 118 552
5978 2 3 94 94 0 2545 2543 2547
5979 2 3 94 94 0 2547 2544 2545
5980 2 3 94 94 0 379 2548 71
5981 2 3 94 94 0 278 2547 2543
5982 2 3 94 94 0 2543 279 278
5983 2 3 94 94 0 71 2548 551
5984 2 3 94 94 0 620 2546 134
5985 2 3 94 94 0 134 2546 848
5986 2 3 94 94 0 2539 620 619
5987 2 3 94 94 0 2540 2547 277
5988 2 3 94 94 0 552 551 2541
5989 2 3 94 94 0 2548 2542 551
5990 2 3 94 94 0 2548 379 280
5991 2 3 94 94 0 280 2542 2548
5992 2 3 94 94 0 620 2539 2546
5993 2 3 94 94 0 2546 2539 276
5994 2 3 94 94 0 2542 280 279
5995 2 3 94 94 0 2542 2541 551
5996 2 3 95 95 0 2549 2550 2551
5997 2 3 95 95 0 2550 880 2551
5998 2 3 95 95 0 2550 2552 881
5999 2 3 95 95 0 2550 881 880
6000 2 3 95 95 0 2553 2554 2555
6001 2 3 95 95 0 2554 2556 2555
6002 2 3 95 95 0 2555 2557 2553
6003 2 3 95 95 0 2557 794 2553
6004 2 3 95 95 0 2558 2559 2560
6005 2 3 95 95 0 2559 2561 2560
6006 2 3 95 95 0 2558 2560 2562
6007 2 3 95 95 0 2560 2563 2562
6008 2 3 95 95 0 2564 2565 2566
6009 2 3 95 95 0 2565 908 2566
6010 2 3 95 95 0 2563 2564 2567
6011 2 3 95 95 0 2567 2555 2563
6012 2 3 95 95 0 2550 2568 2552
6013 2 3 95 95 0 2569 2570 2554
6014 2 3 95 95 0 2571 760 2572
6015 2 3 95 95 0 2554 2570 2556
6016 2 3 95 95 0 2573 795 2574
6017 2 3 95 95 0 796 2573 170
6018 2 3 95 95 0 2573 906 170
6019 2 3 95 95 0 910 2572 159
6020 2 3 95 95 0 2572 759 159
6021 2 3 95 95 0 2570 2569 911
6022 2 3 95 95 0 2574 795 2557
6023 2 3 95 95 0 2557 795 794
6024 2 3 95 95 0 2568 2570 2552
6025 2 3 95 95 0 2552 2570 912
6026 2 3 95 95 0 2559 760 2571
6027 2 3 95 95 0 761 760 2559
6028 2 3 95 95 0 2551 763 2549
6029 2 3 95 95 0 2571 2572 2575
6030 2 3 95 95 0 910 2575 2572
6031 2 3 95 95 0 2575 910 909
6032 2 3 95 95 0 763 2576 2549
6033 2 3 95 95 0 2575 2561 2571
6034 2 3 95 95 0 2567 2566 2577
6035 2 3 95 95 0 2577 2566 907
6036 2 3 95 95 0 2577 2573 2574
6037 2 3 95 95 0 2573 2577 906
6038 2 3 95 95 0 907 906 2577
6039 2 3 95 95 0 2568 2550 2549
6040 2 3 95 95 0 2549 2578 2568
6041 2 3 95 95 0 763 762 2576
6042 2 3 95 95 0 2575 2565 2561
6043 2 3 95 95 0 909 2565 2575
6044 2 3 95 95 0 2576 2558 2578
6045 2 3 95 95 0 2556 2568 2578
6046 2 3 95 95 0 2574 2567 2577
6047 2 3 95 95 0 2578 2562 2556
6048 2 3 95 95 0 794 2569 2553
6049 2 3 95 95 0 2578 2549 2576
6050 2 3 95 95 0 2563 2556 2562
6051 2 3 95 95 0 2555 2556 2563
6052 2 3 95 95 0 2558 762 761
6053 2 3 95 95 0 911 912 2570
6054 2 3 95 95 0 2568 2556 2570
6055 2 3 95 95 0 2554 2553 2569
6056 2 3 95 95 0 2565 2564 2561
6057 2 3 95 95 0 2565 909 908
6058 2 3 95 95 0 880 161 2551
6059 2 3 95 95 0 2551 161 763
6060 2 3 95 95 0 2552 179 881
6061 2 3 95 95 0 2560 2564 2563
6062 2 3 95 95 0 912 179 2552
6063 2 3 95 95 0 2559 2558 761
6064 2 3 95 95 0 2559 2571 2561
6065 2 3 95 95 0 2567 2564 2566
6066 2 3 95 95 0 2573 796 795
6067 2 3 95 95 0 2561 2564 2560
6068 2 3 95 95 0 760 759 2572
6069 2 3 95 95 0 2569 171 911
6070 2 3 95 95 0 908 907 2566
6071 2 3 95 95 0 2567 2574 2557
6072 2 3 95 95 0 794 171 2569
6073 2 3 95 95 0 2557 2555 2567
6074 2 3 95 95 0 2562 2578 2558
6075 2 3 95 95 0 762 2558 2576
6076 2 3 96 96 0 2579 2580 2581
6077 2 3 96 96 0 2582 2583 2579
6078 2 3 96 96 0 2579 480 2580
6079 2 3 96 96 0 2580 152 2584
6080 2 3 96 96 0 2580 94 152
6081 2 3 96 96 0 2585 2586 2587
6082 2 3 96 96 0 2588 2589 2582
6083 2 3 96 96 0 2590 632 2589
6084 2 3 96 96 0 2591 2592 2593
6085 2 3 96 96 0 2591 877 2592
6086 2 3 96 96 0 2588 2582 2579
6087 2 3 96 96 0 2588 2585 2589
6088 2 3 96 96 0 2591 2593 2594
6089 2 3 96 96 0 2593 2585 2594
6090 2 3 96 96 0 2580 2584 2581
6091 2 3 96 96 0 2584 2595 2581
6092 2 3 96 96 0 2584 2596 2595
6093 2 3 96 96 0 2588 2594 2585
6094 2 3 96 96 0 2582 631 2583
6095 2 3 96 96 0 2590 2587 2597
6096 2 3 96 96 0 2590 2597 354
6097 2 3 96 96 0 355 354 2597
6098 2 3 96 96 0 2587 2590 2589
6099 2 3 96 96 0 2585 2587 2589
6100 2 3 96 96 0 2598 2596 2599
6101 2 3 96 96 0 2596 820 2599
6102 2 3 96 96 0 2600 2591 2594
6103 2 3 96 96 0 2592 877 876
6104 2 3 96 96 0 879 2599 162
6105 2 3 96 96 0 2599 819 162
6106 2 3 96 96 0 878 2591 2600
6107 2 3 96 96 0 2586 2601 2597
6108 2 3 96 96 0 356 355 2601
6109 2 3 96 96 0 480 94 2580
6110 2 3 96 96 0 2586 2597 2587
6111 2 3 96 96 0 355 2597 2601
6112 2 3 96 96 0 2592 2601 2586
6113 2 3 96 96 0 2601 2592 876
6114 2 3 96 96 0 876 59 2601
6115 2 3 96 96 0 2598 879 878
6116 2 3 96 96 0 2601 59 356
6117 2 3 96 96 0 820 2584 152
6118 2 3 96 96 0 2581 2595 2594
6119 2 3 96 96 0 2579 2581 2588
6120 2 3 96 96 0 2596 2584 820
6121 2 3 96 96 0 2596 2598 2595
6122 2 3 96 96 0 2588 2581 2594
6123 2 3 96 96 0 2579 481 480
6124 2 3 96 96 0 2586 2593 2592
6125 2 3 96 96 0 2591 878 877
6126 2 3 96 96 0 2590 60 632
6127 2 3 96 96 0 632 2582 2589
6128 2 3 96 96 0 2582 632 631
6129 2 3 96 96 0 354 60 2590
6130 2 3 96 96 0 2593 2586 2585
6131 2 3 96 96 0 2583 95 481
6132 2 3 96 96 0 2600 2598 878
6133 2 3 96 96 0 820 819 2599
6134 2 3 96 96 0 879 2598 2599
6135 2 3 96 96 0 2600 2594 2595
6136 2 3 96 96 0 2595 2598 2600
6137 2 3 96 96 0 481 2579 2583
6138 2 3 96 96 0 631 95 2583
6139 2 3 97 97 0 2602 2603 2604
6140 2 3 97 97 0 2602 2605 2603
6141 2 3 97 97 0 495 2606 2607
6142 2 3 97 97 0 2607 102 495
6143 2 3 97 97 0 2608 2609 2610
6144 2 3 97 97 0 2608 2611 2609
6145 2 3 97 97 0 649 102 2607
6146 2 3 97 97 0 2612 2613 2614
6147 2 3 97 97 0 2608 2610 2615
6148 2 3 97 97 0 2610 651 2615
6149 2 3 97 97 0 2616 2617 2618
6150 2 3 97 97 0 2617 2619 2618
6151 2 3 97 97 0 2617 2606 2620
6152 2 3 97 97 0 2617 2607 2606
6153 2 3 97 97 0 2615 2616 2618
6154 2 3 97 97 0 2615 650 2616
6155 2 3 97 97 0 2612 508 2613
6156 2 3 97 97 0 2621 812 2622
6157 2 3 97 97 0 2618 2614 2608
6158 2 3 97 97 0 2614 2618 2619
6159 2 3 97 97 0 2615 2618 2608
6160 2 3 97 97 0 812 811 2622
6161 2 3 97 97 0 2603 107 2604
6162 2 3 97 97 0 2621 2614 2613
6163 2 3 97 97 0 2611 2614 2621
6164 2 3 97 97 0 532 107 2603
6165 2 3 97 97 0 2612 2614 2619
6166 2 3 97 97 0 2602 2604 2619
6167 2 3 97 97 0 2619 2620 2602
6168 2 3 97 97 0 2623 2624 2625
6169 2 3 97 97 0 2624 718 2625
6170 2 3 97 97 0 2626 2625 2627
6171 2 3 97 97 0 495 494 2606
6172 2 3 97 97 0 2625 2626 2628
6173 2 3 97 97 0 2616 649 2607
6174 2 3 97 97 0 650 649 2616
6175 2 3 97 97 0 2604 2612 2619
6176 2 3 97 97 0 154 2624 90
6177 2 3 97 97 0 2624 809 90
6178 2 3 97 97 0 509 2612 2604
6179 2 3 97 97 0 2603 2605 532
6180 2 3 97 97 0 718 2627 2625
6181 2 3 97 97 0 717 2627 718
6182 2 3 97 97 0 2622 2628 2626
6183 2 3 97 97 0 811 2628 2622
6184 2 3 97 97 0 2617 2616 2607
6185 2 3 97 97 0 2629 2605 2602
6186 2 3 97 97 0 2605 493 101
6187 2 3 97 97 0 2629 493 2605
6188 2 3 97 97 0 2609 2627 2630
6189 2 3 97 97 0 2611 2627 2609
6190 2 3 97 97 0 2611 2626 2627
6191 2 3 97 97 0 717 2630 2627
6192 2 3 97 97 0 2604 107 509
6193 2 3 97 97 0 113 2605 101
6194 2 3 97 97 0 113 532 2605
6195 2 3 97 97 0 811 810 2628
6196 2 3 97 97 0 2628 2623 2625
6197 2 3 97 97 0 810 2623 2628
6198 2 3 97 97 0 2614 2611 2608
6199 2 3 97 97 0 2622 2626 2611
6200 2 3 97 97 0 2611 2621 2622
6201 2 3 97 97 0 2610 2630 651
6202 2 3 97 97 0 2630 141 651
6203 2 3 97 97 0 509 508 2612
6204 2 3 97 97 0 810 809 2623
6205 2 3 97 97 0 2630 2610 2609
6206 2 3 97 97 0 651 650 2615
6207 2 3 97 97 0 2613 812 2621
6208 2 3 97 97 0 494 493 2629
6209 2 3 97 97 0 494 2620 2606
6210 2 3 97 97 0 2602 2620 2629
6211 2 3 97 97 0 2629 2620 494
6212 2 3 97 97 0 2613 108 812
6213 2 3 97 97 0 2617 2620 2619
6214 2 3 97 97 0 508 108 2613
6215 2 3 97 97 0 2624 2623 809
6216 2 3 97 97 0 717 141 2630
6217 2 3 97 97 0 2624 154 718
6218 2 3 98 98 0 2636 2632 2646
6219 2 3 98 98 0 2636 2631 2645
6220 2 3 98 98 0 2632 2636 2645
6221 2 3 98 98 0 2639 2631 2654
6222 2 3 98 98 0 2631 2639 2650
6223 2 3 98 98 0 2631 2636 2654
6224 2 3 98 98 0 666 665 2639
6225 2 3 98 98 0 122 741 2640
6226 2 3 98 98 0 2635 2639 2654
6227 2 3 98 98 0 140 648 2641
6228 2 3 98 98 0 745 744 2658
6229 2 3 98 98 0 2637 745 2658
6230 2 3 98 98 0 2638 562 2655
6231 2 3 98 98 0 560 122 2640
6232 2 3 98 98 0 2639 665 2648
6233 2 3 98 98 0 2632 2641 2646
6234 2 3 98 98 0 745 2637 2652
6235 2 3 98 98 0 562 561 2655
6236 2 3 98 98 0 2640 741 2644
6237 2 3 98 98 0 560 2640 2657
6238 2 3 98 98 0 2644 740 2652
6239 2 3 98 98 0 2632 2637 2641
6240 2 3 98 98 0 2633 2639 2648
6241 2 3 98 98 0 2645 2631 2656
6242 2 3 98 98 0 2637 2644 2652
6243 2 3 98 98 0 2637 2632 2644
6244 2 3 98 98 0 663 564 2642
6245 2 3 98 98 0 562 2638 2647
6246 2 3 98 98 0 664 663 2642
6247 2 3 98 98 0 2632 2640 2644
6248 2 3 98 98 0 2638 2633 2647
6249 2 3 98 98 0 741 740 2644
6250 2 3 98 98 0 2633 2638 2650
6251 2 3 98 98 0 2655 561 2657
6252 2 3 98 98 0 140 2641 2658
6253 2 3 98 98 0 561 560 2657
6254 2 3 98 98 0 2639 2635 2651
6255 2 3 98 98 0 666 2639 2651
6256 2 3 98 98 0 663 92 564
6257 2 3 98 98 0 2640 2632 2660
6258 2 3 98 98 0 564 563 2642
6259 2 3 98 98 0 648 647 2646
6260 2 3 98 98 0 2641 648 2646
6261 2 3 98 98 0 2639 2633 2650
6262 2 3 98 98 0 744 140 2658
6263 2 3 98 98 0 2636 2643 2654
6264 2 3 98 98 0 2633 2642 2647
6265 2 3 98 98 0 2650 2638 2656
6266 2 3 98 98 0 2641 2637 2658
6267 2 3 98 98 0 2642 563 2647
6268 2 3 98 98 0 740 156 2652
6269 2 3 98 98 0 2631 2650 2656
6270 2 3 98 98 0 647 646 2659
6271 2 3 98 98 0 664 2642 2648
6272 2 3 98 98 0 2646 647 2659
6273 2 3 98 98 0 156 745 2652
6274 2 3 98 98 0 646 2643 2659
6275 2 3 98 98 0 139 667 2649
6276 2 3 98 98 0 645 139 2649
6277 2 3 98 98 0 2642 2633 2648
6278 2 3 98 98 0 2634 2645 2656
6279 2 3 98 98 0 563 562 2647
6280 2 3 98 98 0 665 664 2648
6281 2 3 98 98 0 667 666 2651
6282 2 3 98 98 0 646 645 2653
6283 2 3 98 98 0 2643 646 2653
6284 2 3 98 98 0 2635 2643 2653
6285 2 3 98 98 0 2643 2635 2654
6286 2 3 98 98 0 2643 2636 2659
6287 2 3 98 98 0 2636 2646 2659
6288 2 3 98 98 0 2657 2640 2660
6289 2 3 98 98 0 2634 2657 2660
6290 2 3 98 98 0 2634 2655 2657
6291 2 3 98 98 0 2635 2649 2651
6292 2 3 98 98 0 2649 667 2651
6293 2 3 98 98 0 2655 2634 2656
6294 2 3 98 98 0 2638 2655 2656
6295 2 3 98 98 0 645 2649 2653
6296 2 3 98 98 0 2649 2635 2653
6297 2 3 98 98 0 2632 2645 2660
6298 2 3 98 98 0 2645 2634 2660
6299 2 3 99 99 0 2669 2674 2675
6300 2 3 99 99 0 915 914 2667
6301 2 3 99 99 0 2663 915 2667
6302 2 3 99 99 0 175 861 2664
6303 2 3 99 99 0 917 2665 2672
6304 2 3 99 99 0 2669 2665 2674
6305 2 3 99 99 0 2674 2663 2675
6306 2 3 99 99 0 2665 917 2674
6307 2 3 99 99 0 914 2666 2667
6308 2 3 99 99 0 2663 2667 2675
6309 2 3 99 99 0 857 177 918
6310 2 3 99 99 0 783 168 2671
6311 2 3 99 99 0 2667 2668 2675
6312 2 3 99 99 0 913 786 2666
6313 2 3 99 99 0 914 913 2666
6314 2 3 99 99 0 913 167 786
6315 2 3 99 99 0 785 2662 2666
6316 2 3 99 99 0 786 785 2666
6317 2 3 99 99 0 2668 2661 2675
6318 2 3 99 99 0 2666 2662 2667
6319 2 3 99 99 0 2664 861 2676
6320 2 3 99 99 0 2667 2662 2668
6321 2 3 99 99 0 916 915 2663
6322 2 3 99 99 0 861 860 2661
6323 2 3 99 99 0 785 784 2662
6324 2 3 99 99 0 860 859 2669
6325 2 3 99 99 0 2661 860 2669
6326 2 3 99 99 0 859 858 2665
6327 2 3 99 99 0 2661 2669 2675
6328 2 3 99 99 0 859 2665 2669
6329 2 3 99 99 0 2668 2662 2670
6330 2 3 99 99 0 2662 784 2670
6331 2 3 99 99 0 784 783 2670
6332 2 3 99 99 0 918 917 2672
6333 2 3 99 99 0 783 2671 2673
6334 2 3 99 99 0 2661 2668 2677
6335 2 3 99 99 0 2665 858 2672
6336 2 3 99 99 0 858 857 2672
6337 2 3 99 99 0 2670 783 2673
6338 2 3 99 99 0 917 916 2674
6339 2 3 99 99 0 857 918 2672
6340 2 3 99 99 0 838 175 2664
6341 2 3 99 99 0 168 838 2671
6342 2 3 99 99 0 861 2661 2676
6343 2 3 99 99 0 916 2663 2674
6344 2 3 99 99 0 838 2664 2671
6345 2 3 99 99 0 2668 2670 2677
6346 2 3 99 99 0 2671 2664 2673
6347 2 3 99 99 0 2673 2664 2676
6348 2 3 99 99 0 2673 2676 2677
6349 2 3 99 99 0 2670 2673 2677
6350 2 3 99 99 0 2676 2661 2677
6351 2 3 100 100 0 2678 2679 2680
6352 2 3 100 100 0 2681 2680 2679
6353 2 3 100 100 0 2678 662 2679
6354 2 3 100 100 0 2682 2683 2684
6355 2 3 100 100 0 2685 2683 2680
6356 2 3 100 100 0 2685 2686 2683
6357 2 3 100 100 0 2686 2684 2683
6358 2 3 100 100 0 2687 2688 2689
6359 2 3 100 100 0 2690 2687 2689
6360 2 3 100 100 0 2688 875 2689
6361 2 3 100 100 0 2691 2692 179
6362 2 3 100 100 0 2692 2691 2693
6363 2 3 100 100 0 2679 905 2681
6364 2 3 100 100 0 2679 144 905
6365 2 3 100 100 0 661 144 2679
6366 2 3 100 100 0 2694 2690 2695
6367 2 3 100 100 0 2680 2696 2678
6368 2 3 100 100 0 2680 2683 2696
6369 2 3 100 100 0 2694 902 2690
6370 2 3 100 100 0 2696 2693 2697
6371 2 3 100 100 0 143 2696 2697
6372 2 3 100 100 0 2686 2695 2698
6373 2 3 100 100 0 2698 2684 2686
6374 2 3 100 100 0 873 2684 2698
6375 2 3 100 100 0 2687 2699 2688
6376 2 3 100 100 0 2687 901 2699
6377 2 3 100 100 0 904 2700 2681
6378 2 3 100 100 0 2681 905 904
6379 2 3 100 100 0 2692 2682 872
6380 2 3 100 100 0 872 871 2692
6381 2 3 100 100 0 2692 2693 2682
6382 2 3 100 100 0 2683 2693 2696
6383 2 3 100 100 0 2691 912 911
6384 2 3 100 100 0 2682 2693 2683
6385 2 3 100 100 0 2690 902 2687
6386 2 3 100 100 0 2695 2689 2698
6387 2 3 100 100 0 360 2699 65
6388 2 3 100 100 0 2699 901 65
6389 2 3 100 100 0 2689 874 2698
6390 2 3 100 100 0 2693 2701 2697
6391 2 3 100 100 0 2689 875 874
6392 2 3 100 100 0 2701 793 2697
6393 2 3 100 100 0 2689 2695 2690
6394 2 3 100 100 0 912 2691 179
6395 2 3 100 100 0 2701 2691 911
6396 2 3 100 100 0 2701 2693 2691
6397 2 3 100 100 0 2695 2700 2694
6398 2 3 100 100 0 2700 2695 2686
6399 2 3 100 100 0 903 902 2694
6400 2 3 100 100 0 2681 2700 2685
6401 2 3 100 100 0 2685 2680 2681
6402 2 3 100 100 0 2698 874 873
6403 2 3 100 100 0 2685 2700 2686
6404 2 3 100 100 0 2697 793 143
6405 2 3 100 100 0 2678 143 662
6406 2 3 100 100 0 2688 64 875
6407 2 3 100 100 0 2682 2684 872
6408 2 3 100 100 0 143 2678 2696
6409 2 3 100 100 0 2684 873 872
6410 2 3 100 100 0 904 903 2694
6411 2 3 100 100 0 902 901 2687
6412 2 3 100 100 0 2694 2700 904
6413 2 3 100 100 0 64 2688 2699
6414 2 3 100 100 0 2699 360 64
6415 2 3 100 100 0 662 661 2679
6416 2 3 100 100 0 2701 171 793
6417 2 3 100 100 0 911 171 2701
6418 2 3 100 100 0 2692 871 179
$EndElements
$NSets
8
y0
47
1
4
73
75
114
116
149
166
167
176
177
178
180
181
182
183
184
392
441
442
443
444
541
542
543
544
545
685
777
813
814
815
816
817
849
867
868
869
870
888
889
913
914
915
916
917
918
x1
45
39
41
49
51
69
87
114
115
132
153
172
281
282
283
284
285
286
287
319
377
378
446
447
448
449
450
451
538
539
540
608
609
610
611
612
716
724
725
726
727
728
801
802
839
840
y1
45
10
14
17
82
85
123
136
172
174
214
215
216
217
424
425
426
427
428
429
430
431
578
579
580
633
634
635
636
701
702
703
803
804
805
806
807
808
890
891
892
893
894
895
896
897
x0
45
28
31
123
124
159
169
170
178
250
251
252
253
569
570
571
572
573
574
575
576
577
787
788
789
790
821
822
823
824
862
863
864
865
866
882
883
884
885
886
887
906
907
908
909
910
x0y0
1
178
x1y0
1
114
x1y1
1
172
x0y1
1
123
$EndNSets
$PhysicalNames
557
0 1 "ver1"
0 2 "ver2"
0 3 "ver3"
0 4 "ver4"
0 5 "ver5"
0 6 "ver6"
0 7 "ver7"
0 8 "ver8"
0 9 "ver9"
0 10 "ver10"
0 11 "ver11"
0 12 "ver12"
0 13 "ver13"
0 14 "ver14"
0 15 "ver15"
0 16 "ver16"
0 17 "ver17"
0 18 "ver18"
0 19 "ver19"
0 20 "ver20"
0 21 "ver21"
0 22 "ver22"
0 23 "ver23"
0 24 "ver24"
0 25 "ver25"
0 26 "ver26"
0 27 "ver27"
0 28 "ver28"
0 29 "ver29"
0 30 "ver30"
0 31 "ver31"
0 32 "ver32"
0 33 "ver33"
0 34 "ver34"
0 35 "ver35"
0 36 "ver36"
0 37 "ver37"
0 38 "ver38"
0 39 "ver39"
0 40 "ver40"
0 41 "ver41"
0 42 "ver42"
0 43 "ver43"
0 44 "ver44"
0 45 "ver45"
0 46 "ver46"
0 47 "ver47"
0 48 "ver48"
0 49 "ver49"
0 50 "ver50"
0 51 "ver51"
0 52 "ver52"
0 53 "ver53"
0 54 "ver54"
0 55 "ver55"
0 56 "ver56"
0 57 "ver57"
0 58 "ver58"
0 59 "ver59"
0 60 "ver60"
0 61 "ver61"
0 62 "ver62"
0 63 "ver63"
0 64 "ver64"
0 65 "ver65"
0 66 "ver66"
0 67 "ver67"
0 68 "ver68"
0 69 "ver69"
0 70 "ver70"
0 71 "ver71"
0 72 "ver72"
0 73 "ver73"
0 74 "ver74"
0 75 "ver75"
0 76 "ver76"
0 77 "ver77"
0 78 "ver78"
0 79 "ver79"
0 80 "ver80"
0 81 "ver81"
0 82 "ver82"
0 83 "ver83"
0 84 "ver84"
0 85 "ver85"
0 86 "ver86"
0 87 "ver87"
0 88 "ver88"
0 89 "ver89"
0 90 "ver90"
0 91 "ver91"
0 92 "ver92"
0 93 "ver93"
0 94 "ver94"
0 95 "ver95"
0 96 "ver96"
0 97 "ver97"
0 98 "ver98"
0 99 "ver99"
0 100 "ver100"
0 101 "ver101"
0 102 "ver102"
0 103 "ver103"
0 104 "ver104"
0 105 "ver105"
0 106 "ver106"
0 107 "ver107"
0 108 "ver108"
0 109 "ver109"
0 110 "ver110"
0 111 "ver111"
0 112 "ver112"
0 113 "ver113"
0 114 "ver114"
0 115 "ver115"
0 116 "ver116"
0 117 "ver117"
0 118 "ver118"
0 119 "ver119"
0 120 "ver120"
0 121 "ver121"
0 122 "ver122"
0 123 "ver123"
0 124 "ver124"
0 125 "ver125"
0 126 "ver126"
0 127 "ver127"
0 128 "ver128"
0 129 "ver129"
0 130 "ver130"
0 131 "ver131"
0 132 "ver132"
0 133 "ver133"
0 134 "ver134"
0 135 "ver135"
0 136 "ver136"
0 137 "ver137"
0 138 "ver138"
0 139 "ver139"
0 140 "ver140"
0 141 "ver141"
0 142 "ver142"
0 143 "ver143"
0 144 "ver144"
0 145 "ver145"
0 146 "ver146"
0 147 "ver147"
0 148 "ver148"
0 149 "ver149"
0 150 "ver150"
0 151 "ver151"
0 152 "ver152"
0 153 "ver153"
0 154 "ver154"
0 155 "ver155"
0 156 "ver156"
0 157 "ver157"
0 158 "ver158"
0 159 "ver159"
0 160 "ver160"
0 161 "ver161"
0 162 "ver162"
0 163 "ver163"
0 164 "ver164"
0 165 "ver165"
0 166 "ver166"
0 167 "ver167"
0 168 "ver168"
0 169 "ver169"
0 170 "ver170"
0 171 "ver171"
0 172 "ver172"
0 173 "ver173"
0 174 "ver174"
0 175 "ver175"
0 176 "ver176"
0 177 "ver177"
0 178 "ver178"
0 179 "ver179"
1 1 "edge1"
1 2 "edge2"
1 3 "edge3"
1 4 "edge4"
1 5 "edge5"
1 6 "edge6"
1 7 "edge7"
1 8 "edge8"
1 9 "edge9"
1 10 "edge10"
1 11 "edge11"
1 12 "edge12"
1 13 "edge13"
1 14 "edge14"
1 15 "edge15"
1 16 "edge16"
1 17 "edge17"
1 18 "edge18"
1 19 "edge19"
1 20 "edge20"
1 21 "edge21"
1 22 "edge22"
1 23 "edge23"
1 24 "edge24"
1 25 "edge25"
1 26 "edge26"
1 27 "edge27"
1 28 "edge28"
1 29 "edge29"
1 30 "edge30"
1 31 "edge31"
1 32 "edge32"
1 33 "edge33"
1 34 "edge34"
1 35 "edge35"
1 36 "edge36"
1 37 "edge37"
1 38 "edge38"
1 39 "edge39"
1 40 "edge40"
1 41 "edge41"
1 42 "edge42"
1 43 "edge43"
1 44 "edge44"
1 45 "edge45"
1 46 "edge46"
1 47 "edge47"
1 48 "edge48"
1 49 "edge49"
1 50 "edge50"
1 51 "edge51"
1 52 "edge52"
1 53 "edge53"
1 54 "edge54"
1 55 "edge55"
1 56 "edge56"
1 57 "edge57"
1 58 "edge58"
1 59 "edge59"
1 60 "edge60"
1 61 "edge61"
1 62 "edge62"
1 63 "edge63"
1 64 "edge64"
1 65 "edge65"
1 66 "edge66"
1 67 "edge67"
1 68 "edge68"
1 69 "edge69"
1 70 "edge70"
1 71 "edge71"
1 72 "edge72"
1 73 "edge73"
1 74 "edge74"
1 75 "edge75"
1 76 "edge76"
1 77 "edge77"
1 78 "edge78"
1 79 "edge79"
1 80 "edge80"
1 81 "edge81"
1 82 "edge82"
1 83 "edge83"
1 84 "edge84"
1 85 "edge85"
1 86 "edge86"
1 87 "edge87"
1 88 "edge88"
1 89 "edge89"
1 90 "edge90"
1 91 "edge91"
1 92 "edge92"
1 93 "edge93"
1 94 "edge94"
1 95 "edge95"
1 96 "edge96"
1 97 "edge97"
1 98 "edge98"
1 99 "edge99"
1 100 "edge100"
1 101 "edge101"
1 102 "edge102"
1 103 "edge103"
1 104 "edge104"
1 105 "edge105"
1 106 "edge106"
1 107 "edge107"
1 108 "edge108"
1 109 "edge109"
1 110 "edge110"
1 111 "edge111"
1 112 "edge112"
1 113 "edge113"
1 114 "edge114"
1 115 "edge115"
1 116 "edge116"
1 117 "edge117"
1 118 "edge118"
1 119 "edge119"
1 120 "edge120"
1 121 "edge121"
1 122 "edge122"
1 123 "edge123"
1 124 "edge124"
1 125 "edge125"
1 126 "edge126"
1 127 "edge127"
1 128 "edge128"
1 129 "edge129"
1 130 "edge130"
1 131 "edge131"
1 132 "edge132"
1 133 "edge133"
1 134 "edge134"
1 135 "edge135"
1 136 "edge136"
1 137 "edge137"
1 138 "edge138"
1 139 "edge139"
1 140 "edge140"
1 141 "edge141"
1 142 "edge142"
1 143 "edge143"
1 144 "edge144"
1 145 "edge145"
1 146 "edge146"
1 147 "edge147"
1 148 "edge148"
1 149 "edge149"
1 150 "edge150"
1 151 "edge151"
1 152 "edge152"
1 153 "edge153"
1 154 "edge154"
1 155 "edge155"
1 156 "edge156"
1 157 "edge157"
1 158 "edge158"
1 159 "edge159"
1 160 "edge160"
1 161 "edge161"
1 162 "edge162"
1 163 "edge163"
1 164 "edge164"
1 165 "edge165"
1 166 "edge166"
1 167 "edge167"
1 168 "edge168"
1 169 "edge169"
1 170 "edge170"
1 171 "edge171"
1 172 "edge172"
1 173 "edge173"
1 174 "edge174"
1 175 "edge175"
1 176 "edge176"
1 177 "edge177"
1 178 "edge178"
1 179 "edge179"
1 180 "edge180"
1 181 "edge181"
1 182 "edge182"
1 183 "edge183"
1 184 "edge184"
1 185 "edge185"
1 186 "edge186"
1 187 "edge187"
1 188 "edge188"
1 189 "edge189"
1 190 "edge190"
1 191 "edge191"
1 192 "edge192"
1 193 "edge193"
1 194 "edge194"
1 195 "edge195"
1 196 "edge196"
1 197 "edge197"
1 198 "edge198"
1 199 "edge199"
1 200 "edge200"
1 201 "edge201"
1 202 "edge202"
1 203 "edge203"
1 204 "edge204"
1 205 "edge205"
1 206 "edge206"
1 207 "edge207"
1 208 "edge208"
1 209 "edge209"
1 210 "edge210"
1 211 "edge211"
1 212 "edge212"
1 213 "edge213"
1 214 "edge214"
1 215 "edge215"
1 216 "edge216"
1 217 "edge217"
1 218 "edge218"
1 219 "edge219"
1 220 "edge220"
1 221 "edge221"
1 222 "edge222"
1 223 "edge223"
1 224 "edge224"
1 225 "edge225"
1 226 "edge226"
1 227 "edge227"
1 228 "edge228"
1 229 "edge229"
1 230 "edge230"
1 231 "edge231"
1 232 "edge232"
1 233 "edge233"
1 234 "edge234"
1 235 "edge235"
1 236 "edge236"
1 237 "edge237"
1 238 "edge238"
1 239 "edge239"
1 240 "edge240"
1 241 "edge241"
1 242 "edge242"
1 243 "edge243"
1 244 "edge244"
1 245 "edge245"
1 246 "edge246"
1 247 "edge247"
1 248 "edge248"
1 249 "edge249"
1 250 "edge250"
1 251 "edge251"
1 252 "edge252"
1 253 "edge253"
1 254 "edge254"
1 255 "edge255"
1 256 "edge256"
1 257 "edge257"
1 258 "edge258"
1 259 "edge259"
1 260 "edge260"
1 261 "edge261"
1 262 "edge262"
1 263 "edge263"
1 264 "edge264"
1 265 "edge265"
1 266 "edge266"
1 267 "edge267"
1 268 "edge268"
1 269 "edge269"
1 270 "edge270"
1 271 "edge271"
1 272 "edge272"
1 273 "edge273"
1 274 "edge274"
1 275 "edge275"
1 276 "edge276"
1 277 "edge277"
1 278 "edge278"
2 1 "face1"
2 2 "face2"
2 3 "face3"
2 4 "face4"
2 5 "face5"
2 6 "face6"
2 7 "face7"
2 8 "face8"
2 9 "face9"
2 10 "face10"
2 11 "face11"
2 12 "face12"
2 13 "face13"
2 14 "face14"
2 15 "face15"
2 16 "face16"
2 17 "face17"
2 18 "face18"
2 19 "face19"
2 20 "face20"
2 21 "face21"
2 22 "face22"
2 23 "face23"
2 24 "face24"
2 25 "face25"
2 26 "face26"
2 27 "face27"
2 28 "face28"
2 29 "face29"
2 30 "face30"
2 31 "face31"
2 32 "face32"
2 33 "face33"
2 34 "face34"
2 35 "face35"
2 36 "face36"
2 37 "face37"
2 38 "face38"
2 39 "face39"
2 40 "face40"
2 41 "face41"
2 42 "face42"
2 43 "face43"
2 44 "face44"
2 45 "face45"
2 46 "face46"
2 47 "face47"
2 48 "face48"
2 49 "face49"
2 50 "face50"
2 51 "face51"
2 52 "face52"
2 53 "face53"
2 54 "face54"
2 55 "face55"
2 56 "face56"
2 57 "face57"
2 58 "face58"
2 59 "face59"
2 60 "face60"
2 61 "face61"
2 62 "face62"
2 63 "face63"
2 64 "face64"
2 65 "face65"
2 66 "face66"
2 67 "face67"
2 68 "face68"
2 69 "face69"
2 70 "face70"
2 71 "face71"
2 72 "face72"
2 73 "face73"
2 74 "face74"
2 75 "face75"
2 76 "face76"
2 77 "face77"
2 78 "face78"
2 79 "face79"
2 80 "face80"
2 81 "face81"
2 82 "face82"
2 83 "face83"
2 84 "face84"
2 85 "face85"
2 86 "face86"
2 87 "face87"
2 88 "face88"
2 89 "face89"
2 90 "face90"
2 91 "face91"
2 92 "face92"
2 93 "face93"
2 94 "face94"
2 95 "face95"
2 96 "face96"
2 97 "face97"
2 98 "face98"
2 99 "face99"
2 100 "face100"
$EndPhysicalNames
$ElsetCrySym
triclinic
$EndElsetCrySym
$ElsetOrientations
100 rodrigues:passive
1    0.919953402851    1.412193625247   -0.358468593221
2   -1.381019825878    0.030115972514   -3.318384436434
3    0.540501980937   -0.787561454202   -0.735523888182
4   -2.005448934444    0.199749071961   -1.999283218069
5    5.163148738562   14.893183177083    5.316486583072
6    1.919036671923   -0.744035465279    0.303477757891
7   -0.581246451853   -2.835847764762    0.780360761158
8   -2.211174665124    0.445317073444    0.934247527182
9   -2.194677973955   -0.312638828364   -0.439479476190
10    1.153229166270   -1.695620636026    0.825414393959
11    0.796884762601   -1.107754784685   -1.483474260840
12   78.435636913937  -30.176004069002   -9.253401342930
13   -1.304041896707   -3.047214076507    0.684663836131
14   -0.211548636607    1.062524060254    0.862383255887
15   -1.573550365172    2.888202836356    0.218919009137
16   -0.045560551339   -0.625794184664   -0.174128973161
17   -0.099417496225   -0.766210345912    0.215529293255
18  -43.003356751122   24.916664320168   24.747633153903
19   -5.136813222250    0.667237155343   18.187818081829
20  -10.710376617792   -0.118087188367    1.384730917780
21    2.707865688288   -5.177550780736    2.544419694732
22    8.395339772700    0.090554077824    0.324248082969
23    0.516526524826    1.758780419996    0.271794853607
24   -0.303237524060    0.381906939590    0.146135711596
25    3.822880233752   42.914853377006   45.250978841038
26    0.173026070437   -2.055114502338   -2.289734360679
27   -0.380739142319   -0.207844350287   -0.380519326682
28   -0.441221083331   -0.063419814508   -0.186701637778
29    0.121121308319    0.724450166599   -0.532108325409
30   -0.541299181401    1.225174506320   -0.237310577436
31    1.722011381650    0.740479394396    0.985952317161
32    1.561528603720    0.629015887552    1.058302591958
33    0.942813727566    0.700893342238   -1.415407362487
34    0.441051814378   -1.165662606147    1.948100778159
35   -1.211917121371   -1.839852310043    0.232746122328
36   -2.826099182604    1.839174593983    2.332140739700
37    1.148203713428   -5.651246656537    1.779338260974
38    1.102701128938   -0.472193246081    0.507092080293
39    1.392323671791    0.511537428815   -4.337234883285
40   -0.342642890802   -2.849556487783   -0.839868770163
41    3.286048274178    0.338112665036   -3.718657279080
42    4.414069806417   -3.903809720749    1.427393861845
43   -5.935432044113    4.004360322754    5.444003127152
44    0.785584937634    0.633643474063    0.870030232046
45   -5.400309547306   -0.893472081093   -9.015060361523
46   -0.463902521092   -0.139367624582   -1.754056347734
47   -1.003337878360    0.265380849757    0.066333290079
48   -7.642953383753   61.409286539401   -3.302032578878
49    4.095143487210   -0.115643882841  -12.360136909191
50    4.003145160961   -2.761912183873   -5.870308228000
51    2.760494514524    0.737683643000    0.196166889231
52    7.844540184644    2.168839920543    2.593106205246
53    1.186654976498   -0.389322472862   -0.070662279873
54    2.194827049450   -0.408028176978   -0.798116409734
55    0.697870627239    1.931999267655    9.215004329978
56   -1.236175783780    0.201036850368   -0.863286628305
57    6.608899001893    0.777692029924   -5.298836408863
58    0.563086937331   -1.536533060325    0.556087137697
59   -0.715261570597   -0.871745764454    1.479646612200
60   -0.902184544779    5.485962969533    0.506035637218
61   -0.512739243429    1.137638952584    0.571404014187
62   -0.490870735882    2.074977726536    1.604800370098
63   -0.443060541603    0.371242554733    1.025691994192
64    1.273914140478   -3.821762169823    8.978355043172
65   -0.703092214649   -1.251799009336   -0.813008048133
66   -0.201726181071   -0.166353466222   -1.005516587144
67    0.447513655190   -2.026232206312   -0.856866904707
68    6.911270543636   -3.280858436286    0.919699226293
69   -3.351070748176   -0.705611729955   -4.134052475999
70   -2.908899542676   -0.598001873334   -0.804648818280
71   -0.380966447570    1.041333890168    0.144031677952
72    1.531200106354    0.994660868308   -0.093612880063
73    6.273032950389    0.919390972685    1.520567153649
74    0.465033462411   -0.204495531998    0.654042464434
75    1.234510821924   -0.815228491285    0.213331640039
76   -0.982292608636    0.962500324873    0.524494525759
77    2.776084980633    1.631284501477   -0.833385181373
78    0.121511061196   -0.289338629027    0.595188675348
79   -1.067725422162    1.619001191501    1.094673033383
80    0.453026697365   -0.832964245064    0.376678679507
81   -1.313543639692    1.829071212286    1.479573505441
82   -0.177489765923   -0.912549482677    0.709669228115
83   -0.773707646340    0.313355026014   -0.738122310492
84   15.722203298921    4.550167053243   -4.559610242471
85  -37.930974868511  -36.875887033278   -5.225828831899
86    0.169520868324    0.260009267996   -0.263312764914
87   -0.585092800335   -0.843556510229   -0.668463487668
88    0.892374032954    1.655996577046    1.278805872396
89    0.127589317503    4.126918969833    3.635352908305
90   -1.158137208787    0.726803007207   -0.606067644392
91    4.485179751751    1.459495645632   -0.457608816695
92    0.405488631307    0.379707858414   -0.472107014543
93   -3.273429448955    1.988304595343    0.214289214012
94    1.939240489259    0.708101471752   -0.677933377035
95    9.384562966740   -5.178800477954   14.546811953491
96   -3.279275938896   -3.987929930702   -4.412701863362
97    0.194632997028    1.312293729227   -2.880256263224
98    0.334287119091    1.825629000823   -0.128968595063
99    8.990910210797   -9.314976990324   19.403909631169
100   -0.550201722439    0.518219922429   -0.033000373243
$EndElsetOrientations
